probe_id,cc,asn,lon,lat
483,,23910,,
483,,4538,,
1008,,4134,,
3370,,4134,,
3386,,24400,,
3386,,24400,,
11700,,4812,,
14000,,4134,,
14000,,23910,,
14513,,4134,,
14516,,4134,,
14584,,4837,,
14584,,4837,,
15454,,23910,,
15454,,17816,,
15504,,4134,,
15504,,23910,,
16261,,23910,,
16524,,4812,,
16562,,4812,,
18332,,56040,,
18876,,17623,,
18881,,4134,,
20645,,4837,,
21089,,4812,,
21173,,4812,,
22381,,4808,,
22381,,17964,,
22387,,17964,,
22387,,4808,,
22534,,4808,,
22534,,45275,,
23020,,4809,,
23691,,4847,,
23707,,4847,,
23846,,4134,,
23846,,4134,,
23851,,4812,,
23874,,4812,,
23949,,17621,,
23949,,23910,,
23954,,4812,,
23954,,4812,,
23965,,4812,,
24176,,4812,,
24978,,56046,,
25158,,17622,,
26006,,17622,,
26437,,4812,,
26539,,4134,,
26541,,4134,,
26542,,4134,,
29031,,4134,,
29098,,4808,,
29151,,56046,,
30255,,9808,,
31223,,24372,,
31435,,4134,,
32388,,4134,,
32583,,23910,,
33110,,205532,,
33488,,9808,,
34249,,24547,,
34279,,4837,,
34308,,4837,,
34559,,205152,,
34903,,17622,,
34903,,17622,,
35135,,4134,,
35704,,9808,,
50166,,4134,,
51162,,9808,,
51162,,9808,,
51371,,4812,,
51371,,4812,,
52107,,17962,,
52358,,4538,,
52662,,4134,,
54725,,56040,,
54725,,9808,,
54815,,4134,,
54983,,4847,,
55328,,4134,,
55328,,4134,,
60222,,141771,,
60519,,4837,,
60519,,4837,,
61553,,4837,,
61553,,4837,,
61815,,205532,,
62033,,4808,,
62897,,17623,,
62897,,17623,,
63018,,4812,,
63067,,9808,,
64679,,4837,,
64679,,4837,,
64826,,56048,,
64826,,56048,,
1000353,,45090,,
1000462,,17623,,
1000705,,55960,,
1000705,,55960,,
1000706,,135629,,
1000706,,135629,,
1000829,,135395,,
1000831,,4837,,
1000833,,4809,,
1000834,,135395,,
1000848,,4134,,
1001082,,4134,,
1001082,,4809,,
1001494,,132203,,
1001514,,4134,,
1001576,,45090,,
1002087,,4808,,
1002427,,134773,,
1002428,,134773,,
1002431,,4538,,
1002515,,56048,,
1002795,,45090,,
1002835,,45090,,
1002836,,45090,,
1002837,,132203,,
1002839,,45090,,
1002840,,132203,,
1002957,,9808,,
1002957,,9808,,
1003167,,45102,,
1003241,,45102,,
1003243,,45102,,
1003352,,4538,,
1003353,,4538,,
1003426,,4538,,
1003540,,37963,,
1003540,,37963,,
1003549,,4808,,
1003577,,4134,,
1003578,,45090,,
1003580,,37963,,
1003617,,37963,,
1003715,,45090,,
1003721,,132203,,
1003931,,45090,,
1003932,,56040,,
1003933,,132203,,
1003934,,56040,,
1003935,,45090,,
1003936,,45090,,
1003978,,37963,,
1003982,,4134,,
1004084,,23910,,
1004176,,45090,,
1004177,,23910,,
1004259,,56048,,
1004263,,132203,,
1004264,,132203,,
1004267,,132203,,
1004275,,132203,,
1004277,,132203,,
1004288,,132203,,
1004290,,132203,,
1004291,,132203,,
1004292,,132203,,
1004293,,132203,,
1004294,,132203,,
1004295,,132203,,
1004306,,132203,,
1004307,,132203,,
1004308,,132203,,
1004309,,132203,,
1004310,,132203,,
1004311,,132203,,
1004312,,132203,,
1004313,,132203,,
1004314,,132203,,
1004315,,132203,,
1004316,,132203,,
1004317,,132203,,
1004318,,45090,,
1004319,,45090,,
1004320,,45090,,
1004321,,45090,,
1004322,,45090,,
1004323,,45090,,
1004324,,45090,,
1004325,,45090,,
1004326,,45090,,
1004327,,45090,,
1004328,,45090,,
1004329,,45090,,
1004330,,45090,,
1004331,,45090,,
1004332,,45090,,
1004333,,45090,,
1004334,,45090,,
1004335,,45090,,
1004336,,45090,,
1004338,,45090,,
1004339,,45090,,
1004683,,37963,,
1004684,,9808,,
1004756,,4134,,
1004765,,4134,,
1004766,,4134,,
1004933,,4134,,
1005014,,4538,,
1005118,,4538,,
1005202,,132203,,
1005217,,4808,,
1005217,,200536,,
1005232,,138211,,
1005251,,4134,,
1005251,,4134,,
1005262,,45090,,
1005263,,45102,,
1005313,,200536,,
1005430,,133776,,
1005491,,200536,,
1005525,,37963,,
1005560,,45102,,
1005595,,37963,,
1005595,,37963,,
1005597,,132203,,
1005597,,132203,,
1005602,,132203,,
1005604,,45102,,
1005605,,132203,,
1005606,,45102,,
1005607,,45102,,
1005680,,4538,,
1005731,,45102,,
1005736,,37963,,
1005737,,45102,,
1005738,,37963,,
1005739,,37963,,
1005740,,45102,,
1005740,,45102,,
1005741,,45102,,
1005742,,45102,,
1005742,,45102,,
1005743,,45102,,
1005744,,45102,,
1005744,,45102,,
1005745,,45102,,
1005745,,45102,,
1005746,,45102,,
1005896,,4134,,
1005896,,4134,,
1005897,,4134,,
1005897,,4134,,
1005909,,37963,,
1006107,,4538,,
1006179,,4538,,
1006179,,45576,,
1006180,,45090,,
1006181,,45090,,
1006349,,9808,,
1006483,,45102,,
1006626,,132203,,
1006627,,132203,,
1006635,,4538,,
1006851,,45102,,
1006988,,37963,,
1006989,,37963,,
1006990,,37963,,
1006991,,37963,,
1006992,,37963,,
1006993,,37963,,
1006994,,37963,,
1006995,,37963,,
1006996,,37963,,
1006998,,37963,,
1006999,,37963,,
1007000,,37963,,
1007001,,37963,,
1007002,,37963,,
1007003,,37963,,
1007004,,37963,,
1007005,,37963,,
1007006,,37963,,
1007007,,37963,,
1007008,,37963,,
1007009,,37963,,
1007010,,37963,,
1007011,,37963,,
1007012,,37963,,
1007013,,37963,,
1007014,,37963,,
1007015,,37963,,
1007016,,37963,,
1007017,,37963,,
1007018,,37963,,
1007019,,37963,,
1007020,,37963,,
1007021,,37963,,
1007022,,37963,,
1007023,,37963,,
1007024,,37963,,
1007025,,37963,,
1007026,,37963,,
1007027,,37963,,
1007028,,37963,,
1007029,,37963,,
1007030,,37963,,
1007031,,37963,,
1007032,,37963,,
1007033,,37963,,
1007034,,37963,,
1007035,,37963,,
1007036,,37963,,
1007037,,37963,,
1007038,,37963,,
1007039,,37963,,
1007040,,37963,,
1007041,,37963,,
1007042,,37963,,
1007043,,37963,,
1007044,,37963,,
1007045,,37963,,
1007046,,37963,,
1007047,,37963,,
1007048,,37963,,
1007049,,37963,,
1007050,,37963,,
1007051,,37963,,
1007052,,37963,,
1007053,,37963,,
1007054,,37963,,
1007055,,37963,,
1007056,,37963,,
1007057,,37963,,
1007058,,37963,,
1007059,,37963,,
1007060,,37963,,
1007061,,37963,,
1007062,,37963,,
1007063,,37963,,
1007064,,37963,,
1007065,,37963,,
1007066,,37963,,
1007067,,37963,,
1007068,,37963,,
1007069,,37963,,
1007070,,37963,,
1007071,,37963,,
1007072,,37963,,
1007073,,37963,,
1007074,,37963,,
1007075,,37963,,
1007076,,37963,,
1007077,,37963,,
1007078,,37963,,
1007079,,37963,,
1007080,,37963,,
1007081,,37963,,
1007082,,37963,,
1007083,,37963,,
1007084,,37963,,
1007085,,37963,,
1007086,,37963,,
1007087,,37963,,
1007088,,37963,,
1007089,,37963,,
1007090,,37963,,
1007091,,37963,,
1007092,,37963,,
1007093,,37963,,
1007097,,37963,,
1007098,,37963,,
1007099,,37963,,
1007100,,37963,,
1007101,,37963,,
1007102,,37963,,
1007103,,37963,,
1007104,,37963,,
1007105,,37963,,
1007106,,37963,,
1007107,,37963,,
1007108,,37963,,
1007109,,37963,,
1007110,,37963,,
1007111,,37963,,
1007112,,37963,,
1007113,,37963,,
1007114,,37963,,
1007115,,37963,,
1007116,,37963,,
1007117,,37963,,
1007118,,37963,,
1007119,,37963,,
1007120,,37963,,
1007121,,37963,,
1007122,,37963,,
1007123,,37963,,
1007124,,37963,,
1007125,,37963,,
1007126,,37963,,
1007127,,37963,,
1007128,,37963,,
1007129,,37963,,
1007130,,37963,,
1007131,,37963,,
1007132,,37963,,
1007133,,37963,,
1007134,,37963,,
1007135,,37963,,
1007136,,37963,,
1007137,,37963,,
1007138,,37963,,
1007139,,37963,,
1007140,,37963,,
1007141,,37963,,
1007142,,37963,,
1007148,,4538,,
1007148,,23910,,
1007210,,45090,,
1007211,,132203,,
1007216,,45090,,
1007219,,4538,,
1007268,,37963,,
1007329,,45090,,
1007330,,45090,,
1007331,,45090,,
1007332,,45090,,
1007333,,45090,,
1007334,,45090,,
1007740,,9808,,
1007740,,9808,,
1007770,,45102,,
1007770,,4837,,
1007813,,37963,,
1007890,,9808,,
1007899,,9808,,
1007927,,45102,,
1008244,,45090,,
1008380,,45102,,
1008486,,45102,,
1008776,,140292,,
1008776,,140292,,
1008778,,45102,,
1008925,,37963,,
1008925,,37963,,
1009136,,37963,,
1009137,,37963,,
1009138,,37963,,
1009139,,37963,,
1009140,,37963,,
1009141,,37963,,
1009142,,37963,,
1009143,,37963,,
1009144,,45102,,
1009145,,45102,,
1009146,,45102,,
1009147,,45102,,
1009148,,45102,,
1009249,,4134,,
1009249,,4134,,
1009250,,9808,,
1009250,,9808,,
1009251,,56042,,
1009252,,9808,,
1009252,,9808,,
1009253,,9808,,
1009253,,9808,,
1009254,,24400,,
1009272,,9808,,
1009273,,9808,,
1009273,,9808,,
1009274,,9808,,
1009274,,9808,,
1009275,,9808,,
1009287,,4837,,
1009287,,4837,,
1009288,,17968,,
1009289,,9808,,
1009289,,9808,,
1009290,,4837,,
1009290,,4837,,
1009291,,4837,,
1009291,,4837,,
1009292,,4837,,
1009292,,4837,,
1009293,,9808,,
1009293,,9808,,
1009294,,4134,,
1009294,,4134,,
1009295,,4837,,
1009295,,4837,,
1009296,,58563,,
1009296,,58563,,
1009297,,4134,,
1009297,,4134,,
1009298,,56041,,
1009298,,56041,,
1009299,,56045,,
1009300,,56046,,
1009301,,4837,,
1009301,,4837,,
1009302,,9808,,
1009302,,9808,,
1009303,,9808,,
1009304,,4837,,
1009304,,4837,,
1009305,,38019,,
1009306,,56048,,
1009306,,56048,,
1009307,,134810,,
1009307,,134810,,
1009308,,4837,,
1009308,,4837,,
1009355,,215007,,
1009360,,215007,,
1009381,,55990,,
1009382,,55990,,
1009383,,55990,,
1009384,,55990,,
1009387,,45090,,
1009388,,45090,,
1009389,,45090,,
1009390,,45090,,
1009391,,45090,,
1009392,,132203,,
1009394,,132203,,
1009395,,132203,,
1009397,,132203,,
1009398,,132203,,
1009399,,132203,,
1009400,,132203,,
1009401,,132203,,
1009404,,132203,,
1009405,,132203,,
1009419,,140726,,
1009440,,140726,,
1009452,,215007,,
1009453,,215007,,
1009460,,140726,,
1009475,,4134,,
1009480,,4134,,
1009581,,215750,,
1009587,,215750,,
1009589,,215750,,
1009591,,215750,,
1009603,,215750,,
1009739,,37963,,
1009769,,215750,,
1009854,,45102,,
1009855,,45102,,
1009855,,45102,,
1009928,,45102,,
1009939,,199310,,
1009939,,45102,,
1009966,,56041,,
1009996,,134773,,
1010004,,4134,,
1010034,,56041,,
1010198,,146817,,
1010198,,4134,,
1010225,,4134,,
1010225,,4134,,
1010334,,4134,,
1010334,,4134,,
1010345,,9808,,
1010357,,4837,,
1010358,,4837,,
1010362,,56045,,
1010363,,9808,,
1010364,,4837,,
1010365,,4837,,
1010366,,4837,,
1010367,,4837,,
1010368,,9808,,
1010389,,37963,,
1010487,,4837,,
1010487,,4837,,
1010567,,45102,,
1010891,,213605,,
1010892,,213605,,
1010892,,213605,,
1010898,,45102,,
1010899,,45102,,
1010937,,9808,,
1010940,,132203,,
1011014,,45102,,
1011016,,45102,,
1011017,,45102,,
1011018,,45102,,
1011059,,45102,,
1011059,,45102,,
1011136,,136188,,
1011149,,9808,,
1011150,,4134,,
1011169,,213404,,
1011174,,45102,,
1011270,,211575,,
1011357,,211729,,
1011369,,45102,,
1011369,,45102,,
1011374,,45102,,
1011374,,45102,,
1011375,,45102,,
1011375,,45102,,
1011395,,45102,,
1011395,,45102,,
1011397,,45102,,
1011509,,211729,,
1011529,,4538,,
1011530,,37963,,
1011584,,211729,,
1011585,,211729,,
1011586,,211729,,
1011632,,45090,,
1011632,,45090,,
1011725,,211575,,
1011731,,37963,,
1011750,,4134,,
1011759,,45102,,
1011768,,37963,,
1011768,,37963,,
1011805,,211575,,
1011836,,132203,,
1011836,,132203,,
1012095,,150289,,
1012131,,211575,,
1012132,,211575,,
1012209,,55960,,
1012210,,135629,,
1012225,,211575,,
1012229,,213404,,
1012230,,211729,,
1012369,,4808,,
1012369,,4808,,
1012748,,4134,,
1012842,,214955,,
1012844,,214955,,
1012848,,17622,,
1012870,,24400,,
1012870,,24400,,
1012933,,4837,,
1012934,,4837,,
1012969,,214439,,
1012969,,214439,,
1012970,,211575,,
1012970,,4134,,
1012972,,214439,,
1012980,,213605,,
1012983,,214439,,
1013205,,132203,,
1013205,,132203,,
1013210,,132203,,
1013216,,4812,,
1013643,,24444,,
1013705,,45102,,
1013774,,132203,,
1013911,,9808,,
1014053,,24547,,
1014053,,24547,,
1014181,,56044,,
1014181,,56044,,
1014184,,56044,,
1014184,,56044,,
1014219,,37963,,
1014224,,45102,,
1014226,,37963,,
1014227,,37963,,
1014228,,37963,,
1014229,,37963,,
1014230,,37963,,
1014231,,37963,,
1014232,,37963,,
1014233,,37963,,
1014265,,153725,,
1014265,,153725,,
1014364,,45090,,
1014365,,37963,,
1014366,,37963,,
1014367,,45090,,
1014417,,9808,,
1014448,,37963,,
1014519,,45090,,
1014519,,45090,,
1014520,,137718,,
1014619,,134768,,
1014632,,37963,,
1015050,,132203,,
1015051,,132203,,
1015052,,132203,,
1015053,,132203,,
1015065,,4808,,
1015078,,37963,,
1015136,,4837,,
1015144,,4837,,
1015158,,4134,,
1015160,,24400,,
1015160,,24400,,
1015174,,4837,,
1015183,,140726,,
1015241,,4808,,
