asn,coreness,degree,ixp_count
24429,197,422,49
132203,197,318,32
45102,187,296,45
55967,157,169,7
4134,125,347,11
10111,97,147,6
153725,89,100,6
209650,85,90,9
4837,71,191,3
4809,71,109,3
146762,63,65,6
133865,52,56,5
213605,51,91,17
212793,49,50,7
142111,42,43,1
139799,39,39,1
4538,35,67,0
216299,30,32,7
7497,28,36,0
139317,28,160,9
137753,27,27,1
205794,27,27,5
199392,27,27,2
150289,26,27,11
204211,25,29,8
7721,25,73,8
151673,25,29,8
211729,25,26,6
200936,24,27,9
4842,24,30,6
63631,24,24,3
205369,23,24,10
199310,23,34,7
134578,23,27,0
212164,23,23,2
202782,23,24,1
146834,21,21,3
199932,21,23,2
210426,21,21,3
211575,21,23,20
140633,20,20,1
200959,20,20,2
38345,19,21,0
135426,19,19,1
209294,19,20,6
208754,19,19,6
205008,16,17,7
207303,16,20,7
139216,16,16,3
210352,16,21,16
9929,15,30,0
215007,15,15,12
59045,15,16,0
214955,13,15,10
214613,11,11,1
55996,11,16,0
215750,11,11,6
216056,11,11,10
202335,11,12,4
214933,11,12,9
44421,10,11,1
24490,10,16,0
153376,10,10,5
140682,10,10,7
39753,10,11,6
142553,10,10,26
204856,9,9,10
212985,9,9,6
142641,9,10,4
151187,9,9,0
210903,9,9,4
200536,9,9,11
4812,8,53,0
23911,8,14,1
214439,8,10,1
150173,8,8,1
212532,8,8,1
63648,7,7,0
9808,7,64,0
209306,7,7,4
202396,7,7,4
215502,7,7,2
17621,6,44,0
138538,6,6,0
24413,6,6,0
56040,6,38,0
24151,6,10,0
139138,6,8,0
17428,6,9,2
137908,6,6,5
133219,6,7,0
55992,6,7,0
4847,6,71,0
4811,6,14,0
58466,6,11,0
23724,6,18,0
133111,6,14,0
4808,6,76,0
24133,6,6,0
59078,6,7,0
37963,6,19,3
38365,6,12,3
55990,6,18,5
24406,6,11,0
45110,6,6,0
58593,6,6,0
45090,6,19,6
10212,6,10,0
45079,6,6,1
137718,6,11,2
59019,6,12,1
203309,6,6,6
209300,6,10,2
210041,6,6,1
56048,6,56,0
24400,6,52,0
150184,6,6,7
214848,6,6,3
201705,6,6,3
136237,5,6,0
133846,5,5,0
212237,5,5,6
136180,5,5,0
146950,5,6,5
58536,5,7,0
38283,5,10,0
137735,5,6,0
139148,5,5,0
9814,5,7,0
137758,5,5,0
58850,5,5,0
137801,5,6,0
63641,5,5,0
136958,5,7,0
138401,5,6,0
140731,5,5,7
151785,5,5,6
24409,5,8,0
56046,5,13,0
201674,5,5,0
213891,5,6,8
131486,4,6,0
139888,4,4,4
134774,4,7,0
58542,4,4,0
146788,4,35,0
23910,4,46,0
131578,4,4,0
55966,4,7,0
59073,4,5,0
38381,4,4,0
38375,4,4,0
135432,4,4,0
56013,4,4,0
56012,4,5,0
137746,4,4,0
59074,4,4,0
23848,4,7,0
9809,4,6,0
56006,4,6,0
24424,4,4,0
17622,4,8,0
17623,4,6,0
140726,4,5,0
138421,4,4,0
17429,4,4,1
203655,4,4,2
63959,4,4,0
214963,4,4,2
214899,4,4,3
141425,4,6,0
24489,4,7,0
151397,4,4,0
17962,4,4,0
207299,4,4,1
153726,4,7,0
207338,4,4,0
63646,4,4,0
200890,4,4,3
203236,4,4,10
214575,4,4,6
152711,4,4,0
24149,3,3,0
131495,3,3,1
23852,3,3,0
133475,3,3,0
17776,3,3,0
136198,3,3,0
58461,3,8,0
139721,3,4,0
134756,3,3,0
140330,3,11,0
58777,3,3,0
134773,3,5,0
4816,3,3,0
138950,3,4,0
58563,3,4,0
58519,3,3,0
9394,3,4,0
24348,3,6,0
134169,3,3,0
146782,3,3,0
55960,3,3,0
9818,3,3,0
18239,3,3,0
23844,3,4,1
58811,3,3,0
55468,3,3,0
59029,3,3,0
45071,3,3,0
24430,3,3,0
58866,3,3,0
17781,3,3,0
59012,3,3,0
38358,3,3,0
45075,3,3,0
17775,3,3,1
9812,3,4,1
59083,3,3,1
23853,3,3,1
55956,3,3,0
37969,3,4,0
17816,3,3,0
135061,3,3,0
134542,3,3,0
45062,3,3,1
24150,3,3,0
131516,3,3,0
139099,3,3,0
23771,3,4,0
38057,3,3,0
63561,3,3,0
24239,3,5,0
9308,3,4,0
204185,3,3,0
209218,3,3,3
37965,3,4,4
209574,3,3,4
198266,3,3,1
24138,3,11,1
38255,3,4101,0
139080,3,6,0
38019,3,5,0
56041,3,9,0
140895,3,3,0
24444,3,7,0
63531,3,3,0
133512,3,4,0
205610,3,3,0
152922,3,3,0
210738,3,3,0
199406,3,3,0
146842,3,3,0
138535,3,3,1
142438,3,3,0
147071,3,3,0
42962,3,5,0
207615,3,3,0
153185,3,12,0
207091,3,3,1
56019,3,3,1
138545,3,3,0
56282,3,3,0
45576,3,3,0
205603,3,3,5
209556,3,3,0
201944,3,4,0
213782,3,3,3
214207,3,3,0
139791,3,3,0
152186,3,3,0
50922,3,3,0
137798,3,3,0
58834,3,3,0
210773,3,3,2
210176,3,3,3
63829,2,2,2
134413,2,2,0
142433,2,2,0
140317,2,2,0
38564,2,2,0
136189,2,2,0
133952,2,2,1
203643,2,2,1
200809,2,2,2
139769,2,2,0
137785,2,2,0
135363,2,2,0
139203,2,2,0
134420,2,2,0
58540,2,3,0
140329,2,2,0
137697,2,2,0
134760,2,2,0
136195,2,3,0
140061,2,3,0
9389,2,2,0
17799,2,2,0
133774,2,2,0
133776,2,2,0
140485,2,2,0
137695,2,3,0
137702,2,3,0
140292,2,2,0
134761,2,2,0
149178,2,2,0
58543,2,2,0
141679,2,2,0
140647,2,12,0
141025,2,2,0
23650,2,18,0
140345,2,18,0
140308,2,2,0
140903,2,2,0
140293,2,2,0
140486,2,2,0
131285,2,16,2
132225,2,2,0
140320,2,2,0
140309,2,2,0
140319,2,2,0
140318,2,2,0
140311,2,2,0
137266,2,2,0
148981,2,2,0
24353,2,2,0
24358,2,2,0
24370,2,2,0
24372,2,2,0
24355,2,2,0
24349,2,2,0
138371,2,4,0
24350,2,2,0
24371,2,2,0
24357,2,3,0
24363,2,3,0
138369,2,2,0
24352,2,2,0
24362,2,2,0
138378,2,2,0
139139,2,2,0
24364,2,3,0
9405,2,2,0
24369,2,3,0
133465,2,2,0
24361,2,3,0
4611,2,2,0
38834,2,2,0
9805,2,2,0
139178,2,2,0
58448,2,2,0
37942,2,2,0
137726,2,2,0
56002,2,2,0
63634,2,2,0
7653,2,2,0
55982,2,2,0
38380,2,2,0
45083,2,2,0
9810,2,2,0
24147,2,2,0
38027,2,2,0
9811,2,2,0
139110,2,2,0
38378,2,2,0
146812,2,2,0
151313,2,2,0
139179,2,2,0
24427,2,2,0
137806,2,2,0
17739,2,2,0
56000,2,2,0
63617,2,2,0
63580,2,2,0
63570,2,2,0
151247,2,2,0
7609,2,2,0
10206,2,2,0
63581,2,2,0
63718,2,2,0
24139,2,2,0
4859,2,2,0
140979,2,2,0
139154,2,2,0
63701,2,3,0
9306,2,2,0
58852,2,2,0
45106,2,2,0
139136,2,2,1
59009,2,2,0
131519,2,2,0
146822,2,2,0
137787,2,2,0
135671,2,2,0
7641,2,2,0
63629,2,2,0
17964,2,2,0
63548,2,2,0
58862,2,2,0
38367,2,2,0
18118,2,3,1
55971,2,2,0
9939,2,2,0
56042,2,2,0
209261,2,2,1
206843,2,2,0
208618,2,2,0
135040,2,2,0
209645,2,2,1
215848,2,2,0
200268,2,2,0
213545,2,2,0
141776,2,2,11
149304,2,2,0
37936,2,2,0
58854,2,2,0
134810,2,2,0
24547,2,3,0
135629,2,3,0
56044,2,3,0
56047,2,2,0
138407,2,2,0
146841,2,2,0
146817,2,2,0
63695,2,2,0
18241,2,2,0
154402,2,2,0
137794,2,2,0
150166,2,2,0
137264,2,2,0
24141,2,2,0
137782,2,2,0
63538,2,2,0
63603,2,2,0
146814,2,2,0
151951,2,2,0
137745,2,2,0
17789,2,2,0
17969,2,2,0
18257,2,2,0
214610,2,2,0
137256,2,2,3
136591,2,2,0
153057,2,6,0
200853,2,2,0
212053,2,2,0
132479,2,5,0
133555,2,2,0
216100,2,2,0
214040,2,2,0
151418,2,2,0
205152,2,2,0
151202,2,2,0
214660,2,2,0
209586,2,2,0
211843,2,2,0
152892,2,2,0
150141,2,2,0
152920,2,2,0
200720,2,2,0
140938,2,2,5
63593,2,2,0
134417,2,2,0
59067,2,2,0
23841,2,3,0
49904,2,2,1
141005,2,2,0
63689,2,2,0
59048,2,2,0
140915,2,2,13
139743,2,2,0
151331,2,4,0
139859,2,2,0
152911,2,2,0
142656,2,3,0
142663,2,3,0
142665,2,3,0
142659,2,3,0
142664,2,3,0
142661,2,3,0
142666,2,3,0
142669,2,2,0
142662,2,3,0
142655,2,3,0
142668,2,3,0
142667,2,3,0
142657,2,3,0
142654,2,3,0
142658,2,3,0
142651,2,3,0
142660,2,3,0
142650,2,3,0
142652,2,3,0
142653,2,3,0
131574,2,3,0
45101,2,2,0
151302,2,2,0
151194,2,4,11
151311,2,2,0
58828,2,2,0
59049,2,2,0
131558,2,2,0
131562,2,2,0
140056,2,7,0
59043,2,2,0
59068,2,2,0
153034,2,2,0
153033,2,2,0
152930,2,2,0
132623,2,2,0
151490,2,2,0
213625,2,2,0
136160,2,2,0
136725,2,2,0
137436,2,2,0
153190,2,2,0
153189,2,2,0
153168,2,2,0
149510,2,2,0
153333,2,2,0
153187,2,2,0
153331,2,2,0
153170,2,2,0
153171,2,2,0
153186,2,2,0
141237,2,2,6
153172,2,2,0
198025,2,2,0
154185,2,2,1
204244,2,2,0
24144,1,1,0
206315,1,1,0
148982,1,1,0
216173,1,1,0
38323,1,1,0
200789,1,1,1
200545,1,1,0
58772,1,1,0
134767,1,1,0
139587,1,1,0
140310,1,1,0
134768,1,11,0
140313,1,1,0
4835,1,1,0
149837,1,1,0
140315,1,1,0
139767,1,1,0
137699,1,1,0
138991,1,1,0
138169,1,16,0
140638,1,1,0
58539,1,1,0
140083,1,18,0
58571,1,1,0
134762,1,1,0
150145,1,1,0
139201,1,1,0
148969,1,1,0
137689,1,1,0
134763,1,1,0
140316,1,1,0
137692,1,1,0
146966,1,1,0
140314,1,1,0
134772,1,2,0
134775,1,1,0
141006,1,1,0
134766,1,1,0
136192,1,1,0
140636,1,1,0
17638,1,2,0
141771,1,1,0
136194,1,1,0
134771,1,1,0
134238,1,13,0
17633,1,1,0
142404,1,1,0
63835,1,2,0
132833,1,1,0
139462,1,1,0
132153,1,1,0
139887,1,1,0
133775,1,1,0
137690,1,1,0
151058,1,2,0
63838,1,1,0
138982,1,1,0
136191,1,1,0
134765,1,1,0
140553,1,1,0
140312,1,1,0
137698,1,1,0
136197,1,1,0
136190,1,1,0
137693,1,1,0
4813,1,1,0
151823,1,1,0
134769,1,1,0
132147,1,1,0
136200,1,1,0
137694,1,1,0
140494,1,1,0
58541,1,1,0
137691,1,1,0
149979,1,1,0
151185,1,1,0
131325,1,1,0
142608,1,1,0
17897,1,1,0
134419,1,1,0
135089,1,1,0
136199,1,1,0
137687,1,1,0
134764,1,1,0
136188,1,1,0
134770,1,1,0
139018,1,2,0
140484,1,1,0
134425,1,1,0
147038,1,1,0
134421,1,1,0
138570,1,1,0
132437,1,1,0
141998,1,1,0
137688,1,1,0
140527,1,1,0
23611,1,1,0
23662,1,1,0
141739,1,1,0
138949,1,1,0
138441,1,1,0
139122,1,1,0
9802,1,1,0
63696,1,1,0
56003,1,1,0
37970,1,1,0
137764,1,1,0
37937,1,1,0
131497,1,1,0
59034,1,1,1
139189,1,1,0
131541,1,1,0
58518,1,1,0
58517,1,1,0
137715,1,1,0
45061,1,1,0
131536,1,1,0
63697,1,1,0
137784,1,1,0
140717,1,1,0
140707,1,1,0
17968,1,1,0
139007,1,1,0
151296,1,1,0
152120,1,1,0
133118,1,1,0
140716,1,1,0
136959,1,1,0
151295,1,1,0
137539,1,1,0
137731,1,1,0
133119,1,1,0
140886,1,1,0
146816,1,1,0
134543,1,1,0
63704,1,1,0
131511,1,1,0
137788,1,1,0
63722,1,1,0
23851,1,1,0
45113,1,1,0
45074,1,1,0
137795,1,1,0
24137,1,1,0
151464,1,1,0
135674,1,1,0
9807,1,1,0
146771,1,1,0
7640,1,1,0
18245,1,1,2
59057,1,1,0
139183,1,1,0
9803,1,1,0
139177,1,1,0
133194,1,1,0
212371,1,1,0
63555,1,1,0
213903,1,1,0
215315,1,1,0
45057,1,1,0
9401,1,1,0
9425,1,41,0
151438,1,1,0
151424,1,1,0
151432,1,1,0
151427,1,1,0
151456,1,1,0
151443,1,1,0
151423,1,1,0
151458,1,1,0
151435,1,1,0
151430,1,1,0
151449,1,1,0
151434,1,1,0
151447,1,1,0
151451,1,1,0
151439,1,1,0
151446,1,1,0
151462,1,1,0
151455,1,1,0
151457,1,1,0
151459,1,1,0
151442,1,1,0
151440,1,1,0
151460,1,1,0
151436,1,1,0
151426,1,1,0
151433,1,1,0
151428,1,1,0
151444,1,1,0
151445,1,1,0
151450,1,1,0
151454,1,1,0
151425,1,1,0
151437,1,1,0
151461,1,1,0
151448,1,1,0
151452,1,1,0
151429,1,1,0
151431,1,1,0
151441,1,1,0
151453,1,1,0
63647,1,1,0
55962,1,1,0
24445,1,1,0
132525,1,2,0
56045,1,1,0
140105,1,1,0
132510,1,1,0
63727,1,1,1
139137,1,1,0
59025,1,1,0
151263,1,1,0
18242,1,1,0
150374,1,1,0
136955,1,1,0
24376,1,1,0
147008,1,1,0
153911,1,2,0
63567,1,1,0
131539,1,1,0
17442,1,1,0
17490,1,1,0
137759,1,1,0
45073,1,1,0
146792,1,1,0
23842,1,1,0
132536,1,1,0
214759,1,1,0
198527,1,1,0
151674,1,1,3
198516,1,1,0
44446,1,1,0
208679,1,1,1
211992,1,1,0
197626,1,1,0
209484,1,1,0
215507,1,1,0
205618,1,1,0
136535,1,1,0
133492,1,1,0
147048,1,1,0
211968,1,1,0
212982,1,1,0
139073,1,1,5
214921,1,1,0
151230,1,1,1
135646,1,1,0
214871,1,1,0
45275,1,1,0
213878,1,1,1
216412,1,1,0
215969,1,1,0
211158,1,1,0
201235,1,1,0
139589,1,1,7
213116,1,1,0
151261,1,1,0
51928,1,1,0
149511,1,1,0
137710,1,1,0
146813,1,1,0
136766,1,1,0
140300,1,1,0
140290,1,1,0
140303,1,1,0
140302,1,1,0
140297,1,1,0
140295,1,1,0
140299,1,1,0
140296,1,1,0
140291,1,1,0
140298,1,1,0
140294,1,1,0
140301,1,1,0
59084,1,1,0
23840,1,1,0
138374,1,1,0
24359,1,1,0
24365,1,1,0
138377,1,1,0
138373,1,1,0
24360,1,1,0
138438,1,1,0
138440,1,1,0
24356,1,1,0
38587,1,1,0
138393,1,1,0
24351,1,1,0
24367,1,1,0
24368,1,1,0
138381,1,1,0
138376,1,1,0
138375,1,1,0
138182,1,1,0
24366,1,1,0
138370,1,1,0
24354,1,1,0
138442,1,1,0
59265,1,1,0
205651,1,1,0
45058,1,1,0
59089,1,1,0
24143,1,1,0
24302,1,1,0
131490,1,1,0
137721,1,1,0
56004,1,1,0
146810,1,1,0
139112,1,1,0
146806,1,1,0
146758,1,1,0
139118,1,1,0
63619,1,1,0
55994,1,1,0
45086,1,1,1
59077,1,1,1
24404,1,1,0
24415,1,1,0
24416,1,1,0
24422,1,1,0
24423,1,1,0
139180,1,1,0
137719,1,1,0
209481,1,1,0
209601,1,1,0
207292,1,1,3
206729,1,1,1
200103,1,1,0
205532,1,1,2
146461,1,1,0
144964,1,1,0
144006,1,1,0
142888,1,1,0
144745,1,1,0
142841,1,1,0
142782,1,1,0
144714,1,1,0
146368,1,1,0
145055,1,1,0
143601,1,1,0
144652,1,1,0
143130,1,1,0
142896,1,1,0
143653,1,1,0
143640,1,1,0
142903,1,1,0
146429,1,1,0
143269,1,1,0
145126,1,1,0
144179,1,1,0
144473,1,1,0
146277,1,1,0
142825,1,1,0
146231,1,1,0
143648,1,1,0
144744,1,1,0
145409,1,1,0
145980,1,1,0
144701,1,1,0
142693,1,1,0
144697,1,1,0
145178,1,1,0
145308,1,1,0
146035,1,1,0
144127,1,1,0
145720,1,1,0
143084,1,1,0
143048,1,1,0
146391,1,1,0
146685,1,1,0
145092,1,1,0
145615,1,1,0
144247,1,1,0
145666,1,1,0
143091,1,1,0
143668,1,1,0
142882,1,1,0
146492,1,1,0
145626,1,1,0
146088,1,1,0
145513,1,1,0
142787,1,1,0
144851,1,1,0
145149,1,1,0
143367,1,1,0
146449,1,1,0
144665,1,1,0
146703,1,1,0
145713,1,1,0
143573,1,1,0
144766,1,1,0
144194,1,1,0
144477,1,1,0
146268,1,1,0
144617,1,1,0
143108,1,1,0
143260,1,1,0
143688,1,1,0
146312,1,1,0
143160,1,1,0
144166,1,1,0
143942,1,1,0
145855,1,1,0
145017,1,1,0
145564,1,1,0
146203,1,1,0
146071,1,1,0
144124,1,1,0
142934,1,1,0
145036,1,1,0
143506,1,1,0
143205,1,1,0
144988,1,1,0
145849,1,1,0
144848,1,1,0
146575,1,1,0
143608,1,1,0
143990,1,1,0
142944,1,1,0
142740,1,1,0
146279,1,1,0
143751,1,1,0
144674,1,1,0
142798,1,1,0
144086,1,1,0
145558,1,1,0
142997,1,1,0
144982,1,1,0
143024,1,1,0
146499,1,1,0
146049,1,1,0
144537,1,1,0
143324,1,1,0
144357,1,1,0
146603,1,1,0
145166,1,1,0
144553,1,1,0
145994,1,1,0
145657,1,1,0
146651,1,1,0
146132,1,1,0
144033,1,1,0
144959,1,1,0
143122,1,1,0
143151,1,1,0
146024,1,1,0
144809,1,1,0
144332,1,1,0
144737,1,1,0
145565,1,1,0
143659,1,1,0
145776,1,1,0
144344,1,1,0
143336,1,1,0
143936,1,1,0
145974,1,1,0
144116,1,1,0
143798,1,1,0
143477,1,1,0
145705,1,1,0
143239,1,1,0
143985,1,1,0
144572,1,1,0
146064,1,1,0
143110,1,1,0
145347,1,1,0
144798,1,1,0
143843,1,1,0
145496,1,1,0
144283,1,1,0
144002,1,1,0
145013,1,1,0
144990,1,1,0
143051,1,1,0
144107,1,1,0
143643,1,1,0
146259,1,1,0
143887,1,1,0
145122,1,1,0
142739,1,1,0
144986,1,1,0
142751,1,1,0
143623,1,1,0
145717,1,1,0
146664,1,1,0
145906,1,1,0
146658,1,1,0
144898,1,1,0
146356,1,1,0
145472,1,1,0
146443,1,1,0
143847,1,1,0
145739,1,1,0
142904,1,1,0
143897,1,1,0
146504,1,1,0
142711,1,1,0
142931,1,1,0
145061,1,1,0
143026,1,1,0
143263,1,1,0
146592,1,1,0
146221,1,1,0
145009,1,1,0
144715,1,1,0
144049,1,1,0
144397,1,1,0
142958,1,1,0
144391,1,1,0
143943,1,1,0
144114,1,1,0
143792,1,1,0
144865,1,1,0
142715,1,1,0
144785,1,1,0
145216,1,1,0
143819,1,1,0
143932,1,1,0
143225,1,1,0
143390,1,1,0
146175,1,1,0
145159,1,1,0
145106,1,1,0
144366,1,1,0
145775,1,1,0
143333,1,1,0
146662,1,1,0
144960,1,1,0
143006,1,1,0
146301,1,1,0
146023,1,1,0
143063,1,1,0
145405,1,1,0
145130,1,1,0
145667,1,1,0
143580,1,1,0
142765,1,1,0
144390,1,1,0
142948,1,1,0
143447,1,1,0
144857,1,1,0
144507,1,1,0
145921,1,1,0
144442,1,1,0
144705,1,1,0
143497,1,1,0
145248,1,1,0
144930,1,1,0
144328,1,1,0
143776,1,1,0
143437,1,1,0
144501,1,1,0
144337,1,1,0
143285,1,1,0
143123,1,1,0
142683,1,1,0
146332,1,1,0
144942,1,1,0
146559,1,1,0
143536,1,1,0
145790,1,1,0
146415,1,1,0
143139,1,1,0
143845,1,1,0
146365,1,1,0
146707,1,1,0
145819,1,1,0
145678,1,1,0
143538,1,1,0
143875,1,1,0
145370,1,1,0
145142,1,1,0
143493,1,1,0
145316,1,1,0
144604,1,1,0
143504,1,1,0
145268,1,1,0
146336,1,1,0
145907,1,1,0
146644,1,1,0
143349,1,1,0
143047,1,1,0
145258,1,1,0
146634,1,1,0
143062,1,1,0
145375,1,1,0
144729,1,1,0
144850,1,1,0
144176,1,1,0
145677,1,1,0
143010,1,1,0
144539,1,1,0
146092,1,1,0
145453,1,1,0
146001,1,1,0
144298,1,1,0
143081,1,1,0
145478,1,1,0
145671,1,1,0
144927,1,1,0
144240,1,1,0
142729,1,1,0
143637,1,1,0
144455,1,1,0
144878,1,1,0
144263,1,1,0
145767,1,1,0
144740,1,1,0
145815,1,1,0
144721,1,1,0
145532,1,1,0
146524,1,1,0
142894,1,1,0
145781,1,1,0
143658,1,1,0
145813,1,1,0
145519,1,1,0
145321,1,1,0
145493,1,1,0
145651,1,1,0
146580,1,1,0
146700,1,1,0
144998,1,1,0
144885,1,1,0
145078,1,1,0
143908,1,1,0
146091,1,1,0
142763,1,1,0
146113,1,1,0
144062,1,1,0
145975,1,1,0
144784,1,1,0
144904,1,1,0
143679,1,1,0
143913,1,1,0
142836,1,1,0
143644,1,1,0
145751,1,1,0
146348,1,1,0
145372,1,1,0
146178,1,1,0
145632,1,1,0
144692,1,1,0
145265,1,1,0
145105,1,1,0
145434,1,1,0
144128,1,1,0
145034,1,1,0
146265,1,1,0
146682,1,1,0
144677,1,1,0
146498,1,1,0
143909,1,1,0
145417,1,1,0
145760,1,1,0
146093,1,1,0
144811,1,1,0
146669,1,1,0
145521,1,1,0
146120,1,1,0
145842,1,1,0
144167,1,1,0
143001,1,1,0
144458,1,1,0
142728,1,1,0
144570,1,1,0
143661,1,1,0
143463,1,1,0
146680,1,1,0
143039,1,1,0
145355,1,1,0
145282,1,1,0
142950,1,1,0
146012,1,1,0
145132,1,1,0
145128,1,1,0
144144,1,1,0
143167,1,1,0
146627,1,1,0
144595,1,1,0
144782,1,1,0
144734,1,1,0
145104,1,1,0
143191,1,1,0
144228,1,1,0
142684,1,1,0
144548,1,1,0
146484,1,1,0
146189,1,1,0
145659,1,1,0
146152,1,1,0
142877,1,1,0
145636,1,1,0
146635,1,1,0
144118,1,1,0
145763,1,1,0
145591,1,1,0
146139,1,1,0
144896,1,1,0
142676,1,1,0
142959,1,1,0
145577,1,1,0
144196,1,1,0
143826,1,1,0
144841,1,1,0
145020,1,1,0
144323,1,1,0
142731,1,1,0
143525,1,1,0
145991,1,1,0
145468,1,1,0
145459,1,1,0
145201,1,1,0
143552,1,1,0
145724,1,1,0
142756,1,1,0
142833,1,1,0
144345,1,1,0
144889,1,1,0
145798,1,1,0
144149,1,1,0
143755,1,1,0
145353,1,1,0
143329,1,1,0
143899,1,1,0
143060,1,1,0
145619,1,1,0
144485,1,1,0
143842,1,1,0
144193,1,1,0
144508,1,1,0
143114,1,1,0
146142,1,1,0
144411,1,1,0
144864,1,1,0
144076,1,1,0
146022,1,1,0
145008,1,1,0
146406,1,1,0
144967,1,1,0
145729,1,1,0
143250,1,1,0
145303,1,1,0
145365,1,1,0
145935,1,1,0
146493,1,1,0
143926,1,1,0
145916,1,1,0
145151,1,1,0
144032,1,1,0
143851,1,1,0
143038,1,1,0
146450,1,1,0
143556,1,1,0
146739,1,1,0
144025,1,1,0
145466,1,1,0
144330,1,1,0
146618,1,1,0
142829,1,1,0
142772,1,1,0
144895,1,1,0
146423,1,1,0
145976,1,1,0
145415,1,1,0
144089,1,1,0
145952,1,1,0
144657,1,1,0
143680,1,1,0
143232,1,1,0
145630,1,1,0
144017,1,1,0
144506,1,1,0
145200,1,1,0
145032,1,1,0
144671,1,1,0
144759,1,1,0
144577,1,1,0
144198,1,1,0
144544,1,1,0
142780,1,1,0
143961,1,1,0
145357,1,1,0
144602,1,1,0
143575,1,1,0
143393,1,1,0
144711,1,1,0
146202,1,1,0
145304,1,1,0
144767,1,1,0
146066,1,1,0
146148,1,1,0
145209,1,1,0
145430,1,1,0
146269,1,1,0
146289,1,1,0
146533,1,1,0
144152,1,1,0
145381,1,1,0
145223,1,1,0
144775,1,1,0
143059,1,1,0
143443,1,1,0
143736,1,1,0
142937,1,1,0
144045,1,1,0
144684,1,1,0
145817,1,1,0
143774,1,1,0
145722,1,1,0
143033,1,1,0
143835,1,1,0
145049,1,1,0
143813,1,1,0
143249,1,1,0
146608,1,1,0
143342,1,1,0
143053,1,1,0
144631,1,1,0
142788,1,1,0
146379,1,1,0
145089,1,1,0
143072,1,1,0
145578,1,1,0
144229,1,1,0
144592,1,1,0
146713,1,1,0
145525,1,1,0
146230,1,1,0
143571,1,1,0
144210,1,1,0
146262,1,1,0
146571,1,1,0
146305,1,1,0
143743,1,1,0
146119,1,1,0
145188,1,1,0
143877,1,1,0
143713,1,1,0
145524,1,1,0
146298,1,1,0
146288,1,1,0
143277,1,1,0
144742,1,1,0
145706,1,1,0
146102,1,1,0
145795,1,1,0
144675,1,1,0
144814,1,1,0
145435,1,1,0
144155,1,1,0
143629,1,1,0
144908,1,1,0
146323,1,1,0
143145,1,1,0
143301,1,1,0
142980,1,1,0
142720,1,1,0
146512,1,1,0
145563,1,1,0
145301,1,1,0
145177,1,1,0
143735,1,1,0
145026,1,1,0
143321,1,1,0
142753,1,1,0
145467,1,1,0
146026,1,1,0
145124,1,1,0
145172,1,1,0
144626,1,1,0
144093,1,1,0
146000,1,1,0
144981,1,1,0
146165,1,1,0
146027,1,1,0
146728,1,1,0
145474,1,1,0
145652,1,1,0
144795,1,1,0
145544,1,1,0
145967,1,1,0
145160,1,1,0
144752,1,1,0
144000,1,1,0
145004,1,1,0
143717,1,1,0
146548,1,1,0
143372,1,1,0
145436,1,1,0
145182,1,1,0
143007,1,1,0
145476,1,1,0
144834,1,1,0
143711,1,1,0
143075,1,1,0
144016,1,1,0
144956,1,1,0
145418,1,1,0
146683,1,1,0
144022,1,1,0
143002,1,1,0
143829,1,1,0
145423,1,1,0
145152,1,1,0
146293,1,1,0
142799,1,1,0
146411,1,1,0
143620,1,1,0
144861,1,1,0
145880,1,1,0
142885,1,1,0
146483,1,1,0
144738,1,1,0
144966,1,1,0
145548,1,1,0
146737,1,1,0
143982,1,1,0
143222,1,1,0
142675,1,1,0
145346,1,1,0
144616,1,1,0
145162,1,1,0
145937,1,1,0
146478,1,1,0
145191,1,1,0
145780,1,1,0
142881,1,1,0
146090,1,1,0
145186,1,1,0
144237,1,1,0
144980,1,1,0
146418,1,1,0
143509,1,1,0
144341,1,1,0
144719,1,1,0
142847,1,1,0
143406,1,1,0
143474,1,1,0
144052,1,1,0
145181,1,1,0
145214,1,1,0
145424,1,1,0
143876,1,1,0
145772,1,1,0
144426,1,1,0
142671,1,1,0
144305,1,1,0
146054,1,1,0
143836,1,1,0
145608,1,1,0
143715,1,1,0
142911,1,1,0
145716,1,1,0
145685,1,1,0
144989,1,1,0
146238,1,1,0
143020,1,1,0
143311,1,1,0
145769,1,1,0
143949,1,1,0
144209,1,1,0
146153,1,1,0
146329,1,1,0
144204,1,1,0
145341,1,1,0
145141,1,1,0
145670,1,1,0
145367,1,1,0
144796,1,1,0
146581,1,1,0
144235,1,1,0
146273,1,1,0
144135,1,1,0
146118,1,1,0
145213,1,1,0
145891,1,1,0
145747,1,1,0
143149,1,1,0
146653,1,1,0
142860,1,1,0
146095,1,1,0
146616,1,1,0
145600,1,1,0
145943,1,1,0
146335,1,1,0
144294,1,1,0
146742,1,1,0
144607,1,1,0
144476,1,1,0
146464,1,1,0
145956,1,1,0
143276,1,1,0
143065,1,1,0
146462,1,1,0
144374,1,1,0
142702,1,1,0
144010,1,1,0
145179,1,1,0
146681,1,1,0
142866,1,1,0
145846,1,1,0
145076,1,1,0
142759,1,1,0
144441,1,1,0
146044,1,1,0
144432,1,1,0
146249,1,1,0
142714,1,1,0
146052,1,1,0
144448,1,1,0
146196,1,1,0
143808,1,1,0
143952,1,1,0
143025,1,1,0
143692,1,1,0
144336,1,1,0
145109,1,1,0
144451,1,1,0
146083,1,1,0
142974,1,1,0
146719,1,1,0
145183,1,1,0
144524,1,1,0
142783,1,1,0
143180,1,1,0
143028,1,1,0
145190,1,1,0
143610,1,1,0
143411,1,1,0
144308,1,1,0
143300,1,1,0
146228,1,1,0
144384,1,1,0
145588,1,1,0
143577,1,1,0
144659,1,1,0
145157,1,1,0
146154,1,1,0
145038,1,1,0
143433,1,1,0
144313,1,1,0
145807,1,1,0
143502,1,1,0
144950,1,1,0
144234,1,1,0
146676,1,1,0
144142,1,1,0
145847,1,1,0
144829,1,1,0
144519,1,1,0
143978,1,1,0
143304,1,1,0
144015,1,1,0
146509,1,1,0
145383,1,1,0
142817,1,1,0
144098,1,1,0
142723,1,1,0
146018,1,1,0
145028,1,1,0
143137,1,1,0
145244,1,1,0
143069,1,1,0
145425,1,1,0
145950,1,1,0
143734,1,1,0
144445,1,1,0
144081,1,1,0
144555,1,1,0
145023,1,1,0
142856,1,1,0
145112,1,1,0
145212,1,1,0
145810,1,1,0
143011,1,1,0
143188,1,1,0
144835,1,1,0
146679,1,1,0
144132,1,1,0
146554,1,1,0
145022,1,1,0
144825,1,1,0
146257,1,1,0
145349,1,1,0
145611,1,1,0
145902,1,1,0
146371,1,1,0
146327,1,1,0
145382,1,1,0
143131,1,1,0
143197,1,1,0
144836,1,1,0
145628,1,1,0
143837,1,1,0
146622,1,1,0
145725,1,1,0
146659,1,1,0
143440,1,1,0
144891,1,1,0
145262,1,1,0
146167,1,1,0
144160,1,1,0
144138,1,1,0
143850,1,1,0
145322,1,1,0
143271,1,1,0
145633,1,1,0
145068,1,1,0
143387,1,1,0
143612,1,1,0
144104,1,1,0
145704,1,1,0
142874,1,1,0
142786,1,1,0
143380,1,1,0
143971,1,1,0
143914,1,1,0
143615,1,1,0
145761,1,1,0
146133,1,1,0
144379,1,1,0
144071,1,1,0
146106,1,1,0
143639,1,1,0
145806,1,1,0
146584,1,1,0
142750,1,1,0
146072,1,1,0
143330,1,1,0
146204,1,1,0
146180,1,1,0
143032,1,1,0
145648,1,1,0
146187,1,1,0
146458,1,1,0
142814,1,1,0
143633,1,1,0
144090,1,1,0
145832,1,1,0
143853,1,1,0
143994,1,1,0
146197,1,1,0
144320,1,1,0
145360,1,1,0
142687,1,1,0
143662,1,1,0
144112,1,1,0
145259,1,1,0
144514,1,1,0
143112,1,1,0
145590,1,1,0
144542,1,1,0
146059,1,1,0
145839,1,1,0
144804,1,1,0
146209,1,1,0
146433,1,1,0
142730,1,1,0
143882,1,1,0
143863,1,1,0
145616,1,1,0
146271,1,1,0
144059,1,1,0
142827,1,1,0
143603,1,1,0
145010,1,1,0
143765,1,1,0
145081,1,1,0
143374,1,1,0
143067,1,1,0
145137,1,1,0
142789,1,1,0
143956,1,1,0
144221,1,1,0
143709,1,1,0
145461,1,1,0
142709,1,1,0
146342,1,1,0
143606,1,1,0
145242,1,1,0
145488,1,1,0
144761,1,1,0
145378,1,1,0
145505,1,1,0
146459,1,1,0
144549,1,1,0
143134,1,1,0
145051,1,1,0
142890,1,1,0
144611,1,1,0
145794,1,1,0
143545,1,1,0
146690,1,1,0
144467,1,1,0
142945,1,1,0
143790,1,1,0
146384,1,1,0
144996,1,1,0
146686,1,1,0
146602,1,1,0
144838,1,1,0
143169,1,1,0
143810,1,1,0
145624,1,1,0
144297,1,1,0
143937,1,1,0
144568,1,1,0
143820,1,1,0
144418,1,1,0
145175,1,1,0
145329,1,1,0
145550,1,1,0
145165,1,1,0
144258,1,1,0
146112,1,1,0
146171,1,1,0
142719,1,1,0
144173,1,1,0
144972,1,1,0
146033,1,1,0
143955,1,1,0
142853,1,1,0
146716,1,1,0
146016,1,1,0
145742,1,1,0
142861,1,1,0
145556,1,1,0
144702,1,1,0
143549,1,1,0
145088,1,1,0
146587,1,1,0
146395,1,1,0
143785,1,1,0
142910,1,1,0
144163,1,1,0
144642,1,1,0
142695,1,1,0
145770,1,1,0
142939,1,1,0
145307,1,1,0
144456,1,1,0
145719,1,1,0
144329,1,1,0
145971,1,1,0
144360,1,1,0
143257,1,1,0
146063,1,1,0
143150,1,1,0
145470,1,1,0
145996,1,1,0
146412,1,1,0
144695,1,1,0
143699,1,1,0
144899,1,1,0
143337,1,1,0
143407,1,1,0
142742,1,1,0
146476,1,1,0
144875,1,1,0
144036,1,1,0
145896,1,1,0
142832,1,1,0
143825,1,1,0
146308,1,1,0
144465,1,1,0
144395,1,1,0
143446,1,1,0
145000,1,1,0
144515,1,1,0
143874,1,1,0
146416,1,1,0
146315,1,1,0
143465,1,1,0
143291,1,1,0
142863,1,1,0
145030,1,1,0
145077,1,1,0
144183,1,1,0
144111,1,1,0
143458,1,1,0
145155,1,1,0
144973,1,1,0
144669,1,1,0
144202,1,1,0
142928,1,1,0
142848,1,1,0
142988,1,1,0
145380,1,1,0
145746,1,1,0
146400,1,1,0
146138,1,1,0
146086,1,1,0
143113,1,1,0
144054,1,1,0
145168,1,1,0
146069,1,1,0
144285,1,1,0
143266,1,1,0
143817,1,1,0
144492,1,1,0
143221,1,1,0
144844,1,1,0
143900,1,1,0
144274,1,1,0
146472,1,1,0
143867,1,1,0
144747,1,1,0
143886,1,1,0
145930,1,1,0
142842,1,1,0
143454,1,1,0
143702,1,1,0
144724,1,1,0
145379,1,1,0
143021,1,1,0
143314,1,1,0
143475,1,1,0
146274,1,1,0
145097,1,1,0
145250,1,1,0
145598,1,1,0
146419,1,1,0
145709,1,1,0
145492,1,1,0
143910,1,1,0
144047,1,1,0
145927,1,1,0
145332,1,1,0
144624,1,1,0
145016,1,1,0
142790,1,1,0
143184,1,1,0
145594,1,1,0
144434,1,1,0
143521,1,1,0
145395,1,1,0
146281,1,1,0
146588,1,1,0
145579,1,1,0
146070,1,1,0
146124,1,1,0
143507,1,1,0
143705,1,1,0
145773,1,1,0
145609,1,1,0
143015,1,1,0
146166,1,1,0
145373,1,1,0
144612,1,1,0
145118,1,1,0
145327,1,1,0
143655,1,1,0
143753,1,1,0
144869,1,1,0
144565,1,1,0
146480,1,1,0
142721,1,1,0
146519,1,1,0
145852,1,1,0
144786,1,1,0
145117,1,1,0
146510,1,1,0
143931,1,1,0
145631,1,1,0
143933,1,1,0
142724,1,1,0
145093,1,1,0
145686,1,1,0
144828,1,1,0
143423,1,1,0
144362,1,1,0
143275,1,1,0
146183,1,1,0
143057,1,1,0
143706,1,1,0
145646,1,1,0
146467,1,1,0
145094,1,1,0
143848,1,1,0
143246,1,1,0
143596,1,1,0
146068,1,1,0
143240,1,1,0
144340,1,1,0
144365,1,1,0
143918,1,1,0
146585,1,1,0
143657,1,1,0
143121,1,1,0
143431,1,1,0
143583,1,1,0
143338,1,1,0
145338,1,1,0
143400,1,1,0
144797,1,1,0
146645,1,1,0
146539,1,1,0
145797,1,1,0
146141,1,1,0
146656,1,1,0
144672,1,1,0
143361,1,1,0
144730,1,1,0
144105,1,1,0
143673,1,1,0
142797,1,1,0
144727,1,1,0
144088,1,1,0
144866,1,1,0
142872,1,1,0
143335,1,1,0
146381,1,1,0
146220,1,1,0
146227,1,1,0
144267,1,1,0
146243,1,1,0
145196,1,1,0
142840,1,1,0
146624,1,1,0
145315,1,1,0
146614,1,1,0
146060,1,1,0
143093,1,1,0
145027,1,1,0
146232,1,1,0
142905,1,1,0
143686,1,1,0
146386,1,1,0
142865,1,1,0
146428,1,1,0
143255,1,1,0
143890,1,1,0
143860,1,1,0
142908,1,1,0
145697,1,1,0
143666,1,1,0
144645,1,1,0
143328,1,1,0
144517,1,1,0
143369,1,1,0
146535,1,1,0
145400,1,1,0
144153,1,1,0
144192,1,1,0
142946,1,1,0
145293,1,1,0
146374,1,1,0
142906,1,1,0
145127,1,1,0
145986,1,1,0
146708,1,1,0
143103,1,1,0
143018,1,1,0
144286,1,1,0
143129,1,1,0
145227,1,1,0
145732,1,1,0
144255,1,1,0
145280,1,1,0
144826,1,1,0
143322,1,1,0
144718,1,1,0
145103,1,1,0
145095,1,1,0
143946,1,1,0
143016,1,1,0
143510,1,1,0
145944,1,1,0
144377,1,1,0
143499,1,1,0
146567,1,1,0
143161,1,1,0
145052,1,1,0
145731,1,1,0
144683,1,1,0
145048,1,1,0
143833,1,1,0
142793,1,1,0
145979,1,1,0
144971,1,1,0
144287,1,1,0
144827,1,1,0
144518,1,1,0
145443,1,1,0
146382,1,1,0
145581,1,1,0
143979,1,1,0
144831,1,1,0
145328,1,1,0
146375,1,1,0
144976,1,1,0
144463,1,1,0
145041,1,1,0
143974,1,1,0
144245,1,1,0
146195,1,1,0
144522,1,1,0
146168,1,1,0
143286,1,1,0
143430,1,1,0
146538,1,1,0
143769,1,1,0
145486,1,1,0
142902,1,1,0
143365,1,1,0
146174,1,1,0
144905,1,1,0
145438,1,1,0
146399,1,1,0
143235,1,1,0
143793,1,1,0
144304,1,1,0
145019,1,1,0
143938,1,1,0
144092,1,1,0
145586,1,1,0
143966,1,1,0
143027,1,1,0
143878,1,1,0
144881,1,1,0
145561,1,1,0
144635,1,1,0
144944,1,1,0
143548,1,1,0
142991,1,1,0
146109,1,1,0
145744,1,1,0
145848,1,1,0
145422,1,1,0
145869,1,1,0
144169,1,1,0
146267,1,1,0
144815,1,1,0
146105,1,1,0
146378,1,1,0
145299,1,1,0
143350,1,1,0
143591,1,1,0
146034,1,1,0
144935,1,1,0
144342,1,1,0
142688,1,1,0
145312,1,1,0
145799,1,1,0
146409,1,1,0
143034,1,1,0
144213,1,1,0
145463,1,1,0
145119,1,1,0
146452,1,1,0
143480,1,1,0
146290,1,1,0
145814,1,1,0
143377,1,1,0
145069,1,1,0
144597,1,1,0
146222,1,1,0
146358,1,1,0
144335,1,1,0
145905,1,1,0
144300,1,1,0
145527,1,1,0
146530,1,1,0
143283,1,1,0
143607,1,1,0
142922,1,1,0
146065,1,1,0
146130,1,1,0
144552,1,1,0
142821,1,1,0
143993,1,1,0
145202,1,1,0
143599,1,1,0
145900,1,1,0
146505,1,1,0
145811,1,1,0
143809,1,1,0
144044,1,1,0
143894,1,1,0
143204,1,1,0
144739,1,1,0
145344,1,1,0
142915,1,1,0
145410,1,1,0
145314,1,1,0
144272,1,1,0
143439,1,1,0
146179,1,1,0
143092,1,1,0
145044,1,1,0
143986,1,1,0
145377,1,1,0
142689,1,1,0
142757,1,1,0
145502,1,1,0
143691,1,1,0
146286,1,1,0
143631,1,1,0
144557,1,1,0
146128,1,1,0
145566,1,1,0
144609,1,1,0
144043,1,1,0
144413,1,1,0
145695,1,1,0
145455,1,1,0
145575,1,1,0
146654,1,1,0
145437,1,1,0
142839,1,1,0
143714,1,1,0
143224,1,1,0
142809,1,1,0
146640,1,1,0
144170,1,1,0
145411,1,1,0
144503,1,1,0
146597,1,1,0
145737,1,1,0
146241,1,1,0
143799,1,1,0
146146,1,1,0
143963,1,1,0
144816,1,1,0
144241,1,1,0
146606,1,1,0
143481,1,1,0
146383,1,1,0
146218,1,1,0
146583,1,1,0
143036,1,1,0
144647,1,1,0
143724,1,1,0
146025,1,1,0
146367,1,1,0
143515,1,1,0
144698,1,1,0
146014,1,1,0
142870,1,1,0
145192,1,1,0
145416,1,1,0
145883,1,1,0
142755,1,1,0
143972,1,1,0
143888,1,1,0
143672,1,1,0
145954,1,1,0
144408,1,1,0
143822,1,1,0
143975,1,1,0
144750,1,1,0
144776,1,1,0
144879,1,1,0
142935,1,1,0
145283,1,1,0
145755,1,1,0
144182,1,1,0
143290,1,1,0
144801,1,1,0
145923,1,1,0
145830,1,1,0
145791,1,1,0
142808,1,1,0
144756,1,1,0
143294,1,1,0
144830,1,1,0
144937,1,1,0
143697,1,1,0
145876,1,1,0
144321,1,1,0
145153,1,1,0
142792,1,1,0
145639,1,1,0
143927,1,1,0
143017,1,1,0
143976,1,1,0
144696,1,1,0
143757,1,1,0
144275,1,1,0
144469,1,1,0
144664,1,1,0
144449,1,1,0
145369,1,1,0
144793,1,1,0
144646,1,1,0
146145,1,1,0
142774,1,1,0
143651,1,1,0
145711,1,1,0
142778,1,1,0
144605,1,1,0
143701,1,1,0
144668,1,1,0
145397,1,1,0
143578,1,1,0
146057,1,1,0
145125,1,1,0
145707,1,1,0
146201,1,1,0
143992,1,1,0
146237,1,1,0
142983,1,1,0
142769,1,1,0
142773,1,1,0
143815,1,1,0
146345,1,1,0
146537,1,1,0
145840,1,1,0
144126,1,1,0
145146,1,1,0
142854,1,1,0
144334,1,1,0
145150,1,1,0
143308,1,1,0
143138,1,1,0
143267,1,1,0
143013,1,1,0
145808,1,1,0
145853,1,1,0
144610,1,1,0
142727,1,1,0
145874,1,1,0
146107,1,1,0
144487,1,1,0
143355,1,1,0
143969,1,1,0
146531,1,1,0
143489,1,1,0
145363,1,1,0
143253,1,1,0
145189,1,1,0
146521,1,1,0
144641,1,1,0
143107,1,1,0
143193,1,1,0
145856,1,1,0
143617,1,1,0
143360,1,1,0
143531,1,1,0
146496,1,1,0
144363,1,1,0
144431,1,1,0
143158,1,1,0
143012,1,1,0
144103,1,1,0
143410,1,1,0
143238,1,1,0
146414,1,1,0
143243,1,1,0
142718,1,1,0
144134,1,1,0
143111,1,1,0
143605,1,1,0
143471,1,1,0
145617,1,1,0
146194,1,1,0
145757,1,1,0
143486,1,1,0
146324,1,1,0
144769,1,1,0
145195,1,1,0
145844,1,1,0
145426,1,1,0
145922,1,1,0
144915,1,1,0
144217,1,1,0
144486,1,1,0
143487,1,1,0
146502,1,1,0
143119,1,1,0
145033,1,1,0
144159,1,1,0
144543,1,1,0
144260,1,1,0
143732,1,1,0
144312,1,1,0
146376,1,1,0
145121,1,1,0
144303,1,1,0
143595,1,1,0
143097,1,1,0
146158,1,1,0
145264,1,1,0
144282,1,1,0
143216,1,1,0
144812,1,1,0
142758,1,1,0
145733,1,1,0
146319,1,1,0
142815,1,1,0
145243,1,1,0
143519,1,1,0
146677,1,1,0
144622,1,1,0
145585,1,1,0
143479,1,1,0
145099,1,1,0
145060,1,1,0
144700,1,1,0
144419,1,1,0
144627,1,1,0
145139,1,1,0
145297,1,1,0
143226,1,1,0
146545,1,1,0
146135,1,1,0
142776,1,1,0
143675,1,1,0
144279,1,1,0
145123,1,1,0
145442,1,1,0
144679,1,1,0
143318,1,1,0
144773,1,1,0
146300,1,1,0
142964,1,1,0
142717,1,1,0
144354,1,1,0
142927,1,1,0
144346,1,1,0
145987,1,1,0
146159,1,1,0
146632,1,1,0
143663,1,1,0
145302,1,1,0
144427,1,1,0
144227,1,1,0
143854,1,1,0
145219,1,1,0
143003,1,1,0
143542,1,1,0
145385,1,1,0
144918,1,1,0
145485,1,1,0
143488,1,1,0
145696,1,1,0
144443,1,1,0
145889,1,1,0
144189,1,1,0
143693,1,1,0
145715,1,1,0
143172,1,1,0
144987,1,1,0
145174,1,1,0
143747,1,1,0
144257,1,1,0
146121,1,1,0
143386,1,1,0
144995,1,1,0
144496,1,1,0
143650,1,1,0
144847,1,1,0
145778,1,1,0
146432,1,1,0
146328,1,1,0
143880,1,1,0
143996,1,1,0
145789,1,1,0
142777,1,1,0
142957,1,1,0
143649,1,1,0
144822,1,1,0
145414,1,1,0
146692,1,1,0
144892,1,1,0
143598,1,1,0
144526,1,1,0
144457,1,1,0
145368,1,1,0
145401,1,1,0
145518,1,1,0
143940,1,1,0
146547,1,1,0
145901,1,1,0
143959,1,1,0
146696,1,1,0
145239,1,1,0
145710,1,1,0
142956,1,1,0
146610,1,1,0
145261,1,1,0
144792,1,1,0
143346,1,1,0
144347,1,1,0
143609,1,1,0
143750,1,1,0
145829,1,1,0
142930,1,1,0
143429,1,1,0
142986,1,1,0
143656,1,1,0
144309,1,1,0
143185,1,1,0
146270,1,1,0
142732,1,1,0
144019,1,1,0
145871,1,1,0
144180,1,1,0
143805,1,1,0
145059,1,1,0
142837,1,1,0
143895,1,1,0
143070,1,1,0
144031,1,1,0
146355,1,1,0
145063,1,1,0
143683,1,1,0
145393,1,1,0
145046,1,1,0
143124,1,1,0
146672,1,1,0
146717,1,1,0
142697,1,1,0
145309,1,1,0
143707,1,1,0
146424,1,1,0
145294,1,1,0
143096,1,1,0
145439,1,1,0
145211,1,1,0
142775,1,1,0
143920,1,1,0
143652,1,1,0
143162,1,1,0
144933,1,1,0
145284,1,1,0
144113,1,1,0
145949,1,1,0
143647,1,1,0
146615,1,1,0
146045,1,1,0
144536,1,1,0
143104,1,1,0
146439,1,1,0
144197,1,1,0
146711,1,1,0
146392,1,1,0
142823,1,1,0
145215,1,1,0
144157,1,1,0
144975,1,1,0
143258,1,1,0
143265,1,1,0
145024,1,1,0
145362,1,1,0
145860,1,1,0
146562,1,1,0
144789,1,1,0
145356,1,1,0
144414,1,1,0
144225,1,1,0
143749,1,1,0
144513,1,1,0
145861,1,1,0
144871,1,1,0
144220,1,1,0
144381,1,1,0
143448,1,1,0
143348,1,1,0
146666,1,1,0
146576,1,1,0
146110,1,1,0
142900,1,1,0
145866,1,1,0
144685,1,1,0
145389,1,1,0
146078,1,1,0
143029,1,1,0
143861,1,1,0
143408,1,1,0
145547,1,1,0
145140,1,1,0
143965,1,1,0
142899,1,1,0
145843,1,1,0
143353,1,1,0
144493,1,1,0
144523,1,1,0
143399,1,1,0
143782,1,1,0
146316,1,1,0
143241,1,1,0
146501,1,1,0
146489,1,1,0
146518,1,1,0
144640,1,1,0
146735,1,1,0
145330,1,1,0
143883,1,1,0
146454,1,1,0
142969,1,1,0
144024,1,1,0
146528,1,1,0
145601,1,1,0
145482,1,1,0
144053,1,1,0
142828,1,1,0
144191,1,1,0
144599,1,1,0
142995,1,1,0
145158,1,1,0
145062,1,1,0
146590,1,1,0
146096,1,1,0
143126,1,1,0
143288,1,1,0
146264,1,1,0
145998,1,1,0
143340,1,1,0
144634,1,1,0
146111,1,1,0
143234,1,1,0
144244,1,1,0
144868,1,1,0
143948,1,1,0
144251,1,1,0
144461,1,1,0
145253,1,1,0
144168,1,1,0
144376,1,1,0
145234,1,1,0
146369,1,1,0
146465,1,1,0
143438,1,1,0
146122,1,1,0
146363,1,1,0
145771,1,1,0
146552,1,1,0
144992,1,1,0
146442,1,1,0
143729,1,1,0
144551,1,1,0
144943,1,1,0
143594,1,1,0
145390,1,1,0
143368,1,1,0
142811,1,1,0
144873,1,1,0
144888,1,1,0
145592,1,1,0
144534,1,1,0
146263,1,1,0
145326,1,1,0
144660,1,1,0
144578,1,1,0
145597,1,1,0
144072,1,1,0
143397,1,1,0
143718,1,1,0
145275,1,1,0
143189,1,1,0
145714,1,1,0
145523,1,1,0
143526,1,1,0
144531,1,1,0
145658,1,1,0
144475,1,1,0
142869,1,1,0
144327,1,1,0
143801,1,1,0
146380,1,1,0
142938,1,1,0
143022,1,1,0
145734,1,1,0
146081,1,1,0
146008,1,1,0
146628,1,1,0
143764,1,1,0
143417,1,1,0
145085,1,1,0
144694,1,1,0
144799,1,1,0
144087,1,1,0
146047,1,1,0
146652,1,1,0
145698,1,1,0
144410,1,1,0
143541,1,1,0
146188,1,1,0
142876,1,1,0
143210,1,1,0
143547,1,1,0
146473,1,1,0
143849,1,1,0
146529,1,1,0
142889,1,1,0
143444,1,1,0
143823,1,1,0
144077,1,1,0
146186,1,1,0
144854,1,1,0
145277,1,1,0
143453,1,1,0
144051,1,1,0
144803,1,1,0
145169,1,1,0
146665,1,1,0
143196,1,1,0
146671,1,1,0
143529,1,1,0
143720,1,1,0
144590,1,1,0
143564,1,1,0
146208,1,1,0
143074,1,1,0
144977,1,1,0
145641,1,1,0
146422,1,1,0
142844,1,1,0
145167,1,1,0
144511,1,1,0
144771,1,1,0
144754,1,1,0
143852,1,1,0
146163,1,1,0
144199,1,1,0
143456,1,1,0
145489,1,1,0
143905,1,1,0
146526,1,1,0
143777,1,1,0
144673,1,1,0
144361,1,1,0
142686,1,1,0
143154,1,1,0
143202,1,1,0
146607,1,1,0
145965,1,1,0
143164,1,1,0
142923,1,1,0
142932,1,1,0
146577,1,1,0
145999,1,1,0
143772,1,1,0
143981,1,1,0
144102,1,1,0
146586,1,1,0
143834,1,1,0
145972,1,1,0
143379,1,1,0
145257,1,1,0
145263,1,1,0
144207,1,1,0
144882,1,1,0
146038,1,1,0
144472,1,1,0
144876,1,1,0
143923,1,1,0
146589,1,1,0
142682,1,1,0
145643,1,1,0
143315,1,1,0
145712,1,1,0
143588,1,1,0
145571,1,1,0
143884,1,1,0
146396,1,1,0
143838,1,1,0
143604,1,1,0
143670,1,1,0
143378,1,1,0
146623,1,1,0
142859,1,1,0
145207,1,1,0
144687,1,1,0
144172,1,1,0
144723,1,1,0
145252,1,1,0
145858,1,1,0
143046,1,1,0
143621,1,1,0
145562,1,1,0
146176,1,1,0
143035,1,1,0
146011,1,1,0
146226,1,1,0
144035,1,1,0
146082,1,1,0
144979,1,1,0
146224,1,1,0
144339,1,1,0
143710,1,1,0
144921,1,1,0
144188,1,1,0
145992,1,1,0
145173,1,1,0
145882,1,1,0
142921,1,1,0
146410,1,1,0
144454,1,1,0
146425,1,1,0
142887,1,1,0
144394,1,1,0
145969,1,1,0
145506,1,1,0
145298,1,1,0
145899,1,1,0
142970,1,1,0
145537,1,1,0
142738,1,1,0
145057,1,1,0
142990,1,1,0
143889,1,1,0
143795,1,1,0
145623,1,1,0
143590,1,1,0
145335,1,1,0
143442,1,1,0
144763,1,1,0
145699,1,1,0
143198,1,1,0
146731,1,1,0
146029,1,1,0
146117,1,1,0
145171,1,1,0
143392,1,1,0
144331,1,1,0
143279,1,1,0
146313,1,1,0
143855,1,1,0
144688,1,1,0
144770,1,1,0
146648,1,1,0
143873,1,1,0
143190,1,1,0
145668,1,1,0
145887,1,1,0
145702,1,1,0
146216,1,1,0
145674,1,1,0
143452,1,1,0
144872,1,1,0
142690,1,1,0
146497,1,1,0
146061,1,1,0
144902,1,1,0
143892,1,1,0
145859,1,1,0
145406,1,1,0
144396,1,1,0
145890,1,1,0
145096,1,1,0
142951,1,1,0
144214,1,1,0
142680,1,1,0
143503,1,1,0
145305,1,1,0
145728,1,1,0
143967,1,1,0
146444,1,1,0
142746,1,1,0
144261,1,1,0
146223,1,1,0
146233,1,1,0
144470,1,1,0
146426,1,1,0
143085,1,1,0
142692,1,1,0
144110,1,1,0
144123,1,1,0
144686,1,1,0
144625,1,1,0
144008,1,1,0
143505,1,1,0
143587,1,1,0
144682,1,1,0
144951,1,1,0
145120,1,1,0
146574,1,1,0
145371,1,1,0
144779,1,1,0
143775,1,1,0
143373,1,1,0
143259,1,1,0
146736,1,1,0
142760,1,1,0
145792,1,1,0
145730,1,1,0
146275,1,1,0
145031,1,1,0
145700,1,1,0
145570,1,1,0
144913,1,1,0
145693,1,1,0
146506,1,1,0
146354,1,1,0
143723,1,1,0
143786,1,1,0
145963,1,1,0
144661,1,1,0
146599,1,1,0
144819,1,1,0
146600,1,1,0
142968,1,1,0
145602,1,1,0
144004,1,1,0
142725,1,1,0
143954,1,1,0
144709,1,1,0
144712,1,1,0
146490,1,1,0
143685,1,1,0
146347,1,1,0
146278,1,1,0
143419,1,1,0
144402,1,1,0
145386,1,1,0
144484,1,1,0
146339,1,1,0
144249,1,1,0
146479,1,1,0
144717,1,1,0
144954,1,1,0
142916,1,1,0
143425,1,1,0
143516,1,1,0
146103,1,1,0
145909,1,1,0
144961,1,1,0
143550,1,1,0
144084,1,1,0
145074,1,1,0
143492,1,1,0
144037,1,1,0
144208,1,1,0
146387,1,1,0
146007,1,1,0
145857,1,1,0
145736,1,1,0
146513,1,1,0
146164,1,1,0
142975,1,1,0
143307,1,1,0
146073,1,1,0
144931,1,1,0
146456,1,1,0
146401,1,1,0
144481,1,1,0
143681,1,1,0
146242,1,1,0
144494,1,1,0
144223,1,1,0
143645,1,1,0
145955,1,1,0
146631,1,1,0
143127,1,1,0
144540,1,1,0
144277,1,1,0
145021,1,1,0
144807,1,1,0
143862,1,1,0
146720,1,1,0
145508,1,1,0
144774,1,1,0
145913,1,1,0
144736,1,1,0
146408,1,1,0
143690,1,1,0
145220,1,1,0
145011,1,1,0
146435,1,1,0
144833,1,1,0
145985,1,1,0
143178,1,1,0
146015,1,1,0
146198,1,1,0
142855,1,1,0
143347,1,1,0
144994,1,1,0
143562,1,1,0
143490,1,1,0
146210,1,1,0
143768,1,1,0
143500,1,1,0
144920,1,1,0
144351,1,1,0
143495,1,1,0
143270,1,1,0
142978,1,1,0
145206,1,1,0
143728,1,1,0
145920,1,1,0
146440,1,1,0
144056,1,1,0
146055,1,1,0
144840,1,1,0
143484,1,1,0
142673,1,1,0
145203,1,1,0
143831,1,1,0
146097,1,1,0
143840,1,1,0
146525,1,1,0
143988,1,1,0
145111,1,1,0
143344,1,1,0
145809,1,1,0
143044,1,1,0
144338,1,1,0
146353,1,1,0
144262,1,1,0
144579,1,1,0
145993,1,1,0
144075,1,1,0
145689,1,1,0
145480,1,1,0
145452,1,1,0
146626,1,1,0
146077,1,1,0
142891,1,1,0
146732,1,1,0
145683,1,1,0
142852,1,1,0
144400,1,1,0
144061,1,1,0
143592,1,1,0
144350,1,1,0
142886,1,1,0
145464,1,1,0
146394,1,1,0
145194,1,1,0
144269,1,1,0
144428,1,1,0
144316,1,1,0
145064,1,1,0
142743,1,1,0
145583,1,1,0
143376,1,1,0
146053,1,1,0
146304,1,1,0
145942,1,1,0
143455,1,1,0
143636,1,1,0
144886,1,1,0
146404,1,1,0
145205,1,1,0
144027,1,1,0
146344,1,1,0
145786,1,1,0
144608,1,1,0
143730,1,1,0
145238,1,1,0
146151,1,1,0
146613,1,1,0
143152,1,1,0
144021,1,1,0
145445,1,1,0
145820,1,1,0
145503,1,1,0
145796,1,1,0
146260,1,1,0
145224,1,1,0
142762,1,1,0
144439,1,1,0
146366,1,1,0
144527,1,1,0
142967,1,1,0
145958,1,1,0
144066,1,1,0
146745,1,1,0
143174,1,1,0
143213,1,1,0
143088,1,1,0
146362,1,1,0
145692,1,1,0
145545,1,1,0
145517,1,1,0
143568,1,1,0
145276,1,1,0
146360,1,1,0
145084,1,1,0
145990,1,1,0
144598,1,1,0
143217,1,1,0
146215,1,1,0
143278,1,1,0
144655,1,1,0
144529,1,1,0
145988,1,1,0
143201,1,1,0
144560,1,1,0
145983,1,1,0
146337,1,1,0
142998,1,1,0
142822,1,1,0
142879,1,1,0
145012,1,1,0
146517,1,1,0
146037,1,1,0
145654,1,1,0
144415,1,1,0
146715,1,1,0
145528,1,1,0
144301,1,1,0
143273,1,1,0
142716,1,1,0
144409,1,1,0
144575,1,1,0
143345,1,1,0
143984,1,1,0
145837,1,1,0
146155,1,1,0
144069,1,1,0
146463,1,1,0
146729,1,1,0
144122,1,1,0
143306,1,1,0
142953,1,1,0
146556,1,1,0
144533,1,1,0
143141,1,1,0
143748,1,1,0
143698,1,1,0
143171,1,1,0
144040,1,1,0
145134,1,1,0
145926,1,1,0
144048,1,1,0
145606,1,1,0
145015,1,1,0
144343,1,1,0
146147,1,1,0
144667,1,1,0
145053,1,1,0
146549,1,1,0
145359,1,1,0
145879,1,1,0
143611,1,1,0
145560,1,1,0
146067,1,1,0
143626,1,1,0
144678,1,1,0
145391,1,1,0
144315,1,1,0
144212,1,1,0
143133,1,1,0
145515,1,1,0
144030,1,1,0
146655,1,1,0
145352,1,1,0
144137,1,1,0
145164,1,1,0
145035,1,1,0
143231,1,1,0
142962,1,1,0
144143,1,1,0
144310,1,1,0
143997,1,1,0
146650,1,1,0
146292,1,1,0
145475,1,1,0
144068,1,1,0
144091,1,1,0
143144,1,1,0
146674,1,1,0
145494,1,1,0
144356,1,1,0
143228,1,1,0
144382,1,1,0
144273,1,1,0
144150,1,1,0
143995,1,1,0
143087,1,1,0
144491,1,1,0
146296,1,1,0
143177,1,1,0
145978,1,1,0
145538,1,1,0
146310,1,1,0
143206,1,1,0
146317,1,1,0
144521,1,1,0
146043,1,1,0
142838,1,1,0
144058,1,1,0
145483,1,1,0
143042,1,1,0
143159,1,1,0
144370,1,1,0
146447,1,1,0
146213,1,1,0
145066,1,1,0
146527,1,1,0
143064,1,1,0
143358,1,1,0
143098,1,1,0
142913,1,1,0
143641,1,1,0
143434,1,1,0
146338,1,1,0
146687,1,1,0
145613,1,1,0
146733,1,1,0
143983,1,1,0
143115,1,1,0
144158,1,1,0
144837,1,1,0
143962,1,1,0
145934,1,1,0
146441,1,1,0
146307,1,1,0
146578,1,1,0
143375,1,1,0
145898,1,1,0
143316,1,1,0
145605,1,1,0
144746,1,1,0
143237,1,1,0
143602,1,1,0
145334,1,1,0
143708,1,1,0
144424,1,1,0
145267,1,1,0
143212,1,1,0
145536,1,1,0
145465,1,1,0
145148,1,1,0
145989,1,1,0
144324,1,1,0
144425,1,1,0
145240,1,1,0
146638,1,1,0
145764,1,1,0
143332,1,1,0
143227,1,1,0
143268,1,1,0
143625,1,1,0
142947,1,1,0
143203,1,1,0
145444,1,1,0
145285,1,1,0
146254,1,1,0
145660,1,1,0
143413,1,1,0
142804,1,1,0
144057,1,1,0
144566,1,1,0
143740,1,1,0
145260,1,1,0
145766,1,1,0
144957,1,1,0
144934,1,1,0
142824,1,1,0
145662,1,1,0
145402,1,1,0
143794,1,1,0
144768,1,1,0
145621,1,1,0
144946,1,1,0
142681,1,1,0
144281,1,1,0
143789,1,1,0
145828,1,1,0
145756,1,1,0
144206,1,1,0
145966,1,1,0
144386,1,1,0
145785,1,1,0
145610,1,1,0
143501,1,1,0
143546,1,1,0
143052,1,1,0
143741,1,1,0
146646,1,1,0
146694,1,1,0
143806,1,1,0
144778,1,1,0
144007,1,1,0
142791,1,1,0
145960,1,1,0
144109,1,1,0
145025,1,1,0
146299,1,1,0
143287,1,1,0
144858,1,1,0
144184,1,1,0
143284,1,1,0
145251,1,1,0
143811,1,1,0
143533,1,1,0
145687,1,1,0
142966,1,1,0
145629,1,1,0
146594,1,1,0
143576,1,1,0
145599,1,1,0
144926,1,1,0
144136,1,1,0
143394,1,1,0
145740,1,1,0
142907,1,1,0
144437,1,1,0
142816,1,1,0
145762,1,1,0
144952,1,1,0
145306,1,1,0
144541,1,1,0
142933,1,1,0
144129,1,1,0
143803,1,1,0
143830,1,1,0
144630,1,1,0
144690,1,1,0
144120,1,1,0
145924,1,1,0
146333,1,1,0
144680,1,1,0
146544,1,1,0
145888,1,1,0
146253,1,1,0
144429,1,1,0
144466,1,1,0
143251,1,1,0
146080,1,1,0
143634,1,1,0
144099,1,1,0
146235,1,1,0
146280,1,1,0
146032,1,1,0
143462,1,1,0
143313,1,1,0
145197,1,1,0
144663,1,1,0
146009,1,1,0
144706,1,1,0
143579,1,1,0
146725,1,1,0
145703,1,1,0
145977,1,1,0
146721,1,1,0
143173,1,1,0
146714,1,1,0
144083,1,1,0
143868,1,1,0
145448,1,1,0
146075,1,1,0
145230,1,1,0
145885,1,1,0
143120,1,1,0
144115,1,1,0
146099,1,1,0
143987,1,1,0
142864,1,1,0
146028,1,1,0
145645,1,1,0
144906,1,1,0
145818,1,1,0
144372,1,1,0
143426,1,1,0
145429,1,1,0
143143,1,1,0
143814,1,1,0
144349,1,1,0
146211,1,1,0
143891,1,1,0
144638,1,1,0
144028,1,1,0
143939,1,1,0
144181,1,1,0
146144,1,1,0
146193,1,1,0
145427,1,1,0
144216,1,1,0
145433,1,1,0
146143,1,1,0
143427,1,1,0
143864,1,1,0
144013,1,1,0
143363,1,1,0
145005,1,1,0
144404,1,1,0
143077,1,1,0
143319,1,1,0
144741,1,1,0
143274,1,1,0
145805,1,1,0
146629,1,1,0
145801,1,1,0
144171,1,1,0
143102,1,1,0
143784,1,1,0
144293,1,1,0
143050,1,1,0
146437,1,1,0
142678,1,1,0
146573,1,1,0
144787,1,1,0
144014,1,1,0
145573,1,1,0
143056,1,1,0
144483,1,1,0
146343,1,1,0
146255,1,1,0
144880,1,1,0
145915,1,1,0
145946,1,1,0
144401,1,1,0
143911,1,1,0
145431,1,1,0
145001,1,1,0
142912,1,1,0
143930,1,1,0
143760,1,1,0
144788,1,1,0
144161,1,1,0
145661,1,1,0
143485,1,1,0
145510,1,1,0
145864,1,1,0
145542,1,1,0
144459,1,1,0
143179,1,1,0
145056,1,1,0
143441,1,1,0
146393,1,1,0
143619,1,1,0
142849,1,1,0
144924,1,1,0
146031,1,1,0
146667,1,1,0
145723,1,1,0
146678,1,1,0
146455,1,1,0
143079,1,1,0
143828,1,1,0
146705,1,1,0
144581,1,1,0
145765,1,1,0
143055,1,1,0
144999,1,1,0
144755,1,1,0
143405,1,1,0
144623,1,1,0
143004,1,1,0
143522,1,1,0
146157,1,1,0
144190,1,1,0
145412,1,1,0
143364,1,1,0
145440,1,1,0
145675,1,1,0
144603,1,1,0
143950,1,1,0
144593,1,1,0
144474,1,1,0
145072,1,1,0
144489,1,1,0
146546,1,1,0
145501,1,1,0
146236,1,1,0
144500,1,1,0
142918,1,1,0
143082,1,1,0
143009,1,1,0
144034,1,1,0
146563,1,1,0
144078,1,1,0
146727,1,1,0
145580,1,1,0
146595,1,1,0
143293,1,1,0
142901,1,1,0
144460,1,1,0
144094,1,1,0
145607,1,1,0
144949,1,1,0
146161,1,1,0
144938,1,1,0
146481,1,1,0
144359,1,1,0
144378,1,1,0
144100,1,1,0
145245,1,1,0
144265,1,1,0
145745,1,1,0
146541,1,1,0
146403,1,1,0
146248,1,1,0
146475,1,1,0
145456,1,1,0
145903,1,1,0
142781,1,1,0
145396,1,1,0
145753,1,1,0
144808,1,1,0
143175,1,1,0
144243,1,1,0
144373,1,1,0
143744,1,1,0
145862,1,1,0
145180,1,1,0
145351,1,1,0
143157,1,1,0
145973,1,1,0
144765,1,1,0
143569,1,1,0
142806,1,1,0
144716,1,1,0
145559,1,1,0
145086,1,1,0
146668,1,1,0
146140,1,1,0
143752,1,1,0
144156,1,1,0
143763,1,1,0
143262,1,1,0
145897,1,1,0
142685,1,1,0
144311,1,1,0
143618,1,1,0
144358,1,1,0
144818,1,1,0
145572,1,1,0
143684,1,1,0
142965,1,1,0
144732,1,1,0
146570,1,1,0
144556,1,1,0
143788,1,1,0
144619,1,1,0
144974,1,1,0
145487,1,1,0
143008,1,1,0
143991,1,1,0
145484,1,1,0
146553,1,1,0
146160,1,1,0
143616,1,1,0
143678,1,1,0
144530,1,1,0
145266,1,1,0
144781,1,1,0
143689,1,1,0
145555,1,1,0
142973,1,1,0
145116,1,1,0
144306,1,1,0
142993,1,1,0
143898,1,1,0
143614,1,1,0
144535,1,1,0
145953,1,1,0
145320,1,1,0
146051,1,1,0
143839,1,1,0
143436,1,1,0
144758,1,1,0
143719,1,1,0
144618,1,1,0
145255,1,1,0
144629,1,1,0
143917,1,1,0
142954,1,1,0
142745,1,1,0
145984,1,1,0
143469,1,1,0
143233,1,1,0
144710,1,1,0
144650,1,1,0
143857,1,1,0
144074,1,1,0
143147,1,1,0
145254,1,1,0
143230,1,1,0
142764,1,1,0
144963,1,1,0
144917,1,1,0
143646,1,1,0
144728,1,1,0
142707,1,1,0
144488,1,1,0
145576,1,1,0
145343,1,1,0
144666,1,1,0
144790,1,1,0
142883,1,1,0
143299,1,1,0
144538,1,1,0
146199,1,1,0
145361,1,1,0
144387,1,1,0
144141,1,1,0
146372,1,1,0
143420,1,1,0
143856,1,1,0
144843,1,1,0
142942,1,1,0
146516,1,1,0
143412,1,1,0
143482,1,1,0
145894,1,1,0
146494,1,1,0
143925,1,1,0
143738,1,1,0
144559,1,1,0
146089,1,1,0
145290,1,1,0
145204,1,1,0
146162,1,1,0
144806,1,1,0
146431,1,1,0
144594,1,1,0
143589,1,1,0
144146,1,1,0
144009,1,1,0
145451,1,1,0
146040,1,1,0
146359,1,1,0
146601,1,1,0
142803,1,1,0
145782,1,1,0
143470,1,1,0
146551,1,1,0
146266,1,1,0
144211,1,1,0
146718,1,1,0
144407,1,1,0
143807,1,1,0
146283,1,1,0
143219,1,1,0
142744,1,1,0
146740,1,1,0
145295,1,1,0
144388,1,1,0
146017,1,1,0
145656,1,1,0
144968,1,1,0
143040,1,1,0
146434,1,1,0
146460,1,1,0
146619,1,1,0
145236,1,1,0
143934,1,1,0
146520,1,1,0
145758,1,1,0
146098,1,1,0
146420,1,1,0
145836,1,1,0
144510,1,1,0
145507,1,1,0
146039,1,1,0
144416,1,1,0
146657,1,1,0
143989,1,1,0
146385,1,1,0
143214,1,1,0
145043,1,1,0
145348,1,1,0
146182,1,1,0
144884,1,1,0
145865,1,1,0
144438,1,1,0
144919,1,1,0
146003,1,1,0
144050,1,1,0
145552,1,1,0
143802,1,1,0
143660,1,1,0
145185,1,1,0
144615,1,1,0
142880,1,1,0
143073,1,1,0
144444,1,1,0
145587,1,1,0
146285,1,1,0
142698,1,1,0
145676,1,1,0
144151,1,1,0
146150,1,1,0
144591,1,1,0
144794,1,1,0
144813,1,1,0
146251,1,1,0
143242,1,1,0
145622,1,1,0
142875,1,1,0
144232,1,1,0
145388,1,1,0
143733,1,1,0
145006,1,1,0
38272,1,40,0
146390,1,1,0
143325,1,1,0
145323,1,1,0
145793,1,1,0
144567,1,1,0
144821,1,1,0
143498,1,1,0
143791,1,1,0
145102,1,1,0
145420,1,1,0
143136,1,1,0
143557,1,1,0
144020,1,1,0
144983,1,1,0
145682,1,1,0
142857,1,1,0
144890,1,1,0
143731,1,1,0
144203,1,1,0
142898,1,1,0
144406,1,1,0
143076,1,1,0
146534,1,1,0
144139,1,1,0
145816,1,1,0
142929,1,1,0
145951,1,1,0
145058,1,1,0
145288,1,1,0
145741,1,1,0
144772,1,1,0
143727,1,1,0
143451,1,1,0
143535,1,1,0
144907,1,1,0
142981,1,1,0
145835,1,1,0
143779,1,1,0
145928,1,1,0
146689,1,1,0
145612,1,1,0
143468,1,1,0
144505,1,1,0
145642,1,1,0
143445,1,1,0
144877,1,1,0
143767,1,1,0
144133,1,1,0
146402,1,1,0
146421,1,1,0
146114,1,1,0
144722,1,1,0
145018,1,1,0
145047,1,1,0
143669,1,1,0
146500,1,1,0
145374,1,1,0
146234,1,1,0
145324,1,1,0
143906,1,1,0
144948,1,1,0
146695,1,1,0
145868,1,1,0
144689,1,1,0
146185,1,1,0
142892,1,1,0
145788,1,1,0
145823,1,1,0
146730,1,1,0
142976,1,1,0
145218,1,1,0
143695,1,1,0
144614,1,1,0
144175,1,1,0
143716,1,1,0
145914,1,1,0
146303,1,1,0
142845,1,1,0
144545,1,1,0
144648,1,1,0
145649,1,1,0
143466,1,1,0
145313,1,1,0
144662,1,1,0
143254,1,1,0
143560,1,1,0
142672,1,1,0
144398,1,1,0
143199,1,1,0
143635,1,1,0
145079,1,1,0
142794,1,1,0
144853,1,1,0
145384,1,1,0
142733,1,1,0
146612,1,1,0
144218,1,1,0
144753,1,1,0
143424,1,1,0
144085,1,1,0
144205,1,1,0
143327,1,1,0
142914,1,1,0
145929,1,1,0
144096,1,1,0
144435,1,1,0
143881,1,1,0
143181,1,1,0
145376,1,1,0
144764,1,1,0
142677,1,1,0
144101,1,1,0
144246,1,1,0
145473,1,1,0
144080,1,1,0
143745,1,1,0
145551,1,1,0
145490,1,1,0
144314,1,1,0
146330,1,1,0
145045,1,1,0
144817,1,1,0
146058,1,1,0
145804,1,1,0
144644,1,1,0
144601,1,1,0
145644,1,1,0
142897,1,1,0
146741,1,1,0
143343,1,1,0
144984,1,1,0
145948,1,1,0
143432,1,1,0
145156,1,1,0
143912,1,1,0
144955,1,1,0
144925,1,1,0
146709,1,1,0
144147,1,1,0
145881,1,1,0
143192,1,1,0
143600,1,1,0
146173,1,1,0
146555,1,1,0
144284,1,1,0
143712,1,1,0
143187,1,1,0
144446,1,1,0
143945,1,1,0
143941,1,1,0
144482,1,1,0
146724,1,1,0
145317,1,1,0
144219,1,1,0
146712,1,1,0
145481,1,1,0
145531,1,1,0
145574,1,1,0
145450,1,1,0
144001,1,1,0
143977,1,1,0
145413,1,1,0
146675,1,1,0
143739,1,1,0
144780,1,1,0
144271,1,1,0
145825,1,1,0
145663,1,1,0
145543,1,1,0
144725,1,1,0
145143,1,1,0
145679,1,1,0
144649,1,1,0
145274,1,1,0
143654,1,1,0
144550,1,1,0
143403,1,1,0
145161,1,1,0
144070,1,1,0
146684,1,1,0
145350,1,1,0
145939,1,1,0
145743,1,1,0
144186,1,1,0
143539,1,1,0
142712,1,1,0
143229,1,1,0
142747,1,1,0
144554,1,1,0
145546,1,1,0
146579,1,1,0
145454,1,1,0
144333,1,1,0
142884,1,1,0
143334,1,1,0
145981,1,1,0
142761,1,1,0
143907,1,1,0
143086,1,1,0
145296,1,1,0
144564,1,1,0
146738,1,1,0
145331,1,1,0
144606,1,1,0
143207,1,1,0
143496,1,1,0
143261,1,1,0
143366,1,1,0
146306,1,1,0
146477,1,1,0
143182,1,1,0
145199,1,1,0
146661,1,1,0
144520,1,1,0
144947,1,1,0
146127,1,1,0
145516,1,1,0
143841,1,1,0
146704,1,1,0
145540,1,1,0
146734,1,1,0
145498,1,1,0
146564,1,1,0
145834,1,1,0
146085,1,1,0
144832,1,1,0
145154,1,1,0
145522,1,1,0
144296,1,1,0
143014,1,1,0
144067,1,1,0
146569,1,1,0
146598,1,1,0
142708,1,1,0
143960,1,1,0
143094,1,1,0
145289,1,1,0
144041,1,1,0
143298,1,1,0
143218,1,1,0
144238,1,1,0
144018,1,1,0
143566,1,1,0
143163,1,1,0
143083,1,1,0
144270,1,1,0
146191,1,1,0
146349,1,1,0
142700,1,1,0
144791,1,1,0
144502,1,1,0
144097,1,1,0
146726,1,1,0
145208,1,1,0
145237,1,1,0
145387,1,1,0
143676,1,1,0
144352,1,1,0
143664,1,1,0
144731,1,1,0
142917,1,1,0
144863,1,1,0
144368,1,1,0
145919,1,1,0
144583,1,1,0
146744,1,1,0
146649,1,1,0
146205,1,1,0
146453,1,1,0
144367,1,1,0
142741,1,1,0
146239,1,1,0
146219,1,1,0
143844,1,1,0
144929,1,1,0
143099,1,1,0
144910,1,1,0
143030,1,1,0
144693,1,1,0
145345,1,1,0
145688,1,1,0
144375,1,1,0
143296,1,1,0
145534,1,1,0
146136,1,1,0
146252,1,1,0
145241,1,1,0
146309,1,1,0
143528,1,1,0
145851,1,1,0
143896,1,1,0
145910,1,1,0
145995,1,1,0
143116,1,1,0
144940,1,1,0
146710,1,1,0
145100,1,1,0
144713,1,1,0
144656,1,1,0
144095,1,1,0
146407,1,1,0
143272,1,1,0
144691,1,1,0
143527,1,1,0
146284,1,1,0
145366,1,1,0
144824,1,1,0
145708,1,1,0
146474,1,1,0
145803,1,1,0
143483,1,1,0
146561,1,1,0
146468,1,1,0
145279,1,1,0
146451,1,1,0
145108,1,1,0
143356,1,1,0
143320,1,1,0
144653,1,1,0
143352,1,1,0
142868,1,1,0
145549,1,1,0
146389,1,1,0
145895,1,1,0
142850,1,1,0
144893,1,1,0
145325,1,1,0
145530,1,1,0
143534,1,1,0
146701,1,1,0
143800,1,1,0
146217,1,1,0
143742,1,1,0
144636,1,1,0
145404,1,1,0
144106,1,1,0
146523,1,1,0
144658,1,1,0
144082,1,1,0
146131,1,1,0
144897,1,1,0
144231,1,1,0
144380,1,1,0
144383,1,1,0
146074,1,1,0
145070,1,1,0
143389,1,1,0
145589,1,1,0
144119,1,1,0
145748,1,1,0
145144,1,1,0
143543,1,1,0
145270,1,1,0
143472,1,1,0
144528,1,1,0
143309,1,1,0
143980,1,1,0
143176,1,1,0
144178,1,1,0
146377,1,1,0
144743,1,1,0
144490,1,1,0
146137,1,1,0
144026,1,1,0
142713,1,1,0
146005,1,1,0
144065,1,1,0
144319,1,1,0
142703,1,1,0
144561,1,1,0
145634,1,1,0
145931,1,1,0
145620,1,1,0
146190,1,1,0
142706,1,1,0
142977,1,1,0
143770,1,1,0
145399,1,1,0
145225,1,1,0
146364,1,1,0
142819,1,1,0
146346,1,1,0
145595,1,1,0
142820,1,1,0
145918,1,1,0
146247,1,1,0
144585,1,1,0
146605,1,1,0
146514,1,1,0
146582,1,1,0
142795,1,1,0
143140,1,1,0
143537,1,1,0
144945,1,1,0
143049,1,1,0
144453,1,1,0
143117,1,1,0
144145,1,1,0
144200,1,1,0
144369,1,1,0
143935,1,1,0
143572,1,1,0
146691,1,1,0
145925,1,1,0
142748,1,1,0
144823,1,1,0
145997,1,1,0
146482,1,1,0
146488,1,1,0
146076,1,1,0
142813,1,1,0
145964,1,1,0
144276,1,1,0
145968,1,1,0
143494,1,1,0
144651,1,1,0
145822,1,1,0
143457,1,1,0
145217,1,1,0
145824,1,1,0
143398,1,1,0
145750,1,1,0
145479,1,1,0
146006,1,1,0
143520,1,1,0
143958,1,1,0
146536,1,1,0
143783,1,1,0
143170,1,1,0
144558,1,1,0
146370,1,1,0
144292,1,1,0
146641,1,1,0
142710,1,1,0
145875,1,1,0
144353,1,1,0
143245,1,1,0
143146,1,1,0
144239,1,1,0
143551,1,1,0
142701,1,1,0
144525,1,1,0
146212,1,1,0
143586,1,1,0
143068,1,1,0
146637,1,1,0
144632,1,1,0
146642,1,1,0
143778,1,1,0
146326,1,1,0
143382,1,1,0
143544,1,1,0
142963,1,1,0
143381,1,1,0
146507,1,1,0
144546,1,1,0
143687,1,1,0
142818,1,1,0
143128,1,1,0
143998,1,1,0
145039,1,1,0
145447,1,1,0
145694,1,1,0
144495,1,1,0
142805,1,1,0
144762,1,1,0
144187,1,1,0
144874,1,1,0
143597,1,1,0
142802,1,1,0
145553,1,1,0
145970,1,1,0
145042,1,1,0
146688,1,1,0
143796,1,1,0
142871,1,1,0
142920,1,1,0
144480,1,1,0
146297,1,1,0
145428,1,1,0
144079,1,1,0
143532,1,1,0
145080,1,1,0
144563,1,1,0
144226,1,1,0
144751,1,1,0
145727,1,1,0
146169,1,1,0
143613,1,1,0
145535,1,1,0
144464,1,1,0
143248,1,1,0
145333,1,1,0
146630,1,1,0
145311,1,1,0
143570,1,1,0
145198,1,1,0
146621,1,1,0
145539,1,1,0
144958,1,1,0
143106,1,1,0
144011,1,1,0
143694,1,1,0
142992,1,1,0
146417,1,1,0
144820,1,1,0
143721,1,1,0
145908,1,1,0
146258,1,1,0
146321,1,1,0
146558,1,1,0
143523,1,1,0
146156,1,1,0
143223,1,1,0
144256,1,1,0
143726,1,1,0
146693,1,1,0
145669,1,1,0
144450,1,1,0
145249,1,1,0
143118,1,1,0
144497,1,1,0
145701,1,1,0
146123,1,1,0
142972,1,1,0
143467,1,1,0
145511,1,1,0
145867,1,1,0
144870,1,1,0
143371,1,1,0
143561,1,1,0
144318,1,1,0
145229,1,1,0
142771,1,1,0
143904,1,1,0
145959,1,1,0
145495,1,1,0
143305,1,1,0
145090,1,1,0
143514,1,1,0
142766,1,1,0
142985,1,1,0
146543,1,1,0
145107,1,1,0
143461,1,1,0
146495,1,1,0
144250,1,1,0
146560,1,1,0
142961,1,1,0
143700,1,1,0
144932,1,1,0
144922,1,1,0
145504,1,1,0
143737,1,1,0
144295,1,1,0
146206,1,1,0
145233,1,1,0
143208,1,1,0
143858,1,1,0
145129,1,1,0
143558,1,1,0
143166,1,1,0
144939,1,1,0
145870,1,1,0
143404,1,1,0
143565,1,1,0
143297,1,1,0
144422,1,1,0
142924,1,1,0
146557,1,1,0
143473,1,1,0
146245,1,1,0
145358,1,1,0
146697,1,1,0
146702,1,1,0
145193,1,1,0
144859,1,1,0
144421,1,1,0
146706,1,1,0
144003,1,1,0
145101,1,1,0
145635,1,1,0
145499,1,1,0
145232,1,1,0
142735,1,1,0
146388,1,1,0
145075,1,1,0
146294,1,1,0
143915,1,1,0
144162,1,1,0
143870,1,1,0
143090,1,1,0
145664,1,1,0
144639,1,1,0
143585,1,1,0
146373,1,1,0
142925,1,1,0
146357,1,1,0
146126,1,1,0
143054,1,1,0
145091,1,1,0
146572,1,1,0
145394,1,1,0
143209,1,1,0
146101,1,1,0
143303,1,1,0
146087,1,1,0
142834,1,1,0
145235,1,1,0
144580,1,1,0
142704,1,1,0
143555,1,1,0
144326,1,1,0
146229,1,1,0
143999,1,1,0
146660,1,1,0
143078,1,1,0
146604,1,1,0
146522,1,1,0
145512,1,1,0
144417,1,1,0
145460,1,1,0
144586,1,1,0
146019,1,1,0
144856,1,1,0
145557,1,1,0
144516,1,1,0
146314,1,1,0
143964,1,1,0
145246,1,1,0
144268,1,1,0
145003,1,1,0
145073,1,1,0
146663,1,1,0
145826,1,1,0
142696,1,1,0
144322,1,1,0
145912,1,1,0
146485,1,1,0
144185,1,1,0
145529,1,1,0
146617,1,1,0
142749,1,1,0
146240,1,1,0
143125,1,1,0
143797,1,1,0
145002,1,1,0
143295,1,1,0
145231,1,1,0
146486,1,1,0
142812,1,1,0
145614,1,1,0
143970,1,1,0
143491,1,1,0
145291,1,1,0
143459,1,1,0
144222,1,1,0
146445,1,1,0
146331,1,1,0
144726,1,1,0
143879,1,1,0
145684,1,1,0
144800,1,1,0
143383,1,1,0
145777,1,1,0
144325,1,1,0
144307,1,1,0
142694,1,1,0
145637,1,1,0
142752,1,1,0
144911,1,1,0
144266,1,1,0
145403,1,1,0
145940,1,1,0
146056,1,1,0
143045,1,1,0
146048,1,1,0
142846,1,1,0
146647,1,1,0
145336,1,1,0
144849,1,1,0
145458,1,1,0
143671,1,1,0
143101,1,1,0
146698,1,1,0
145863,1,1,0
145300,1,1,0
145872,1,1,0
143142,1,1,0
145098,1,1,0
145938,1,1,0
142726,1,1,0
145184,1,1,0
145432,1,1,0
145050,1,1,0
142826,1,1,0
143574,1,1,0
145071,1,1,0
146020,1,1,0
146050,1,1,0
142801,1,1,0
144423,1,1,0
144055,1,1,0
144596,1,1,0
143517,1,1,0
145354,1,1,0
145749,1,1,0
145497,1,1,0
143901,1,1,0
143559,1,1,0
143787,1,1,0
143540,1,1,0
143058,1,1,0
145718,1,1,0
145917,1,1,0
145593,1,1,0
144757,1,1,0
146261,1,1,0
144165,1,1,0
144371,1,1,0
142767,1,1,0
145945,1,1,0
143642,1,1,0
143696,1,1,0
144131,1,1,0
143153,1,1,0
142909,1,1,0
146334,1,1,0
146062,1,1,0
145783,1,1,0
143816,1,1,0
143395,1,1,0
144468,1,1,0
145136,1,1,0
145286,1,1,0
145364,1,1,0
145407,1,1,0
144991,1,1,0
146469,1,1,0
145273,1,1,0
146325,1,1,0
145841,1,1,0
146246,1,1,0
143581,1,1,0
144633,1,1,0
145163,1,1,0
145187,1,1,0
143627,1,1,0
146673,1,1,0
143066,1,1,0
142971,1,1,0
143893,1,1,0
145936,1,1,0
145007,1,1,0
146244,1,1,0
145147,1,1,0
146184,1,1,0
146470,1,1,0
146104,1,1,0
144436,1,1,0
144936,1,1,0
145933,1,1,0
144621,1,1,0
144846,1,1,0
143385,1,1,0
143280,1,1,0
143080,1,1,0
146181,1,1,0
143200,1,1,0
144562,1,1,0
144280,1,1,0
145680,1,1,0
146591,1,1,0
146427,1,1,0
143282,1,1,0
143859,1,1,0
143944,1,1,0
144993,1,1,0
143384,1,1,0
142996,1,1,0
146116,1,1,0
142810,1,1,0
143100,1,1,0
145462,1,1,0
142835,1,1,0
145135,1,1,0
143195,1,1,0
143450,1,1,0
143037,1,1,0
145310,1,1,0
143292,1,1,0
142943,1,1,0
144760,1,1,0
144042,1,1,0
143512,1,1,0
143513,1,1,0
144620,1,1,0
143354,1,1,0
144447,1,1,0
143041,1,1,0
145768,1,1,0
144900,1,1,0
146276,1,1,0
144735,1,1,0
146084,1,1,0
144901,1,1,0
144912,1,1,0
145721,1,1,0
143682,1,1,0
144299,1,1,0
142955,1,1,0
145604,1,1,0
146041,1,1,0
144733,1,1,0
145691,1,1,0
145514,1,1,0
146177,1,1,0
142895,1,1,0
143186,1,1,0
146723,1,1,0
143043,1,1,0
146397,1,1,0
146620,1,1,0
144385,1,1,0
143183,1,1,0
143331,1,1,0
143351,1,1,0
144588,1,1,0
143302,1,1,0
142984,1,1,0
144005,1,1,0
144478,1,1,0
142982,1,1,0
144970,1,1,0
144845,1,1,0
142919,1,1,0
145800,1,1,0
144063,1,1,0
144582,1,1,0
142674,1,1,0
145831,1,1,0
144233,1,1,0
143903,1,1,0
142737,1,1,0
143252,1,1,0
145082,1,1,0
145850,1,1,0
144164,1,1,0
143869,1,1,0
143821,1,1,0
144584,1,1,0
145392,1,1,0
143746,1,1,0
142936,1,1,0
144576,1,1,0
143435,1,1,0
142941,1,1,0
144252,1,1,0
144867,1,1,0
144613,1,1,0
143780,1,1,0
146030,1,1,0
144060,1,1,0
143194,1,1,0
144676,1,1,0
144887,1,1,0
144392,1,1,0
143109,1,1,0
143677,1,1,0
146200,1,1,0
145221,1,1,0
145014,1,1,0
146636,1,1,0
145114,1,1,0
143310,1,1,0
143758,1,1,0
144148,1,1,0
145449,1,1,0
145271,1,1,0
143766,1,1,0
145627,1,1,0
144224,1,1,0
145884,1,1,0
144962,1,1,0
143781,1,1,0
142867,1,1,0
146021,1,1,0
145690,1,1,0
145845,1,1,0
144914,1,1,0
144348,1,1,0
143725,1,1,0
143929,1,1,0
145568,1,1,0
142843,1,1,0
145421,1,1,0
143105,1,1,0
144046,1,1,0
146256,1,1,0
143630,1,1,0
145037,1,1,0
146322,1,1,0
144405,1,1,0
142979,1,1,0
144504,1,1,0
142734,1,1,0
143362,1,1,0
146192,1,1,0
144953,1,1,0
146129,1,1,0
145176,1,1,0
143165,1,1,0
143824,1,1,0
144154,1,1,0
144707,1,1,0
146457,1,1,0
144783,1,1,0
144215,1,1,0
143622,1,1,0
145904,1,1,0
142830,1,1,0
144433,1,1,0
145947,1,1,0
146643,1,1,0
145911,1,1,0
146046,1,1,0
143396,1,1,0
143418,1,1,0
144355,1,1,0
145802,1,1,0
146540,1,1,0
142699,1,1,0
144125,1,1,0
145509,1,1,0
145569,1,1,0
145672,1,1,0
143754,1,1,0
145222,1,1,0
145603,1,1,0
146149,1,1,0
143061,1,1,0
145726,1,1,0
142679,1,1,0
143155,1,1,0
144289,1,1,0
145131,1,1,0
144291,1,1,0
144587,1,1,0
143511,1,1,0
144748,1,1,0
146351,1,1,0
143357,1,1,0
145210,1,1,0
143415,1,1,0
143421,1,1,0
143703,1,1,0
144479,1,1,0
146108,1,1,0
143524,1,1,0
145398,1,1,0
145040,1,1,0
143317,1,1,0
143247,1,1,0
143264,1,1,0
146318,1,1,0
145247,1,1,0
145618,1,1,0
145932,1,1,0
144195,1,1,0
145625,1,1,0
145774,1,1,0
146013,1,1,0
143885,1,1,0
145226,1,1,0
143168,1,1,0
146542,1,1,0
145337,1,1,0
145319,1,1,0
146405,1,1,0
145582,1,1,0
143341,1,1,0
142862,1,1,0
145083,1,1,0
145877,1,1,0
142754,1,1,0
144039,1,1,0
145754,1,1,0
144248,1,1,0
145779,1,1,0
145833,1,1,0
143530,1,1,0
145892,1,1,0
144038,1,1,0
143957,1,1,0
144699,1,1,0
146596,1,1,0
143827,1,1,0
145567,1,1,0
143921,1,1,0
144498,1,1,0
145653,1,1,0
146010,1,1,0
145655,1,1,0
144393,1,1,0
145318,1,1,0
146639,1,1,0
143339,1,1,0
144985,1,1,0
142960,1,1,0
144969,1,1,0
143818,1,1,0
143804,1,1,0
146511,1,1,0
144855,1,1,0
145292,1,1,0
142878,1,1,0
144440,1,1,0
145962,1,1,0
144389,1,1,0
143244,1,1,0
143922,1,1,0
144965,1,1,0
143584,1,1,0
145821,1,1,0
146722,1,1,0
142999,1,1,0
142989,1,1,0
144288,1,1,0
146515,1,1,0
144029,1,1,0
143563,1,1,0
146002,1,1,0
143762,1,1,0
144420,1,1,0
144264,1,1,0
142779,1,1,0
144130,1,1,0
142926,1,1,0
145029,1,1,0
143554,1,1,0
144073,1,1,0
144254,1,1,0
144471,1,1,0
142784,1,1,0
146100,1,1,0
143135,1,1,0
145340,1,1,0
142949,1,1,0
143023,1,1,0
144253,1,1,0
142831,1,1,0
144903,1,1,0
144777,1,1,0
143947,1,1,0
144571,1,1,0
143359,1,1,0
143391,1,1,0
145873,1,1,0
144364,1,1,0
146593,1,1,0
145596,1,1,0
143674,1,1,0
146361,1,1,0
144023,1,1,0
143132,1,1,0
146503,1,1,0
144928,1,1,0
144573,1,1,0
146565,1,1,0
145228,1,1,0
144842,1,1,0
143593,1,1,0
145065,1,1,0
143402,1,1,0
144883,1,1,0
146115,1,1,0
143476,1,1,0
145827,1,1,0
145878,1,1,0
142800,1,1,0
146125,1,1,0
144802,1,1,0
145477,1,1,0
142785,1,1,0
142691,1,1,0
144403,1,1,0
146340,1,1,0
144681,1,1,0
144174,1,1,0
143236,1,1,0
143478,1,1,0
145339,1,1,0
145982,1,1,0
143665,1,1,0
143220,1,1,0
144452,1,1,0
145681,1,1,0
145526,1,1,0
145886,1,1,0
145087,1,1,0
143865,1,1,0
144259,1,1,0
146487,1,1,0
146282,1,1,0
144509,1,1,0
145469,1,1,0
143095,1,1,0
144708,1,1,0
144997,1,1,0
144012,1,1,0
145256,1,1,0
144654,1,1,0
143460,1,1,0
145640,1,1,0
144512,1,1,0
144230,1,1,0
142768,1,1,0
144462,1,1,0
143031,1,1,0
143771,1,1,0
144704,1,1,0
146633,1,1,0
142722,1,1,0
144569,1,1,0
143866,1,1,0
144643,1,1,0
144894,1,1,0
142873,1,1,0
142893,1,1,0
145838,1,1,0
144236,1,1,0
143370,1,1,0
145054,1,1,0
143902,1,1,0
142796,1,1,0
143582,1,1,0
144242,1,1,0
145145,1,1,0
145554,1,1,0
142987,1,1,0
145457,1,1,0
145471,1,1,0
143871,1,1,0
143916,1,1,0
145287,1,1,0
142736,1,1,0
143089,1,1,0
146341,1,1,0
144064,1,1,0
146446,1,1,0
146094,1,1,0
144532,1,1,0
143812,1,1,0
146134,1,1,0
146079,1,1,0
143722,1,1,0
143071,1,1,0
144600,1,1,0
145752,1,1,0
143924,1,1,0
145491,1,1,0
146566,1,1,0
145113,1,1,0
143832,1,1,0
145738,1,1,0
143215,1,1,0
146466,1,1,0
145067,1,1,0
143401,1,1,0
145647,1,1,0
143632,1,1,0
143761,1,1,0
143414,1,1,0
145638,1,1,0
145961,1,1,0
144860,1,1,0
143628,1,1,0
146302,1,1,0
146042,1,1,0
144628,1,1,0
146225,1,1,0
143759,1,1,0
146214,1,1,0
145269,1,1,0
145812,1,1,0
145110,1,1,0
144852,1,1,0
146743,1,1,0
145278,1,1,0
146491,1,1,0
146170,1,1,0
144839,1,1,0
144117,1,1,0
143211,1,1,0
144278,1,1,0
143312,1,1,0
143289,1,1,0
146448,1,1,0
146430,1,1,0
146438,1,1,0
144177,1,1,0
146320,1,1,0
144547,1,1,0
144108,1,1,0
146436,1,1,0
145665,1,1,0
146291,1,1,0
143422,1,1,0
146532,1,1,0
143409,1,1,0
144637,1,1,0
145735,1,1,0
146611,1,1,0
143553,1,1,0
145446,1,1,0
144121,1,1,0
145419,1,1,0
143518,1,1,0
143326,1,1,0
145272,1,1,0
145115,1,1,0
146207,1,1,0
145673,1,1,0
144703,1,1,0
144941,1,1,0
146352,1,1,0
143323,1,1,0
145957,1,1,0
144805,1,1,0
143256,1,1,0
146272,1,1,0
142807,1,1,0
146413,1,1,0
143953,1,1,0
145893,1,1,0
145138,1,1,0
144317,1,1,0
144916,1,1,0
143388,1,1,0
146398,1,1,0
143508,1,1,0
144670,1,1,0
145533,1,1,0
143846,1,1,0
145500,1,1,0
143773,1,1,0
146508,1,1,0
145170,1,1,0
143624,1,1,0
146036,1,1,0
143416,1,1,0
142994,1,1,0
143464,1,1,0
144862,1,1,0
143449,1,1,0
143667,1,1,0
145441,1,1,0
146295,1,1,0
146625,1,1,0
144978,1,1,0
143428,1,1,0
143704,1,1,0
144412,1,1,0
146609,1,1,0
143951,1,1,0
144749,1,1,0
145133,1,1,0
144140,1,1,0
142940,1,1,0
146250,1,1,0
144499,1,1,0
145408,1,1,0
143019,1,1,0
146004,1,1,0
145342,1,1,0
146350,1,1,0
144923,1,1,0
146699,1,1,0
145787,1,1,0
143973,1,1,0
144430,1,1,0
145650,1,1,0
144201,1,1,0
143005,1,1,0
143148,1,1,0
145541,1,1,0
143919,1,1,0
144589,1,1,0
146568,1,1,0
145784,1,1,0
143638,1,1,0
145281,1,1,0
142670,1,1,0
144810,1,1,0
145759,1,1,0
146471,1,1,0
142858,1,1,0
146670,1,1,0
143281,1,1,0
143000,1,1,0
143872,1,1,0
145584,1,1,0
145941,1,1,0
144909,1,1,0
143756,1,1,0
143567,1,1,0
143156,1,1,0
142770,1,1,0
146287,1,1,0
143968,1,1,0
142851,1,1,0
144290,1,1,0
143928,1,1,0
142705,1,1,0
144399,1,1,0
145520,1,1,0
146172,1,1,0
146311,1,1,0
144302,1,1,0
146550,1,1,0
144720,1,1,0
145854,1,1,0
142952,1,1,0
144574,1,1,0
142105,1,1,0
142097,1,1,0
142099,1,1,0
142100,1,1,0
142093,1,1,0
142096,1,1,0
142083,1,1,0
142085,1,1,0
142086,1,1,0
142074,1,1,0
142079,1,1,0
142092,1,1,0
142081,1,1,0
142089,1,1,0
142067,1,1,0
142071,1,1,0
142082,1,1,0
142075,1,1,0
142106,1,1,0
142068,1,1,0
142087,1,1,0
142077,1,1,0
142090,1,1,0
142102,1,1,0
142095,1,1,0
142084,1,1,0
142080,1,1,0
142076,1,1,0
142088,1,1,0
142072,1,1,0
142078,1,1,0
142098,1,1,0
142070,1,1,0
142069,1,1,0
142091,1,1,0
142104,1,1,0
142073,1,1,0
142101,1,1,0
142094,1,1,0
139220,1,1,0
38340,1,1,0
38341,1,1,0
38355,1,1,0
38364,1,1,0
38371,1,1,0
38379,1,1,0
149475,1,1,1
212831,1,1,0
45064,1,1,0
45097,1,1,0
213404,1,1,1
210634,1,1,0
152598,1,1,0
202256,1,1,1
215832,1,1,0
152697,1,1,0
214203,1,1,0
200472,1,1,0
58026,1,1,0
55641,1,1,0
55786,1,1,0
55991,1,1,0
56005,1,1,0
59072,1,1,0
146772,1,1,0
63655,1,1,0
63571,1,1,0
63654,1,1,0
131568,1,1,0
131567,1,1,0
137771,1,1,0
131542,1,1,0
139172,1,1,0
139100,1,1,0
151300,1,1,0
63708,1,1,0
131522,1,1,0
139141,1,1,0
151276,1,1,0
63614,1,1,0
63633,1,1,0
139128,1,1,0
59011,1,1,0
58851,1,1,0
151284,1,1,0
151253,1,1,0
211265,1,1,0
135054,1,1,0
151277,1,1,0
59037,1,1,0
138457,1,1,0
146746,1,1,0
140873,1,1,0
59016,1,1,0
59064,1,1,0
59223,1,1,0
60666,1,1,0
142207,1,1,0
141172,1,1,0
63539,1,1,0
63540,1,1,0
63590,1,1,0
63607,1,1,0
63620,1,1,0
63621,1,1,0
63719,1,1,0
140365,1,15,0
131137,1,1,0
140530,1,1,0
140529,1,1,0
140536,1,1,0
140528,1,1,0
140531,1,1,0
140537,1,1,0
140535,1,1,0
140538,1,1,0
137402,1,1,0
140533,1,1,0
137401,1,1,0
140532,1,1,0
140534,1,1,0
131482,1,1,0
131483,1,1,1
131506,1,1,0
131521,1,1,0
131524,1,1,0
131526,1,1,0
131565,1,1,0
132019,1,1,0
132553,1,1,0
138029,1,1,0
132591,1,1,1
136769,1,1,0
154315,1,1,0
140857,1,1,0
140855,1,1,0
140860,1,1,0
140862,1,1,0
140854,1,1,0
140863,1,1,0
140858,1,1,0
140856,1,1,0
140853,1,1,0
140859,1,1,0
140852,1,1,0
140861,1,1,0
134477,1,1,0
134488,1,1,0
140238,1,1,0
138514,1,1,0
138641,1,1,0
138513,1,1,0
138635,1,1,0
138387,1,1,0
138597,1,1,0
138436,1,1,0
138679,1,1,0
138409,1,1,0
136146,1,1,0
138979,1,1,0
137571,1,1,0
139161,1,1,0
137755,1,1,0
137835,1,1,0
216224,1,1,0
140512,1,1,0
140510,1,1,0
140518,1,1,0
140515,1,1,0
140520,1,1,0
140508,1,1,0
140519,1,1,0
140522,1,1,0
140521,1,1,0
140514,1,1,0
140509,1,1,0
140511,1,1,0
140513,1,1,0
140516,1,1,0
140517,1,1,0
214740,1,1,0
138211,1,1,0
139266,1,1,0
139090,1,1,0
151251,1,1,0
151232,1,1,0
151270,1,1,0
139231,1,1,0
142164,1,1,2
141445,1,1,0
153332,1,1,0
141429,1,1,0
152921,1,1,0
153330,1,1,0
142642,1,1,0
152134,1,1,0
153458,1,1,0
152118,1,1,0
142586,1,1,1
150373,1,1,0
151814,1,1,0
152631,1,1,0
139726,1,1,0
140043,1,1,0
140053,1,1,0
140250,1,1,0
140258,1,1,0
140249,1,1,0
140261,1,1,0
140255,1,1,0
140260,1,1,0
140251,1,1,0
140256,1,1,0
140245,1,1,0
140246,1,1,0
140247,1,1,0
140254,1,1,0
140248,1,1,0
140253,1,1,0
140259,1,1,0
140252,1,1,0
140257,1,1,0
140328,1,1,0
140336,1,1,0
140333,1,1,0
140332,1,1,0
140331,1,1,0
140335,1,1,0
140334,1,1,0
140337,1,1,0
140359,1,1,0
140361,1,1,0
140346,1,1,0
140358,1,1,0
140351,1,1,0
140347,1,1,0
140352,1,1,0
140349,1,1,0
140355,1,1,0
140354,1,1,0
140357,1,1,0
140350,1,1,0
140360,1,1,0
140356,1,1,0
140348,1,1,0
140353,1,1,0
140364,1,1,0
140373,1,1,0
140367,1,1,0
140368,1,1,0
140372,1,1,0
140366,1,1,0
140376,1,1,0
140371,1,1,0
140369,1,1,0
140377,1,1,0
140375,1,1,0
140370,1,1,0
140374,1,1,0
140378,1,1,0
140657,1,1,0
140654,1,1,0
140655,1,1,0
140652,1,1,0
140651,1,1,0
140648,1,1,0
140650,1,1,0
140653,1,1,0
140656,1,1,0
140649,1,1,0
146838,1,1,0
146802,1,1,0
146835,1,1,0
200256,1,1,0
205027,1,1,0
154010,1,1,0
215786,1,1,2
154155,1,1,0
204518,1,1,0
205779,1,1,0
207317,1,1,0
214704,1,1,0
212690,1,1,0
213700,1,1,0
