asn,facility,country
10111,Global Switch Hong Kong,HK
42962,Telehouse – OSAKA 1&2,JP
45102,Digital Realty Madrid MAD1-2,ES
24429,Digital Realty Madrid MAD1-2,ES
17428,Telehouse - Beijing BEZ,CN
131285,CNI/ISC DC CBR,ID
132203,kt cloud Mokdong(MD2),KR
132591,Telehouse Toronto (151 Front St West),CA
153712,Shenzhen Baiwangxinyun Datacenter,CN
151230,Shenzhen Baiwangxinyun Datacenter,CN
131530,Shenzhen Baiwangxinyun Datacenter,CN
10111,Shenzhen Baiwangxinyun Datacenter,CN
149057,Shenzhen Baiwangxinyun Datacenter,CN
24429,VITRO Makati 2,PH
45102,VITRO Makati 2,PH
132203,VITRO Makati 2,PH
4134,"Equinix DC1-DC15,DC21-DC22 - Ashburn",US
132203,"Equinix DC1-DC15,DC21-DC22 - Ashburn",US
45102,"Equinix DC1-DC15,DC21-DC22 - Ashburn",US
24429,"Equinix DC1-DC15,DC21-DC22 - Ashburn",US
45102,EdgeConneX Atlanta (EDCATL02),US
55967,Equinix HK3 - Hong Kong,HK
146834,Equinix HK3 - Hong Kong,HK
140633,Equinix HK3 - Hong Kong,HK
45102,"True IDC - North Muang Thong, Thailand",TH
132203,"True IDC - North Muang Thong, Thailand",TH
24429,"Equinix PA2 - Paris, Saint-Denis",FR
45102,Global Switch Singapore,SG
42962,Global Switch Singapore,SG
202335,Qupra DC,NL
24429,Equinix SG2 - Singapore,SG
132203,ODATA DC SP01,BR
208830,GDS Shenzhen San,CN
131530,GDS Shenzhen San,CN
205532,GDS Shenzhen San,CN
149057,GDS Shenzhen San,CN
45102,AIMS Kuala Lumpur,MY
132203,AIMS Kuala Lumpur,MY
24429,AIMS Kuala Lumpur,MY
205532,China Unicom (Hong Kong) Global Center,HK
4837,China Unicom (Hong Kong) Global Center,HK
4842,China Unicom (Hong Kong) Global Center,HK
209306,China Unicom (Hong Kong) Global Center,HK
42962,"Equinix AM6 - Amsterdam, Duivendrechtsekade",NL
4134,"Equinix AM5 - Amsterdam, Schepenbergweg",NL
24429,CS LoxInfo Data Center - The Cloud,TH
153725,firstcolo - FRA4,DE
211729,firstcolo - FRA4,DE
42962,CoreSite - Chicago (CH2),US
24429,Digital Realty Stockholm STO1-6,SE
45102,Equinix DX1 - Dubai,AE
42962,maincubes FRA01,DE
4842,Arrow Calgary DC2,CA
209306,Arrow Calgary DC2,CA
42962,DataLine  Moscow DC OST,RU
42962,Digital Realty Marseille MRS1/2/3/4,FR
132203,Digital Realty Marseille MRS1/2/3/4,FR
205532,Equinix HK5 - Hong Kong,HK
42962,Tiscali Palermo,IT
132203,Equinix IL2 - Istanbul,TR
142111,CoreSite - Los Angeles (LA1) One Wilshire,US
137813,CoreSite - Los Angeles (LA1) One Wilshire,US
42962,CoreSite - Los Angeles (LA1) One Wilshire,US
4837,CoreSite - Los Angeles (LA1) One Wilshire,US
133952,CoreSite - Los Angeles (LA1) One Wilshire,US
4134,CoreSite - Los Angeles (LA1) One Wilshire,US
138365,"Equinix ME4 - Melbourne, Derrimut (formerly Metronode Melbourne 2)",AU
55967,H5 Data Centers Silicon Valley,US
133952,Equinix SE2/SE3 - Seattle,US
42962,Equinix SE2/SE3 - Seattle,US
24429,Equinix SE2/SE3 - Seattle,US
140682,Keppel Data Centres | Huizhou Data Centre,CN
132203,Digital Realty Frankfurt FRA1-27,DE
45102,Digital Realty Frankfurt FRA1-27,DE
4837,Digital Realty Frankfurt FRA1-27,DE
42962,Digital Realty Frankfurt FRA1-27,DE
133952,Digital Realty Frankfurt FRA1-27,DE
55967,Digital Realty Frankfurt FRA1-27,DE
4134,Digital Realty Frankfurt FRA1-27,DE
42962,Chief LY Building Taipei,TW
24429,Chief LY Building Taipei,TW
24429,Equinix ME1/ME2 - Melbourne,AU
24429,Regional Data Hub (RDH),EG
210903,TsingYao HeBei DC,CN
58336,TsingYao HeBei DC,CN
212793,"WIIT Datacenter DUS1, DUS2, DUS3, DUS4, DUS6, DUS7",DE
45587,AT TOKYO (CC1/CC2),JP
10111,AT TOKYO (CC1/CC2),JP
24429,"Equinix NY2/NY4/NY5/NY6 - New York, Secaucus",US
24429,"Equinix LD7 -  London, Slough",GB
24429,DBN Data Center Blitar,ID
45102,LG Uplus Pyeongchon IDC,KR
4134,"Equinix MI1 - Miami, NOTA",US
24429,"Equinix MI1 - Miami, NOTA",US
4837,"Equinix MI1 - Miami, NOTA",US
132591,"Equinix MI1 - Miami, NOTA",US
137264,CoreSite - Los Angeles (LA2),US
7586,CoreSite - Los Angeles (LA2),US
137813,CoreSite - Los Angeles (LA2),US
10111,DataCentre220,NZ
24429,Odata DC BG01,CO
131530,China International Electronic Commerce Center,CN
4809,Equinix SP2 - São Paulo,BR
132591,Equinix SP2 - São Paulo,BR
210903,TsingYao Inner Mongolia DC,CN
58336,TsingYao Inner Mongolia DC,CN
132591,"Equinix LD8 - London, Docklands",GB
4837,"Equinix LD8 - London, Docklands",GB
4134,"Equinix LD8 - London, Docklands",GB
10111,"Equinix LD8 - London, Docklands",GB
42962,Djibouti Data Center,DJ
45102,DCI Indonesia (JK1),ID
132203,Colt DC Tokyo II,JP
10111,NTT Com Asia Hong Kong Financial Data Center,HK
4837,"Equinix SK1 - Stockholm, Bromma",SE
42962,CoreSite - Chicago (CH1),US
24429,"Equinix FR5 - Frankfurt, KleyerStrasse",DE
42962,KINX Gasan,KR
4134,Flexential - Portland/Hillsboro 2 (PDX02),US
42962,Global Switch Paris,FR
45102,Equinix TY10 - Tokyo,JP
42962,Cirion Sao Paulo - SAO1,BR
45102,"Equinix SV8 - Silicon Valley, Palo Alto",US
10111,Maruyama Cable Landing Station,JP
45102,Khazna Data Center – Dubai,AE
24429,Equinix RJ2 - Rio de Janeiro,BR
45102,"Equinix SV1/SV5/SV10 - Silicon Valley, San Jose",US
214439,"Equinix SV1/SV5/SV10 - Silicon Valley, San Jose",US
132203,"Equinix SV1/SV5/SV10 - Silicon Valley, San Jose",US
4837,"Equinix SV1/SV5/SV10 - Silicon Valley, San Jose",US
63959,"Equinix SV1/SV5/SV10 - Silicon Valley, San Jose",US
24429,"Equinix SV1/SV5/SV10 - Silicon Valley, San Jose",US
10111,"Equinix SV1/SV5/SV10 - Silicon Valley, San Jose",US
4134,"Equinix SV1/SV5/SV10 - Silicon Valley, San Jose",US
211729,LoliNya Network - NBDC,CN
214439,Equinix HK1 - Hong Kong,HK
42962,Equinix HK1 - Hong Kong,HK
63631,Equinix HK1 - Hong Kong,HK
137017,Equinix HK1 - Hong Kong,HK
133865,Equinix HK1 - Hong Kong,HK
63959,Equinix HK1 - Hong Kong,HK
10111,Equinix TY2 - Tokyo,JP
133952,Equinix TY2 - Tokyo,JP
42962,Equinix TY2 - Tokyo,JP
4134,Digital Realty NYC (60 Hudson),US
212793,KoloDC NL1,NL
42962,"Teraco Johannesburg Campus, South Africa",ZA
24429,"Teraco Johannesburg Campus, South Africa",ZA
4809,"Teraco Johannesburg Campus, South Africa",ZA
42962,Equinix DA1 - Dallas,US
45102,Digital Realty ICN10 - Seoul,KR
42962,KINX Dogok,KR
205532,Equinix TY6 - Tokyo,JP
210176,Equinix TY6 - Tokyo,JP
4842,Equinix TY6 - Tokyo,JP
137017,SVTIX San Jose,US
139216,Psychz Networks LAX1,US
136189,Telin-3,SG
24429,KIO Querétaro 1 (QRO1),MX
45102,KIO Querétaro 1 (QRO1),MX
205532,TGT Hong Kong Data Centre 2,HK
4842,TGT Hong Kong Data Centre 2,HK
63959,Equinix SY1/SY2 - Sydney,AU
24429,Equinix SY1/SY2 - Sydney,AU
205532,Hurricane Electric Fremont 2,US
212793,Hurricane Electric Fremont 2,US
208830,Hurricane Electric Fremont 2,US
138365,Hurricane Electric Fremont 2,US
24429,"Equinix LA3/LA4 - Los Angeles, El Segundo",US
140682,ColoCrossing LA1,US
24429,Cirion Santiago de Chile - SAN1,CL
131285,Cyber Data Center International Jakarta,ID
207299,Equinix OS1 - Osaka,JP
140682,Chief HD Building Taipei,TW
151194,STE Network -  SHDC,CN
42962,Equinix SY3 - Sydney,AU
138365,Hurricane Electric Fremont 1,US
4134,"Equinix FR4 - Frankfurt, West",DE
202335,1530 SWIFT - NOCIX,US
212793,1530 SWIFT - NOCIX,US
55967,China Mobile International - GNC Hong Kong,HK
42962,"Equinix ML2 - Milan, Savona",IT
42962,Equinix TR1 - Toronto,CA
42962,Moscow M9,RU
24429,Moscow M9,RU
4809,SmartHub Fujairah,AE
42962,SmartHub Fujairah,AE
45102,"Equinix FR6 - Frankfurt, West",DE
42962,EdgeConneX Miami (EDCMIA01),US
42962,CTM,MO
9394,HKCOLO - Sino Favour Centre,HK
24429,Cirion Buenos Aires - BUE1,AR
45102,NTT Cyberjaya Data Center (CBJ),MY
24429,"Equinix AM4 - Amsterdam, Science Park",NL
42962,Equinix MB1 - Mumbai (GPX Mumbai 1),IN
10111,OpenColo,US
140682,MEGA Gateway (iAdvantage Hong Kong),HK
55967,MEGA Gateway (iAdvantage Hong Kong),HK
139317,MEGA Gateway (iAdvantage Hong Kong),HK
45102,STT Quezon City (Formerly QC2),PH
42962,Equinix TY3 - Tokyo,JP
24144,Equinix SH5 - Shanghai,CN
10111,Equinix SH5 - Shanghai,CN
131530,Equinix SH5 - Shanghai,CN
63959,Equinix SG3 - Singapore,SG
10111,Equinix SG3 - Singapore,SG
132203,Equinix SG3 - Singapore,SG
45102,Equinix SG3 - Singapore,SG
55967,Equinix SG3 - Singapore,SG
24429,Equinix SG3 - Singapore,SG
45102,STT Bangkok 1,TH
24429,Equinix CH3 - Elk Grove,US
45102,CoreSite - Reston (VA2),US
55967,CoreSite - Reston (VA2),US
204211,Equinix TY9 - Tokyo,JP
45102,Equinix TY4 - Tokyo,JP
10111,Equinix TY7 - Tokyo,JP
55967,Equinix TY7 - Tokyo,JP
133865,MEGA Plus (iAdvantage Hong Kong),HK
135426,MEGA-i (iAdvantage Hong Kong),HK
202335,MEGA-i (iAdvantage Hong Kong),HK
4809,MEGA-i (iAdvantage Hong Kong),HK
10111,MEGA-i (iAdvantage Hong Kong),HK
4837,MEGA-i (iAdvantage Hong Kong),HK
63959,MEGA-i (iAdvantage Hong Kong),HK
23911,MEGA-i (iAdvantage Hong Kong),HK
7586,MEGA-i (iAdvantage Hong Kong),HK
137813,MEGA-i (iAdvantage Hong Kong),HK
133952,MEGA-i (iAdvantage Hong Kong),HK
45587,MEGA-i (iAdvantage Hong Kong),HK
24429,MEGA-i (iAdvantage Hong Kong),HK
45102,MEGA-i (iAdvantage Hong Kong),HK
9394,MEGA-i (iAdvantage Hong Kong),HK
42962,CoreSite - New York (NY1),US
24429,C21,IT
207299,Equinix HK2 - Hong Kong,HK
202335,Equinix HK2 - Hong Kong,HK
213404,Equinix HK2 - Hong Kong,HK
154155,Equinix HK2 - Hong Kong,HK
210634,Equinix HK2 - Hong Kong,HK
45102,Equinix HK2 - Hong Kong,HK
24429,Equinix HK2 - Hong Kong,HK
132203,Equinix HK2 - Hong Kong,HK
42962,Equinix HK2 - Hong Kong,HK
149057,Equinix HK2 - Hong Kong,HK
63959,Equinix HK2 - Hong Kong,HK
205532,Equinix HK2 - Hong Kong,HK
10111,Equinix HK2 - Hong Kong,HK
42962,"Equinix WA1 - Warsaw, Centrum LIM",PL
4837,FiberNet Telecom Group - 60 Hudson St,US
10111,GDS Shanghai,CN
149057,GDS Shanghai,CN
131530,GDS Shanghai,CN
42962,COLT DC London,GB
45102,NTT Jakarta 2 Data Center (JKT2),ID
10111,TOWNGAS TELECOM DATA CENTRE 2,HK
7586,TOWNGAS TELECOM DATA CENTRE 2,HK
4809,"Africa Data Centres, Nairobi NBO1, Kenya",KE
138365,Tech Futures YVR1,CA
153725,Equinix TY8 - Tokyo,JP
201705,Equinix TY8 - Tokyo,JP
149057,Equinix TY8 - Tokyo,JP
215750,Equinix TY8 - Tokyo,JP
24429,Equinix TY8 - Tokyo,JP
9384,Equinix TY8 - Tokyo,JP
63959,Equinix TY8 - Tokyo,JP
24429,Ascenty SPO04  - São Paulo,BR
7586,MEGA Two (iAdvantage Hong Kong),HK
132203,MEGA Two (iAdvantage Hong Kong),HK
63959,MEGA Two (iAdvantage Hong Kong),HK
137813,MEGA Two (iAdvantage Hong Kong),HK
10111,Equinix SG1 - Singapore,SG
131285,Equinix SG1 - Singapore,SG
133865,Equinix SG1 - Singapore,SG
4837,Equinix SG1 - Singapore,SG
24429,Equinix DE2 - Denver,US
