asn,v4,v6,roa,anycast,total
9808,14124,6922,137,6,21046
4538,5255,5072,4100,0,10327
56046,3672,1537,14,7,5209
23910,0,4104,4098,0,4104
56041,1876,1892,8,4,3768
140292,2509,614,0,0,3123
4134,2232,632,66,1,2864
24547,948,1740,8,0,2688
4808,1503,1100,22,2,2603
56047,1728,733,8,0,2461
17622,454,1964,1,0,2418
45090,2264,47,28,20,2311
4837,1116,590,13,0,1706
56044,380,1247,8,1,1627
4811,1491,112,101,0,1603
24444,1115,476,8,1,1591
136958,431,966,13,0,1397
24445,804,584,8,1,1388
56045,934,313,4,3,1247
17623,802,442,0,0,1244
132203,1093,29,384,39,1122
45102,1025,96,1018,34,1121
24429,684,397,785,38,1081
24400,516,511,6,1,1027
56048,897,93,26,0,990
37963,782,141,352,20,923
4847,903,17,16,2,920
23724,817,89,34,0,906
132525,614,213,8,0,827
134774,39,768,0,0,807
17621,382,403,57,0,785
134543,157,625,0,0,782
56040,622,140,19,0,762
140061,706,51,0,0,757
7497,457,174,0,0,631
4812,498,104,45,0,602
38283,529,54,70,0,583
38019,464,79,8,0,543
17638,523,19,2,0,542
140293,435,10,5,0,445
135061,257,188,5,0,445
134810,305,126,8,0,431
55990,404,21,138,2,425
4809,253,164,137,0,417
9929,241,130,1,0,371
140726,125,229,1,0,354
58461,348,0,2,0,348
56042,204,123,8,0,327
137718,305,6,304,0,311
58519,268,17,4,0,285
138421,244,39,2,1,283
133774,249,24,4,0,273
63835,243,27,23,0,270
24138,263,0,0,0,263
214848,0,259,258,0,259
140345,36,209,0,0,245
139007,172,70,0,0,242
58466,205,31,12,0,236
134756,185,44,0,0,229
24361,33,192,0,0,225
24363,3,216,0,0,219
140647,30,188,0,0,218
24357,16,201,0,0,217
140318,210,4,0,0,214
137697,202,6,0,0,208
132225,26,180,0,0,206
136190,191,10,0,0,201
58563,163,35,0,0,198
134420,178,18,0,0,196
140979,189,5,0,0,194
140309,190,4,0,0,194
131562,53,141,0,0,194
24360,0,194,0,0,194
17816,130,62,5,0,192
140636,58,120,0,0,178
38365,166,12,3,1,178
137689,83,80,0,0,163
140311,148,4,0,0,152
134768,112,39,33,0,151
141998,148,0,0,0,148
140319,143,4,0,0,147
9814,144,3,0,0,147
45062,139,3,0,0,142
9812,134,8,22,0,142
24358,7,134,0,0,141
24362,15,125,1,0,140
135089,132,4,0,0,136
137694,105,26,0,0,131
138407,113,16,0,0,129
24367,0,128,0,0,128
146966,70,57,0,0,127
137693,114,12,0,0,126
141425,122,4,0,0,126
24355,8,116,0,0,124
17964,121,0,0,0,121
140308,117,3,0,0,120
138182,0,120,0,0,120
134238,107,10,0,0,117
136959,93,22,0,0,115
140330,9,105,0,0,114
59019,89,25,0,0,114
55960,80,34,0,0,114
24364,21,93,0,0,114
17429,104,7,2,0,111
24353,6,105,0,0,111
134771,96,7,0,0,103
4835,88,15,21,0,103
140329,14,87,0,0,101
23650,98,3,7,0,101
24151,54,46,0,51,100
137692,37,62,0,0,99
134419,54,44,5,0,98
140320,94,4,0,0,98
17969,96,0,96,0,96
140553,87,7,0,0,94
136188,86,4,0,0,90
24139,83,7,0,0,90
137702,74,15,0,2,89
58539,76,13,1,0,89
23853,87,2,64,0,89
139080,81,6,0,0,87
137687,65,22,0,0,87
140638,37,49,0,0,86
134767,4,80,0,0,84
141679,73,11,1,0,84
134762,52,32,0,0,84
138169,72,11,0,0,83
135629,56,27,55,2,83
133775,50,32,0,1,82
138370,0,82,0,0,82
134765,78,4,6,0,82
138950,76,6,3,0,82
59078,74,7,1,0,81
140716,73,7,0,0,80
134763,57,23,12,0,80
17775,79,1,0,0,80
24359,0,80,0,0,80
151058,6,72,0,0,78
137266,74,3,0,0,77
58777,13,64,21,0,77
139220,71,5,0,0,76
24356,0,76,0,0,76
58542,65,10,0,0,75
136195,42,33,0,0,75
137695,64,11,0,0,75
136199,72,2,0,0,74
9802,74,0,0,0,74
9394,74,0,0,0,74
9308,74,0,0,0,74
137698,54,19,0,0,73
37965,73,0,0,0,73
23848,58,13,0,0,71
139317,0,70,67,0,70
24349,8,61,0,0,69
138393,0,68,0,0,68
202256,0,67,17,0,67
24371,1,66,0,0,67
56282,65,0,6,0,65
139201,53,11,0,0,64
134773,54,10,1,0,64
138378,1,63,0,0,64
24369,7,57,0,0,64
131325,53,10,0,0,63
58540,47,16,0,0,63
133776,43,19,4,0,62
146817,62,0,0,0,62
4816,47,15,6,0,62
17968,45,16,0,0,61
24372,1,60,0,0,61
138381,0,60,0,0,60
141771,57,3,0,0,60
58541,56,3,0,0,59
24348,21,36,0,0,57
139587,52,4,0,0,56
134770,44,12,0,0,56
23844,53,3,0,0,56
24430,56,0,0,0,56
138374,0,55,0,0,55
137691,37,18,0,0,55
134772,7,48,0,0,55
58543,7,47,0,0,54
137735,39,15,0,0,54
212532,0,53,50,0,53
24352,1,52,0,0,53
134766,51,1,0,0,52
134761,52,0,0,0,52
45083,52,0,0,0,52
134760,32,19,7,0,51
142111,49,2,22,1,51
59083,49,1,17,0,50
24354,0,50,0,0,50
55994,48,0,0,0,48
45110,47,1,7,0,48
134769,36,11,0,0,47
138371,10,34,0,0,44
58834,43,1,30,0,44
138369,1,42,0,0,43
58593,39,4,41,0,43
10111,21,22,39,0,43
24350,9,34,0,0,43
138375,0,42,0,0,42
38381,41,1,0,0,42
17428,37,4,0,0,41
10212,39,2,0,0,41
139018,34,6,0,0,40
9811,40,0,0,0,40
24406,23,16,0,36,39
133119,30,8,0,0,38
138373,0,38,0,0,38
140717,35,3,0,0,38
55967,36,2,11,3,38
131285,12,25,0,0,37
18118,37,0,3,0,37
24368,0,37,0,0,37
17962,31,6,36,0,37
38345,25,12,0,16,37
141739,36,0,2,0,36
133865,27,8,0,1,35
63631,35,0,21,0,35
140707,25,10,0,0,35
151185,26,9,0,0,35
24370,1,34,0,0,35
9389,34,1,0,0,35
213605,2,32,33,1,34
148981,34,0,1,0,34
45079,31,3,0,0,34
140105,22,11,0,0,33
7641,28,5,30,0,33
58772,11,21,0,0,32
141005,32,0,0,0,32
17799,27,5,1,0,32
24409,20,11,1,27,31
132510,26,4,0,0,30
59223,27,2,0,0,29
59045,29,0,0,0,29
138438,0,29,0,0,29
63646,22,7,0,1,29
24424,19,10,29,0,29
59037,28,0,0,0,28
55996,28,0,2,0,28
9809,28,0,0,0,28
55992,26,1,3,0,27
211575,0,27,27,2,27
131516,26,1,0,0,27
63838,20,7,0,0,27
24141,8,19,0,0,27
63581,25,1,0,0,26
140527,26,0,0,0,26
131486,25,1,0,0,26
45058,26,0,0,0,26
59016,8,17,0,0,25
63647,19,6,0,0,25
132536,21,4,0,0,25
146834,24,1,5,0,25
17897,16,9,0,0,25
151311,5,19,0,0,24
134764,18,6,1,0,24
56019,24,0,0,0,24
17490,4,20,0,0,24
9939,24,0,0,0,24
139203,20,3,0,0,23
63590,22,1,0,0,23
152120,12,11,0,0,23
138440,0,23,0,0,23
151397,17,5,20,3,22
134542,19,3,0,0,22
55991,21,0,4,0,21
139216,0,21,21,0,21
134425,21,0,0,0,21
214955,0,20,19,4,20
138538,18,2,15,0,20
147038,20,0,0,0,20
151823,15,5,0,0,20
136197,13,7,0,0,20
63689,16,4,18,0,20
138376,0,20,0,0,20
17633,15,5,0,0,20
24427,20,0,8,0,20
24423,4,16,0,0,20
210738,0,19,19,0,19
133118,18,1,0,0,19
140494,0,19,0,0,19
18241,14,5,0,0,19
215502,0,18,18,0,18
139887,12,6,0,0,18
151300,18,0,0,0,18
137690,13,5,0,0,18
63539,18,0,0,0,18
45086,18,0,0,0,18
131536,17,0,0,0,17
146788,13,4,11,0,17
63648,17,0,0,1,17
210903,0,17,17,0,17
139073,1,16,16,0,17
204185,0,17,17,0,17
63531,17,0,0,0,17
138377,0,17,0,0,17
140485,6,11,0,0,17
139791,0,17,17,0,17
24147,17,0,17,0,17
24416,17,0,0,0,17
151263,16,0,1,0,16
138982,12,4,0,0,16
139099,15,1,0,0,16
199310,1,15,16,0,16
131522,16,0,0,0,16
63695,16,0,0,0,16
39753,0,16,14,0,16
37942,15,1,0,0,16
23771,16,0,2,0,16
150289,0,16,14,2,16
216299,0,15,15,0,15
153725,2,13,15,2,15
134578,15,0,1,0,15
146838,12,3,12,0,15
38027,15,0,0,0,15
202396,0,14,12,0,14
63621,4,10,0,0,14
140486,6,8,0,0,14
140886,12,2,0,0,14
133952,14,0,13,0,14
200936,0,14,13,0,14
149837,8,6,0,0,14
149979,5,9,0,0,14
7721,1,13,12,0,14
214660,0,13,13,0,13
214610,0,13,13,0,13
137753,7,6,6,0,13
56013,13,0,0,0,13
138991,7,6,0,0,13
58811,8,5,0,1,13
63540,2,11,0,0,13
58448,5,8,0,0,13
137688,13,0,0,0,13
63555,13,0,0,0,13
4611,13,0,0,0,13
37970,13,0,0,0,13
146950,0,13,10,0,13
63708,12,0,0,0,12
58851,12,0,0,0,12
136200,10,2,0,0,12
210352,1,11,10,2,12
213891,0,12,12,0,12
209261,0,12,11,0,12
45061,11,1,1,0,12
24239,0,12,12,0,12
17781,12,0,0,0,12
214575,1,10,9,0,11
215750,0,11,11,2,11
133111,8,3,5,0,11
59009,11,0,0,0,11
56005,11,0,0,0,11
132147,8,3,0,0,11
63701,10,1,8,0,11
146762,10,1,11,0,11
136198,6,5,0,0,11
58536,8,3,0,0,11
210041,1,10,10,0,11
142553,0,11,11,0,11
23842,11,0,0,0,11
38364,10,1,0,0,11
211729,0,11,8,0,11
214933,0,10,10,0,10
152711,10,0,10,0,10
63641,7,3,2,0,10
152920,7,3,10,0,10
63655,10,0,0,0,10
146842,10,0,8,0,10
203655,0,10,10,0,10
200959,0,10,6,0,10
212164,1,9,10,0,10
137908,0,10,10,0,10
140731,0,10,9,1,10
137256,0,10,8,0,10
212237,5,5,10,0,10
140083,8,2,0,0,10
37936,5,5,0,0,10
24351,0,10,0,0,10
38341,10,0,0,0,10
142641,0,10,10,0,10
151295,8,1,8,0,9
58866,7,2,0,0,9
132153,5,4,0,0,9
136237,8,1,9,0,9
131511,8,1,8,0,9
137798,8,1,1,0,9
136160,8,1,9,0,9
63614,8,1,0,0,9
56006,6,3,0,0,9
139148,5,4,9,0,9
205369,0,9,8,0,9
10206,7,2,0,0,9
44421,2,7,8,1,9
23841,6,3,0,0,9
139888,0,8,8,0,8
139769,8,0,8,0,8
139172,8,0,0,0,8
148969,4,4,0,0,8
209306,1,7,7,0,8
55966,4,4,0,0,8
151270,8,0,0,0,8
153376,1,7,5,0,8
136192,6,2,0,0,8
149178,2,6,0,0,8
136191,5,3,0,0,8
138401,0,8,7,0,8
133555,1,7,7,0,8
56012,8,0,0,0,8
131506,7,1,0,0,8
151331,0,8,8,0,8
55468,8,0,0,0,8
63718,7,1,0,0,8
18239,7,1,0,0,8
23852,8,0,0,0,8
4842,1,7,8,0,8
38375,8,0,0,0,8
140938,0,8,3,0,8
214704,0,7,7,0,7
137264,1,6,7,0,7
142608,4,3,0,0,7
63548,7,0,0,0,7
131565,7,0,0,0,7
138949,7,0,0,0,7
152697,0,7,7,0,7
205008,0,7,7,1,7
207299,0,7,6,0,7
200890,0,7,7,0,7
202335,0,7,7,0,7
146841,7,0,0,0,7
58854,7,0,0,0,7
150184,0,7,7,0,7
133846,1,6,5,0,7
139180,7,0,0,0,7
138457,5,2,7,0,7
18257,6,1,1,0,7
63959,6,1,0,0,7
214439,1,5,6,0,6
215007,0,6,6,1,6
59074,3,3,0,0,6
56002,5,1,6,0,6
212985,0,6,6,0,6
136194,3,3,0,0,6
59073,3,3,6,0,6
209574,1,5,5,0,6
151673,0,6,0,0,6
135363,5,1,0,0,6
209300,1,5,5,0,6
59064,6,0,0,0,6
63603,6,0,6,0,6
139139,3,3,4,0,6
146812,3,3,0,0,6
151464,1,5,5,0,6
209294,1,5,2,0,6
55962,3,3,0,0,6
139462,3,3,0,0,6
204211,0,6,6,0,6
137715,4,2,0,0,6
205610,2,4,6,0,6
211843,2,4,5,0,6
139138,4,2,6,0,6
151253,6,0,0,0,6
59067,6,0,6,0,6
135054,6,0,0,0,6
212053,2,4,3,0,6
140682,0,6,5,0,6
63593,6,0,6,0,6
138545,6,0,6,0,6
9810,6,0,0,0,6
24404,6,0,0,0,6
24365,0,6,0,0,6
37969,4,2,2,0,6
9803,6,0,0,0,6
216056,0,5,5,1,5
135426,3,2,5,0,5
151194,0,5,1,0,5
204856,0,5,5,0,5
149304,5,0,4,0,5
137787,5,0,0,0,5
208754,0,5,5,0,5
151296,4,1,4,0,5
63607,4,1,0,0,5
141025,2,3,0,0,5
209650,1,4,1,4,5
63727,5,0,0,0,5
151187,0,5,5,0,5
131574,3,2,1,0,5
207303,0,5,4,0,5
137731,4,1,0,0,5
59029,4,1,0,0,5
151202,0,5,5,0,5
139726,3,2,4,0,5
59077,5,0,1,0,5
63617,5,0,0,0,5
142404,3,2,0,0,5
136180,5,0,5,0,5
146772,5,0,0,0,5
59011,5,0,0,0,5
142438,0,5,4,0,5
201705,0,5,4,0,5
45064,5,0,0,0,5
9306,5,0,3,0,5
38255,2,3,3,0,5
24150,1,4,0,0,5
9807,4,1,4,0,5
45113,5,0,0,0,5
214963,0,4,4,0,4
215848,0,4,4,0,4
140651,0,4,0,0,4
150145,2,2,0,0,4
63619,4,0,0,0,4
208679,0,4,3,0,4
138409,0,4,0,0,4
137785,4,0,0,1,4
138513,0,4,0,0,4
138641,0,4,0,0,4
140331,0,4,0,0,4
140656,0,4,0,0,4
139110,4,0,0,0,4
137699,3,1,0,0,4
138436,0,4,0,0,4
139128,4,0,0,0,4
140903,4,0,0,0,4
140354,0,4,0,0,4
140351,0,4,0,0,4
140053,0,4,0,0,4
140350,0,4,0,0,4
63629,3,1,0,0,4
140356,0,4,0,0,4
59025,4,0,0,0,4
140355,0,4,0,0,4
138597,0,4,0,0,4
140358,0,4,0,0,4
138514,0,4,0,0,4
140361,0,4,0,0,4
140360,0,4,0,0,4
137758,1,3,0,0,4
141776,1,3,4,0,4
140653,0,4,0,0,4
136189,3,1,1,0,4
58852,3,1,0,0,4
213404,2,2,4,0,4
63567,4,0,4,0,4
56000,4,0,0,0,4
140657,0,4,0,0,4
131495,4,0,1,0,4
139177,4,0,0,0,4
139154,3,1,0,0,4
139137,4,0,4,0,4
140649,0,4,0,0,4
140333,0,4,0,0,4
207615,0,4,4,0,4
140335,0,4,0,0,4
140650,0,4,0,0,4
140238,0,4,0,0,4
59012,3,1,2,0,4
140336,0,4,0,0,4
201674,3,1,4,3,4
140353,0,4,0,0,4
140337,0,4,0,0,4
138679,0,4,0,0,4
140332,0,4,0,0,4
131539,4,0,4,0,4
151276,0,4,0,0,4
140357,0,4,0,0,4
140346,0,4,0,0,4
140648,0,4,0,0,4
140654,0,4,0,0,4
140652,0,4,0,0,4
63634,4,0,0,0,4
138635,0,4,0,0,4
140655,0,4,0,0,4
138387,0,4,0,0,4
154010,3,1,2,0,4
140348,0,4,0,0,4
212793,0,4,4,0,4
63538,2,2,4,0,4
151785,0,4,4,0,4
140349,0,4,0,0,4
58518,4,0,0,0,4
140328,0,4,0,0,4
200853,0,4,4,1,4
133219,4,0,4,0,4
154402,4,0,4,0,4
134413,3,1,2,0,4
56003,4,0,0,0,4
140359,0,4,0,0,4
140334,0,4,0,0,4
45057,4,0,0,0,4
45106,4,0,0,0,4
24149,2,2,0,3,4
24137,4,0,0,0,4
23911,2,2,0,0,4
45576,0,4,0,0,4
38355,0,4,0,0,4
42962,3,1,3,0,4
24376,3,1,0,0,4
4813,3,1,0,0,4
50922,1,3,3,1,4
24489,2,2,0,0,4
45101,4,0,0,0,4
45075,4,0,0,0,4
24366,0,4,0,0,4
9405,3,1,0,0,4
45275,0,4,4,0,4
4859,3,1,4,0,4
147071,0,4,4,0,4
214921,0,3,3,0,3
214207,0,3,3,0,3
214040,0,3,3,0,3
214203,0,3,3,0,3
214899,1,2,2,0,3
140369,0,3,0,0,3
58517,3,0,0,0,3
140260,0,3,0,0,3
151261,3,0,3,0,3
140517,0,3,0,0,3
137571,3,0,3,0,3
140299,0,3,0,0,3
140295,0,3,0,0,3
140374,0,3,0,0,3
150374,2,1,2,0,3
136766,3,0,2,0,3
133492,0,3,3,0,3
140252,0,3,0,0,3
140255,0,3,0,0,3
152186,2,1,3,0,3
142433,2,1,2,0,3
140296,0,3,0,0,3
200809,0,3,3,0,3
63719,2,1,2,0,3
63561,2,1,0,0,3
140365,0,3,0,0,3
140251,0,3,0,0,3
140532,0,3,0,0,3
140372,0,3,0,0,3
140259,0,3,0,0,3
212371,3,0,0,0,3
140373,0,3,0,0,3
140364,0,3,0,0,3
138029,2,1,3,0,3
140247,0,3,0,0,3
137746,3,0,0,0,3
140249,0,3,0,0,3
139589,0,3,3,0,3
140300,0,3,0,0,3
140298,0,3,0,0,3
140291,0,3,0,0,3
213782,0,3,3,0,3
140248,0,3,0,0,3
151232,3,0,3,0,3
140367,0,3,0,0,3
151951,1,2,1,0,3
140315,1,2,0,0,3
140366,0,3,0,0,3
140312,1,2,0,0,3
140256,0,3,0,0,3
140375,0,3,0,0,3
140528,0,3,0,0,3
140519,0,3,0,0,3
140521,0,3,0,0,3
140529,0,3,0,0,3
140371,0,3,0,0,3
140536,0,3,0,0,3
140538,0,3,0,0,3
140370,0,3,0,0,3
140368,0,3,0,0,3
138442,0,3,0,0,3
152930,0,3,3,0,3
140376,0,3,0,0,3
140516,0,3,0,0,3
63620,2,1,0,0,3
140515,0,3,0,0,3
150166,2,1,0,0,3
140254,0,3,0,0,3
140509,0,3,0,0,3
140533,0,3,0,0,3
140535,0,3,0,0,3
207338,0,3,3,0,3
140531,0,3,0,0,3
59072,3,0,0,0,3
137401,0,3,0,0,3
205152,1,2,2,0,3
140261,0,3,0,0,3
153033,0,3,3,0,3
131490,2,1,0,0,3
140294,0,3,0,0,3
139118,3,0,0,0,3
137402,0,3,0,0,3
209556,0,3,3,0,3
210634,3,0,2,0,3
140245,0,3,0,0,3
140534,0,3,0,0,3
140347,0,3,0,0,3
137764,3,0,0,0,3
140257,0,3,0,0,3
140522,0,3,0,0,3
133475,2,1,0,0,3
59048,3,0,0,0,3
212982,0,3,3,1,3
140530,0,3,0,0,3
203309,0,3,3,0,3
153726,2,1,3,0,3
140513,0,3,0,0,3
131524,3,0,0,0,3
140512,0,3,0,0,3
134417,3,0,0,0,3
153034,0,3,3,0,3
140303,0,3,0,0,3
140301,0,3,0,0,3
140508,0,3,0,0,3
136591,0,3,3,0,3
151302,3,0,3,0,3
140302,0,3,0,0,3
140246,0,3,0,0,3
58850,3,0,2,0,3
152922,0,3,3,0,3
140290,0,3,0,0,3
59043,3,0,0,0,3
140520,0,3,0,0,3
140297,0,3,0,0,3
137755,3,0,0,0,3
140250,0,3,0,0,3
140537,0,3,0,0,3
140378,0,3,0,0,3
139136,1,2,0,0,3
132833,1,2,0,0,3
140258,0,3,0,0,3
154185,0,3,3,0,3
140377,0,3,0,0,3
205532,0,3,3,0,3
200536,0,3,1,0,3
131542,3,0,0,0,3
140253,0,3,0,0,3
140511,0,3,0,0,3
138535,0,3,3,0,3
200268,0,3,3,0,3
140510,0,3,0,0,3
134775,1,2,0,0,3
140514,0,3,0,0,3
140352,0,3,0,0,3
205794,0,3,3,3,3
63570,2,1,0,0,3
55641,0,3,0,0,3
140518,0,3,0,0,3
38057,3,0,0,0,3
24422,3,0,0,0,3
38378,3,0,3,0,3
24143,3,0,0,0,3
24413,3,0,1,0,3
140915,0,3,0,0,3
141237,0,3,0,0,3
214871,0,2,2,0,2
215786,1,1,1,0,2
215832,0,2,2,0,2
206843,0,2,1,0,2
199932,0,2,2,0,2
136725,0,2,2,0,2
137710,2,0,0,0,2
137726,0,2,0,0,2
204518,0,2,2,0,2
199392,1,1,1,0,2
153168,0,2,2,0,2
153331,0,2,2,0,2
139767,1,1,0,0,2
139141,1,1,0,0,2
135040,2,0,2,0,2
209218,0,2,2,0,2
200720,0,2,2,1,2
209645,0,2,1,0,2
139122,1,1,0,0,2
197626,0,2,2,0,2
151490,0,2,1,0,2
140317,2,0,0,0,2
152892,0,2,2,0,2
140314,0,2,0,0,2
201235,0,2,2,0,2
146771,1,1,2,0,2
151418,0,2,2,0,2
201944,0,2,2,0,2
139721,1,1,0,0,2
153186,0,2,2,0,2
133465,2,0,0,0,2
150173,0,2,2,0,2
55956,2,0,0,0,2
146816,0,2,0,0,2
58026,2,0,2,0,2
139266,2,0,0,0,2
150141,0,2,2,0,2
151313,1,1,0,0,2
63704,1,1,0,0,2
208618,0,2,2,0,2
138570,2,0,0,0,2
146835,1,1,0,0,2
153172,0,2,2,0,2
209484,0,2,1,0,2
140313,0,2,0,0,2
153171,0,2,2,0,2
213116,0,2,0,0,2
146782,1,1,0,0,2
132623,0,2,2,0,2
148982,2,0,2,0,2
136769,2,0,1,0,2
152911,0,2,2,0,2
205651,1,1,2,0,2
151674,0,2,2,0,2
131483,2,0,0,0,2
137759,2,0,0,0,2
139090,1,1,0,0,2
137539,1,1,0,0,2
154315,1,1,2,0,2
146802,2,0,0,0,2
153190,0,2,2,0,2
213625,1,1,0,0,2
59084,2,0,0,0,2
58571,1,1,1,0,2
153057,0,2,2,0,2
141006,1,1,2,0,2
200472,0,2,2,0,2
63696,2,0,0,0,2
139859,0,2,2,0,2
140484,2,0,0,0,2
153187,0,2,2,0,2
153189,0,2,2,0,2
146806,2,0,2,1,2
131137,0,2,0,0,2
137788,2,0,0,0,2
140310,0,2,0,0,2
153333,0,2,2,0,2
135671,1,1,0,0,2
132019,1,1,2,0,2
137721,0,2,0,0,2
137784,2,0,0,1,2
149510,0,2,2,0,2
137436,0,2,2,0,2
140316,0,2,0,0,2
59068,2,0,0,0,2
132553,2,0,0,0,2
138979,1,1,0,0,2
203236,1,1,0,0,2
139179,1,1,0,0,2
139178,1,1,0,0,2
199406,1,1,1,0,2
137806,2,0,1,0,2
58862,2,0,2,0,2
153185,0,2,2,0,2
207091,1,1,2,0,2
153170,0,2,2,0,2
135432,2,0,2,0,2
9805,2,0,0,0,2
38587,0,2,0,0,2
9818,1,1,0,0,2
17789,2,0,0,0,2
24490,1,1,0,0,2
45097,2,0,0,0,2
18242,2,0,0,0,2
7653,2,0,0,0,2
9401,2,0,0,0,2
38367,1,1,0,0,2
38834,2,0,0,0,2
9425,0,2,0,0,2
38564,2,0,0,0,2
23611,2,0,0,0,2
7609,2,0,0,0,2
136955,2,0,0,0,2
216100,0,1,1,0,1
216412,0,1,1,0,1
214759,0,1,1,0,1
216224,1,0,1,0,1
214613,0,1,1,0,1
215969,0,1,1,0,1
215315,0,1,1,0,1
214740,0,1,1,0,1
215507,0,1,1,0,1
216173,0,1,1,0,1
144759,0,1,1,0,1
142919,0,1,1,0,1
146384,0,1,1,0,1
142948,0,1,1,0,1
142095,0,1,1,0,1
144100,0,1,1,0,1
144630,0,1,1,0,1
146457,0,1,1,0,1
145930,0,1,1,0,1
145540,0,1,1,0,1
144781,0,1,1,0,1
144340,0,1,1,0,1
143034,0,1,1,0,1
146355,0,1,1,0,1
145743,0,1,1,0,1
142923,0,1,1,0,1
145836,0,1,1,0,1
146041,0,1,1,0,1
145084,0,1,1,0,1
142702,0,1,1,0,1
146696,0,1,1,0,1
146682,0,1,1,0,1
145937,0,1,1,0,1
143102,0,1,1,0,1
145778,0,1,1,0,1
142075,0,1,1,0,1
146613,0,1,1,0,1
144304,0,1,1,0,1
211265,1,0,1,0,1
146270,0,1,1,0,1
144705,0,1,1,0,1
144042,0,1,1,0,1
143444,0,1,1,0,1
143421,0,1,1,0,1
143877,0,1,1,0,1
145292,0,1,1,0,1
146276,0,1,1,0,1
145376,0,1,1,0,1
144420,0,1,1,0,1
146026,0,1,1,0,1
143106,0,1,1,0,1
144736,0,1,1,0,1
146617,0,1,1,0,1
145062,0,1,1,0,1
144625,0,1,1,0,1
144911,0,1,1,0,1
145506,0,1,1,0,1
145484,0,1,1,0,1
151277,1,0,1,0,1
146353,0,1,1,0,1
146097,0,1,1,0,1
146527,0,1,1,0,1
142943,0,1,1,0,1
151441,0,1,0,0,1
145788,0,1,1,0,1
146134,0,1,1,0,1
144647,0,1,1,0,1
145152,0,1,1,0,1
143017,0,1,1,0,1
144990,0,1,1,0,1
143098,0,1,1,0,1
146734,0,1,1,0,1
144627,0,1,1,0,1
146678,0,1,1,0,1
144062,0,1,1,0,1
145135,0,1,1,0,1
139183,1,0,0,0,1
145060,0,1,1,0,1
144795,0,1,1,0,1
144423,0,1,1,0,1
146595,0,1,1,0,1
145115,0,1,1,0,1
143438,0,1,1,0,1
146512,0,1,1,0,1
144693,0,1,1,0,1
145010,0,1,1,0,1
144609,0,1,1,0,1
143276,0,1,1,0,1
145696,0,1,1,0,1
146240,0,1,1,0,1
145272,0,1,1,0,1
144047,0,1,1,0,1
145825,0,1,1,0,1
146718,0,1,1,0,1
144031,0,1,1,0,1
144892,0,1,1,0,1
143944,0,1,1,0,1
144147,0,1,1,0,1
143210,0,1,1,0,1
146564,0,1,1,0,1
145475,0,1,1,0,1
145080,0,1,1,0,1
146118,0,1,1,0,1
144491,0,1,1,0,1
145935,0,1,1,0,1
146711,0,1,1,0,1
145117,0,1,1,0,1
145483,0,1,1,0,1
144951,0,1,1,0,1
151461,0,1,0,0,1
146467,0,1,1,0,1
145521,0,1,1,0,1
144320,0,1,1,0,1
143082,0,1,1,0,1
145498,0,1,1,0,1
144311,0,1,1,0,1
151427,0,1,0,0,1
143577,0,1,1,0,1
145552,0,1,1,0,1
144248,0,1,1,0,1
144041,0,1,1,0,1
142793,0,1,1,0,1
143809,0,1,1,0,1
146186,0,1,1,0,1
146224,0,1,1,0,1
145185,0,1,1,0,1
146671,0,1,1,0,1
145195,0,1,1,0,1
145805,0,1,1,0,1
145335,0,1,1,0,1
143955,0,1,1,0,1
145042,0,1,1,0,1
142079,0,1,1,0,1
146702,0,1,1,0,1
143155,0,1,1,0,1
143949,0,1,1,0,1
145756,0,1,1,0,1
144275,0,1,1,0,1
143588,0,1,1,0,1
143359,0,1,1,0,1
144513,0,1,1,0,1
144276,0,1,1,0,1
144954,0,1,1,0,1
143402,0,1,1,0,1
146672,0,1,1,0,1
142729,0,1,1,0,1
142104,0,1,1,0,1
146707,0,1,1,0,1
142736,0,1,1,0,1
143165,0,1,1,0,1
145154,0,1,1,0,1
146104,0,1,1,0,1
143781,0,1,1,0,1
142758,0,1,1,0,1
146126,0,1,1,0,1
146267,0,1,1,0,1
146085,0,1,1,0,1
143026,0,1,1,0,1
142100,0,1,1,0,1
151230,0,1,1,0,1
145453,0,1,1,0,1
143926,0,1,1,0,1
146037,0,1,1,0,1
145953,0,1,1,0,1
144925,0,1,1,0,1
144386,0,1,1,0,1
144160,0,1,1,0,1
143110,0,1,1,0,1
137835,0,1,1,0,1
144799,0,1,1,0,1
146567,0,1,1,0,1
145893,0,1,1,0,1
142672,0,1,1,0,1
146050,0,1,1,0,1
144676,0,1,1,0,1
144322,0,1,1,0,1
142939,0,1,1,0,1
143417,0,1,1,0,1
142900,0,1,1,0,1
143999,0,1,1,0,1
144660,0,1,1,0,1
142813,0,1,1,0,1
145129,0,1,1,0,1
145111,0,1,1,0,1
145252,0,1,1,0,1
145092,0,1,1,0,1
146810,1,0,0,0,1
146710,0,1,1,0,1
144881,0,1,1,0,1
143076,0,1,1,0,1
143704,0,1,1,0,1
145416,0,1,1,0,1
145125,0,1,1,0,1
143874,0,1,1,0,1
142988,0,1,1,0,1
145162,0,1,1,0,1
145650,0,1,1,0,1
145051,0,1,1,0,1
146316,0,1,1,0,1
144545,0,1,1,0,1
145404,0,1,1,0,1
145191,0,1,1,0,1
145604,0,1,1,0,1
142082,0,1,1,0,1
143013,0,1,1,0,1
144208,0,1,1,0,1
143525,0,1,1,0,1
144480,0,1,1,0,1
143297,0,1,1,0,1
144662,0,1,1,0,1
145246,0,1,1,0,1
143702,0,1,1,0,1
144611,0,1,1,0,1
143130,0,1,1,0,1
145343,0,1,1,0,1
145407,0,1,1,0,1
144846,0,1,1,0,1
143318,0,1,1,0,1
143353,0,1,1,0,1
146280,0,1,1,0,1
145493,0,1,1,0,1
143585,0,1,1,0,1
145210,0,1,1,0,1
143489,0,1,1,0,1
146123,0,1,1,0,1
143070,0,1,1,0,1
146166,0,1,1,0,1
144089,0,1,1,0,1
144382,0,1,1,0,1
145772,0,1,1,0,1
145733,0,1,1,0,1
146017,0,1,1,0,1
145942,0,1,1,0,1
143674,0,1,1,0,1
145214,0,1,1,0,1
143145,0,1,1,0,1
145591,0,1,1,0,1
146476,0,1,1,0,1
144750,0,1,1,0,1
145736,0,1,1,0,1
143772,0,1,1,0,1
145157,0,1,1,0,1
146588,0,1,1,0,1
144091,0,1,1,0,1
145931,0,1,1,0,1
151428,0,1,0,0,1
145290,0,1,1,0,1
143371,0,1,1,0,1
151457,0,1,0,0,1
143295,0,1,1,0,1
143545,0,1,1,0,1
144811,0,1,1,0,1
145913,0,1,1,0,1
145691,0,1,1,0,1
145085,0,1,1,0,1
144956,0,1,1,0,1
144764,0,1,1,0,1
144791,0,1,1,0,1
143350,0,1,1,0,1
143021,0,1,1,0,1
143450,0,1,1,0,1
144822,0,1,1,0,1
144865,0,1,1,0,1
144557,0,1,1,0,1
142911,0,1,1,0,1
145716,0,1,1,0,1
145179,0,1,1,0,1
142987,0,1,1,0,1
144109,0,1,1,0,1
142875,0,1,1,0,1
144022,0,1,1,0,1
145057,0,1,1,0,1
144734,0,1,1,0,1
145895,0,1,1,0,1
144675,0,1,1,0,1
146192,0,1,1,0,1
205618,0,1,1,0,1
142675,0,1,1,0,1
145890,0,1,1,0,1
145515,0,1,1,0,1
143135,0,1,1,0,1
146471,0,1,1,0,1
144500,0,1,1,0,1
131497,1,0,0,0,1
144337,0,1,1,0,1
145944,0,1,1,0,1
144492,0,1,1,0,1
146605,0,1,1,0,1
145995,0,1,1,0,1
144748,0,1,1,0,1
145199,0,1,1,0,1
144723,0,1,1,0,1
144858,0,1,1,0,1
146015,0,1,1,0,1
145920,0,1,1,0,1
142955,0,1,1,0,1
145022,0,1,1,0,1
151439,0,1,0,0,1
143080,0,1,1,0,1
200545,0,1,1,0,1
143237,0,1,1,0,1
145466,0,1,1,0,1
144533,0,1,1,0,1
144120,0,1,1,0,1
144985,0,1,1,0,1
144334,0,1,1,0,1
145583,0,1,1,0,1
145770,0,1,1,0,1
146495,0,1,1,0,1
145312,0,1,1,0,1
144636,0,1,1,0,1
145533,0,1,1,0,1
145628,0,1,1,0,1
142772,0,1,1,0,1
146195,0,1,1,0,1
144114,0,1,1,0,1
142683,0,1,1,0,1
145665,0,1,1,0,1
146150,0,1,1,0,1
145645,0,1,1,0,1
144180,0,1,1,0,1
146455,0,1,1,0,1
146142,0,1,1,0,1
144617,0,1,1,0,1
143498,0,1,1,0,1
146326,0,1,1,0,1
151433,0,1,0,0,1
143169,0,1,1,0,1
145990,0,1,1,0,1
145610,0,1,1,0,1
143531,0,1,1,0,1
145029,0,1,1,0,1
144230,0,1,1,0,1
146302,0,1,1,0,1
143888,0,1,1,0,1
144251,0,1,1,0,1
139799,1,0,1,0,1
142081,0,1,1,0,1
145131,0,1,1,0,1
143777,0,1,1,0,1
144883,0,1,1,0,1
145298,0,1,1,0,1
145003,0,1,1,0,1
145602,0,1,1,0,1
145310,0,1,1,0,1
142069,0,1,1,0,1
145027,0,1,1,0,1
145218,0,1,1,0,1
146269,0,1,1,0,1
145730,0,1,1,0,1
145753,0,1,1,0,1
144261,0,1,1,0,1
145660,0,1,1,0,1
144237,0,1,1,0,1
142098,0,1,1,0,1
144887,0,1,1,0,1
134169,1,0,0,0,1
146530,0,1,1,0,1
146137,0,1,1,0,1
145222,0,1,1,0,1
143391,0,1,1,0,1
145495,0,1,1,0,1
144399,0,1,1,0,1
143839,0,1,1,0,1
144621,0,1,1,0,1
143834,0,1,1,0,1
142087,0,1,1,0,1
144076,0,1,1,0,1
145468,0,1,1,0,1
145567,0,1,1,0,1
146140,0,1,1,0,1
144927,0,1,1,0,1
143988,0,1,1,0,1
144172,0,1,1,0,1
142101,0,1,1,0,1
145148,0,1,1,0,1
146528,0,1,1,0,1
144336,0,1,1,0,1
144164,0,1,1,0,1
144125,0,1,1,0,1
139100,0,1,0,0,1
144663,0,1,1,0,1
145886,0,1,1,0,1
145784,0,1,1,0,1
143589,0,1,1,0,1
143567,0,1,1,0,1
146663,0,1,1,0,1
144712,0,1,1,0,1
144032,0,1,1,0,1
145885,0,1,1,0,1
144931,0,1,1,0,1
145909,0,1,1,0,1
145400,0,1,1,0,1
143261,0,1,1,0,1
143200,0,1,1,0,1
143735,0,1,1,0,1
145244,0,1,1,0,1
143941,0,1,1,0,1
146426,0,1,1,0,1
143575,0,1,1,0,1
143286,0,1,1,0,1
143699,0,1,1,0,1
143291,0,1,1,0,1
145077,0,1,1,0,1
145768,0,1,1,0,1
143404,0,1,1,0,1
144567,0,1,1,0,1
142073,0,1,1,0,1
145758,0,1,1,0,1
144965,0,1,1,0,1
142857,0,1,1,0,1
144718,0,1,1,0,1
143555,0,1,1,0,1
143022,0,1,1,0,1
145372,0,1,1,0,1
146359,0,1,1,0,1
142823,0,1,1,0,1
145322,0,1,1,0,1
146170,0,1,1,0,1
144027,0,1,1,0,1
143879,0,1,1,0,1
145363,0,1,1,0,1
142959,0,1,1,0,1
144707,0,1,1,0,1
143556,0,1,1,0,1
142974,0,1,1,0,1
146203,0,1,1,0,1
144715,0,1,1,0,1
144344,0,1,1,0,1
145008,0,1,1,0,1
143605,0,1,1,0,1
145428,0,1,1,0,1
143027,0,1,1,0,1
143782,0,1,1,0,1
144757,0,1,1,0,1
146096,0,1,1,0,1
143213,0,1,1,0,1
146569,0,1,1,0,1
144600,0,1,1,0,1
142954,0,1,1,0,1
146393,0,1,1,0,1
145446,0,1,1,0,1
142824,0,1,1,0,1
144148,0,1,1,0,1
145511,0,1,1,0,1
145706,0,1,1,0,1
144495,0,1,1,0,1
146441,0,1,1,0,1
144569,0,1,1,0,1
145159,0,1,1,0,1
146235,0,1,1,0,1
143133,0,1,1,0,1
143002,0,1,1,0,1
144009,0,1,1,0,1
146556,0,1,1,0,1
145999,0,1,1,0,1
140856,0,1,0,0,1
145046,0,1,1,0,1
145476,0,1,1,0,1
142662,0,1,1,0,1
145828,0,1,1,0,1
143272,0,1,1,0,1
146081,0,1,1,0,1
143147,0,1,1,0,1
146390,0,1,1,0,1
145291,0,1,1,0,1
142868,0,1,1,0,1
144532,0,1,1,0,1
144530,0,1,1,0,1
142078,0,1,1,0,1
143966,0,1,1,0,1
146194,0,1,1,0,1
144608,0,1,1,0,1
143271,0,1,1,0,1
143916,0,1,1,0,1
144192,0,1,1,0,1
144257,0,1,1,0,1
146301,0,1,1,0,1
144960,0,1,1,0,1
143924,0,1,1,0,1
144598,0,1,1,0,1
143410,0,1,1,0,1
59057,1,0,0,0,1
145872,0,1,1,0,1
146056,0,1,1,0,1
143687,0,1,1,0,1
145299,0,1,1,0,1
205027,1,0,1,0,1
144307,0,1,1,0,1
144863,0,1,1,0,1
145391,0,1,1,0,1
55982,1,0,0,0,1
144774,0,1,1,0,1
145221,0,1,1,0,1
145578,0,1,1,0,1
145737,0,1,1,0,1
145211,0,1,1,0,1
145385,0,1,1,0,1
144023,0,1,1,0,1
145318,0,1,1,0,1
145086,0,1,1,0,1
63633,1,0,0,0,1
145904,0,1,1,0,1
144169,0,1,1,0,1
143915,0,1,1,0,1
146547,0,1,1,0,1
145667,0,1,1,0,1
142914,0,1,1,0,1
142708,0,1,1,0,1
146212,0,1,1,0,1
146256,0,1,1,0,1
143795,0,1,1,0,1
144926,0,1,1,0,1
145378,0,1,1,0,1
143740,0,1,1,0,1
144365,0,1,1,0,1
144878,0,1,1,0,1
143973,0,1,1,0,1
143686,0,1,1,0,1
142972,0,1,1,0,1
144784,0,1,1,0,1
145829,0,1,1,0,1
146641,0,1,1,0,1
146726,0,1,1,0,1
144938,0,1,1,0,1
143077,0,1,1,0,1
143769,0,1,1,0,1
144740,0,1,1,0,1
143549,0,1,1,0,1
144024,0,1,1,0,1
151424,0,1,0,0,1
142897,0,1,1,0,1
143625,0,1,1,0,1
143321,0,1,1,0,1
145079,0,1,1,0,1
144529,0,1,1,0,1
146027,0,1,1,0,1
145413,0,1,1,0,1
144461,0,1,1,0,1
145725,0,1,1,0,1
145857,0,1,1,0,1
145755,0,1,1,0,1
145200,0,1,1,0,1
146603,0,1,1,0,1
144659,0,1,1,0,1
144732,0,1,1,0,1
146731,0,1,1,0,1
145569,0,1,1,0,1
145619,0,1,1,0,1
143971,0,1,1,0,1
144648,0,1,1,0,1
143956,0,1,1,0,1
144435,0,1,1,0,1
144469,0,1,1,0,1
146443,0,1,1,0,1
145963,0,1,1,0,1
145809,0,1,1,0,1
146515,0,1,1,0,1
207292,0,1,1,0,1
142874,0,1,1,0,1
143442,0,1,1,0,1
143659,0,1,1,0,1
145926,0,1,1,0,1
145251,0,1,1,0,1
146732,0,1,1,0,1
145168,0,1,1,0,1
144548,0,1,1,0,1
143709,0,1,1,0,1
145448,0,1,1,0,1
146346,0,1,1,0,1
144094,0,1,1,0,1
143469,0,1,1,0,1
146048,0,1,1,0,1
146108,0,1,1,0,1
144701,0,1,1,0,1
145663,0,1,1,0,1
145096,0,1,1,0,1
144653,0,1,1,0,1
144713,0,1,1,0,1
145859,0,1,1,0,1
142760,0,1,1,0,1
145347,0,1,1,0,1
144154,0,1,1,0,1
143197,0,1,1,0,1
144464,0,1,1,0,1
143474,0,1,1,0,1
143592,0,1,1,0,1
146552,0,1,1,0,1
143990,0,1,1,0,1
145777,0,1,1,0,1
144761,0,1,1,0,1
145588,0,1,1,0,1
146729,0,1,1,0,1
146533,0,1,1,0,1
143078,0,1,1,0,1
145957,0,1,1,0,1
60666,0,1,1,0,1
144162,0,1,1,0,1
144641,0,1,1,0,1
143823,0,1,1,0,1
142097,0,1,1,0,1
146675,0,1,1,0,1
143599,0,1,1,0,1
146254,0,1,1,0,1
144190,0,1,1,0,1
142985,0,1,1,0,1
143114,0,1,1,0,1
146052,0,1,1,0,1
143516,0,1,1,0,1
142922,0,1,1,0,1
144174,0,1,1,0,1
144526,0,1,1,0,1
146063,0,1,1,0,1
146009,0,1,1,0,1
146418,0,1,1,0,1
144974,0,1,1,0,1
145410,0,1,1,0,1
146223,0,1,1,0,1
143550,0,1,1,0,1
145098,0,1,1,0,1
142754,0,1,1,0,1
145454,0,1,1,0,1
144918,0,1,1,0,1
146507,0,1,1,0,1
144123,0,1,1,0,1
143972,0,1,1,0,1
145887,0,1,1,0,1
143732,0,1,1,0,1
145543,0,1,1,0,1
143085,0,1,1,0,1
146010,0,1,1,0,1
146206,0,1,1,0,1
131526,0,1,0,0,1
145248,0,1,1,0,1
198516,0,1,1,0,1
146583,0,1,1,0,1
143307,0,1,1,0,1
146286,0,1,1,0,1
145130,0,1,1,0,1
146107,0,1,1,0,1
143791,0,1,1,0,1
143209,0,1,1,0,1
143666,0,1,1,0,1
145530,0,1,1,0,1
146007,0,1,1,0,1
145099,0,1,1,0,1
146295,0,1,1,0,1
143153,0,1,1,0,1
143362,0,1,1,0,1
146357,0,1,1,0,1
144966,0,1,1,0,1
145881,0,1,1,0,1
145732,0,1,1,0,1
151455,0,1,0,0,1
145432,0,1,1,0,1
143218,0,1,1,0,1
145651,0,1,1,0,1
143029,0,1,1,0,1
145217,0,1,1,0,1
144949,0,1,1,0,1
145888,0,1,1,0,1
145915,0,1,1,0,1
144758,0,1,1,0,1
146019,0,1,1,0,1
146259,0,1,1,0,1
144380,0,1,1,0,1
145795,0,1,1,0,1
143902,0,1,1,0,1
144467,0,1,1,0,1
144459,0,1,1,0,1
146201,0,1,1,0,1
144828,0,1,1,0,1
143420,0,1,1,0,1
142765,0,1,1,0,1
143059,0,1,1,0,1
145697,0,1,1,0,1
146681,0,1,1,0,1
146034,0,1,1,0,1
146023,0,1,1,0,1
146220,0,1,1,0,1
143789,0,1,1,0,1
144452,0,1,1,0,1
145822,0,1,1,0,1
143137,0,1,1,0,1
143912,0,1,1,0,1
143473,0,1,1,0,1
142748,0,1,1,0,1
144724,0,1,1,0,1
144642,0,1,1,0,1
145383,0,1,1,0,1
146243,0,1,1,0,1
142094,0,1,1,0,1
142863,0,1,1,0,1
213878,0,1,1,0,1
146116,0,1,1,0,1
145830,0,1,1,0,1
142820,0,1,1,0,1
146091,0,1,1,0,1
143891,0,1,1,0,1
144119,0,1,1,0,1
144264,0,1,1,0,1
144043,0,1,1,0,1
143552,0,1,1,0,1
152631,0,1,1,0,1
145590,0,1,1,0,1
144197,0,1,1,0,1
146659,0,1,1,0,1
145314,0,1,1,0,1
143894,0,1,1,0,1
146030,0,1,1,0,1
143624,0,1,1,0,1
145964,0,1,1,0,1
143660,0,1,1,0,1
145348,0,1,1,0,1
56004,0,1,0,0,1
146715,0,1,1,0,1
145464,0,1,1,0,1
143763,0,1,1,0,1
143201,0,1,1,0,1
144508,0,1,1,0,1
145133,0,1,1,0,1
145675,0,1,1,0,1
144068,0,1,1,0,1
143342,0,1,1,0,1
145863,0,1,1,0,1
143081,0,1,1,0,1
145471,0,1,1,0,1
143514,0,1,1,0,1
143889,0,1,1,0,1
146400,0,1,1,0,1
145025,0,1,1,0,1
143278,0,1,1,0,1
143914,0,1,1,0,1
145141,0,1,1,0,1
145641,0,1,1,0,1
146451,0,1,1,0,1
144523,0,1,1,0,1
144425,0,1,1,0,1
143559,0,1,1,0,1
146113,0,1,1,0,1
146330,0,1,1,0,1
145371,0,1,1,0,1
151426,0,1,0,0,1
144037,0,1,1,0,1
137801,1,0,0,0,1
143691,0,1,1,0,1
145067,0,1,1,0,1
144367,0,1,1,0,1
145551,0,1,1,0,1
145447,0,1,1,0,1
144743,0,1,1,0,1
142076,0,1,1,0,1
145127,0,1,1,0,1
146347,0,1,1,0,1
143945,0,1,1,0,1
145417,0,1,1,0,1
143109,0,1,1,0,1
144413,0,1,1,0,1
145518,0,1,1,0,1
145994,0,1,1,0,1
145531,0,1,1,0,1
143530,0,1,1,0,1
205603,0,1,1,0,1
143513,0,1,1,0,1
143813,0,1,1,0,1
151448,0,1,0,0,1
143681,0,1,1,0,1
143245,0,1,1,0,1
144075,0,1,1,0,1
143930,0,1,1,0,1
144346,0,1,1,0,1
146291,0,1,1,0,1
145369,0,1,1,0,1
146667,0,1,1,0,1
145190,0,1,1,0,1
143820,0,1,1,0,1
146405,0,1,1,0,1
142928,0,1,1,0,1
145028,0,1,1,0,1
143425,0,1,1,0,1
145587,0,1,1,0,1
146147,0,1,1,0,1
146481,0,1,1,0,1
143138,0,1,1,0,1
144930,0,1,1,0,1
145496,0,1,1,0,1
144943,0,1,1,0,1
145068,0,1,1,0,1
146402,0,1,1,0,1
143677,0,1,1,0,1
143289,0,1,1,0,1
145833,0,1,1,0,1
144698,0,1,1,0,1
146088,0,1,1,0,1
143825,0,1,1,0,1
146257,0,1,1,0,1
143925,0,1,1,0,1
145943,0,1,1,0,1
143083,0,1,1,0,1
145958,0,1,1,0,1
142904,0,1,1,0,1
146490,0,1,1,0,1
144699,0,1,1,0,1
143635,0,1,1,0,1
145078,0,1,1,0,1
145794,0,1,1,0,1
146181,0,1,1,0,1
144773,0,1,1,0,1
143774,0,1,1,0,1
141429,0,1,1,0,1
146105,0,1,1,0,1
145905,0,1,1,0,1
145317,0,1,1,0,1
145327,0,1,1,0,1
146576,0,1,1,0,1
144802,0,1,1,0,1
142717,0,1,1,0,1
146419,0,1,1,0,1
144579,0,1,1,0,1
140633,1,0,1,0,1
144973,0,1,1,0,1
144664,0,1,1,0,1
146469,0,1,1,0,1
145395,0,1,1,0,1
210773,0,1,1,0,1
144019,0,1,1,0,1
145661,0,1,1,0,1
145876,0,1,1,0,1
146297,0,1,1,0,1
144727,0,1,1,0,1
144300,0,1,1,0,1
145816,0,1,1,0,1
143430,0,1,1,0,1
145575,0,1,1,0,1
143551,0,1,1,0,1
144410,0,1,1,0,1
146674,0,1,1,0,1
146246,0,1,1,0,1
145703,0,1,1,0,1
144141,0,1,1,0,1
145201,0,1,1,0,1
142970,0,1,1,0,1
146555,0,1,1,0,1
146565,0,1,1,0,1
143626,0,1,1,0,1
145760,0,1,1,0,1
144512,0,1,1,0,1
143547,0,1,1,0,1
144793,0,1,1,0,1
146704,0,1,1,0,1
143435,0,1,1,0,1
143859,0,1,1,0,1
144882,0,1,1,0,1
145178,0,1,1,0,1
145049,0,1,1,0,1
143399,0,1,1,0,1
146300,0,1,1,0,1
145474,0,1,1,0,1
143940,0,1,1,0,1
143093,0,1,1,0,1
143562,0,1,1,0,1
146742,0,1,1,0,1
146472,0,1,1,0,1
146712,0,1,1,0,1
146025,0,1,1,0,1
143309,0,1,1,0,1
144948,0,1,1,0,1
144518,0,1,1,0,1
146539,0,1,1,0,1
144391,0,1,1,0,1
146242,0,1,1,0,1
145153,0,1,1,0,1
143980,0,1,1,0,1
144921,0,1,1,0,1
146600,0,1,1,0,1
144551,0,1,1,0,1
145700,0,1,1,0,1
144388,0,1,1,0,1
144603,0,1,1,0,1
145313,0,1,1,0,1
145831,0,1,1,0,1
146064,0,1,1,0,1
143824,0,1,1,0,1
145747,0,1,1,0,1
145302,0,1,1,0,1
146491,0,1,1,0,1
142854,0,1,1,0,1
144116,0,1,1,0,1
143293,0,1,1,0,1
146589,0,1,1,0,1
143853,0,1,1,0,1
149511,1,0,0,1,1
143802,0,1,1,0,1
146508,0,1,1,0,1
144778,0,1,1,0,1
139743,1,0,1,0,1
143386,0,1,1,0,1
144407,0,1,1,0,1
144081,0,1,1,0,1
143554,0,1,1,0,1
144899,0,1,1,0,1
143416,0,1,1,0,1
143899,0,1,1,0,1
143249,0,1,1,0,1
146151,0,1,1,0,1
141445,0,1,1,0,1
143871,0,1,1,0,1
143162,0,1,1,0,1
143967,0,1,1,0,1
205779,0,1,1,0,1
144763,0,1,1,0,1
144011,0,1,1,0,1
143594,0,1,1,0,1
142991,0,1,1,0,1
145674,0,1,1,0,1
144021,0,1,1,0,1
144721,0,1,1,0,1
143173,0,1,1,0,1
144134,0,1,1,0,1
143754,0,1,1,0,1
144309,0,1,1,0,1
145542,0,1,1,0,1
144969,0,1,1,0,1
143477,0,1,1,0,1
146174,0,1,1,0,1
152134,0,1,1,0,1
142693,0,1,1,0,1
145262,0,1,1,0,1
144482,0,1,1,0,1
145653,0,1,1,0,1
144540,0,1,1,0,1
143394,0,1,1,0,1
145811,0,1,1,0,1
143817,0,1,1,0,1
143935,0,1,1,0,1
146036,0,1,1,0,1
144775,0,1,1,0,1
145978,0,1,1,0,1
144782,0,1,1,0,1
145266,0,1,1,0,1
144996,0,1,1,0,1
146328,0,1,1,0,1
144826,0,1,1,0,1
143703,0,1,1,0,1
144941,0,1,1,0,1
143329,0,1,1,0,1
145670,0,1,1,0,1
143517,0,1,1,0,1
145827,0,1,1,0,1
143339,0,1,1,0,1
144808,0,1,1,0,1
142750,0,1,1,0,1
213700,0,1,1,0,1
144983,0,1,1,0,1
143779,0,1,1,0,1
144085,0,1,1,0,1
145689,0,1,1,0,1
146649,0,1,1,0,1
146558,0,1,1,0,1
144139,0,1,1,0,1
144566,0,1,1,0,1
143963,0,1,1,0,1
136146,1,0,1,0,1
145234,0,1,1,0,1
144424,0,1,1,0,1
143909,0,1,1,0,1
146074,0,1,1,0,1
145634,0,1,1,0,1
145209,0,1,1,0,1
142982,0,1,1,0,1
143872,0,1,1,0,1
145686,0,1,1,0,1
146598,0,1,1,0,1
145512,0,1,1,0,1
145593,0,1,1,0,1
143146,0,1,1,0,1
145679,0,1,1,0,1
145892,0,1,1,0,1
145198,0,1,1,0,1
143997,0,1,1,0,1
145232,0,1,1,0,1
144374,0,1,1,0,1
145759,0,1,1,0,1
144095,0,1,1,0,1
144353,0,1,1,0,1
143456,0,1,1,0,1
144484,0,1,1,0,1
144814,0,1,1,0,1
146172,0,1,1,0,1
145203,0,1,1,0,1
143024,0,1,1,0,1
145682,0,1,1,0,1
145666,0,1,1,0,1
144450,0,1,1,0,1
142976,0,1,1,0,1
143663,0,1,1,0,1
144378,0,1,1,0,1
144710,0,1,1,0,1
145231,0,1,1,0,1
144073,0,1,1,0,1
137719,1,0,0,0,1
134421,1,0,0,0,1
144749,0,1,1,0,1
144179,0,1,1,0,1
145235,0,1,1,0,1
144574,0,1,1,0,1
142703,0,1,1,0,1
142689,0,1,1,0,1
145615,0,1,1,0,1
145374,0,1,1,0,1
144586,0,1,1,0,1
144507,0,1,1,0,1
144126,0,1,1,0,1
143775,0,1,1,0,1
145842,0,1,1,0,1
146456,0,1,1,0,1
144607,0,1,1,0,1
144033,0,1,1,0,1
203643,0,1,1,0,1
145379,0,1,1,0,1
144015,0,1,1,0,1
144182,0,1,1,0,1
144144,0,1,1,0,1
146312,0,1,1,0,1
145529,0,1,1,0,1
145690,0,1,1,0,1
144151,0,1,1,0,1
142725,0,1,1,0,1
143226,0,1,1,0,1
146597,0,1,1,0,1
142102,0,1,1,0,1
143760,0,1,1,0,1
143773,0,1,1,0,1
144415,0,1,1,0,1
145921,0,1,1,0,1
143009,0,1,1,0,1
146614,0,1,1,0,1
145289,0,1,1,0,1
146183,0,1,1,0,1
145325,0,1,1,0,1
143426,0,1,1,0,1
146136,0,1,1,0,1
143204,0,1,1,0,1
144129,0,1,1,0,1
144249,0,1,1,0,1
146701,0,1,1,0,1
146356,0,1,1,0,1
144877,0,1,1,0,1
144912,0,1,1,0,1
200256,0,1,1,0,1
146462,0,1,1,0,1
143646,0,1,1,0,1
143815,0,1,1,0,1
145950,0,1,1,0,1
143928,0,1,1,0,1
143753,0,1,1,0,1
146692,0,1,1,0,1
145780,0,1,1,0,1
146060,0,1,1,0,1
146371,0,1,1,0,1
143096,0,1,1,0,1
142860,0,1,1,0,1
145373,0,1,1,0,1
146658,0,1,1,0,1
144834,0,1,1,0,1
146296,0,1,1,0,1
146351,0,1,1,0,1
145502,0,1,1,0,1
145897,0,1,1,0,1
142967,0,1,1,0,1
143270,0,1,1,0,1
143487,0,1,1,0,1
144661,0,1,1,0,1
146401,0,1,1,0,1
144923,0,1,1,0,1
145228,0,1,1,0,1
143570,0,1,1,0,1
146158,0,1,1,0,1
143612,0,1,1,0,1
143305,0,1,1,0,1
142776,0,1,1,0,1
144667,0,1,1,0,1
145420,0,1,1,0,1
143319,0,1,1,0,1
146679,0,1,1,0,1
146094,0,1,1,0,1
144541,0,1,1,0,1
146368,0,1,1,0,1
143865,0,1,1,0,1
143170,0,1,1,0,1
145105,0,1,1,0,1
143396,0,1,1,0,1
146541,0,1,1,0,1
144323,0,1,1,0,1
144156,0,1,1,0,1
143672,0,1,1,0,1
144841,0,1,1,0,1
144534,0,1,1,0,1
144077,0,1,1,0,1
146241,0,1,1,0,1
146695,0,1,1,0,1
144096,0,1,1,0,1
145837,0,1,1,0,1
146535,0,1,1,0,1
146334,0,1,1,0,1
142072,0,1,1,0,1
143745,0,1,1,0,1
143003,0,1,1,0,1
143023,0,1,1,0,1
146482,0,1,1,0,1
143978,0,1,1,0,1
144801,0,1,1,0,1
144862,0,1,1,0,1
146128,0,1,1,0,1
142766,0,1,1,0,1
145550,0,1,1,0,1
145386,0,1,1,0,1
145787,0,1,1,0,1
144239,0,1,1,0,1
143445,0,1,1,0,1
144052,0,1,1,0,1
143351,0,1,1,0,1
144155,0,1,1,0,1
143828,0,1,1,0,1
144442,0,1,1,0,1
146342,0,1,1,0,1
145627,0,1,1,0,1
145192,0,1,1,0,1
146135,0,1,1,0,1
143395,0,1,1,0,1
144515,0,1,1,0,1
146616,0,1,1,0,1
145341,0,1,1,0,1
144539,0,1,1,0,1
143959,0,1,1,0,1
145932,0,1,1,0,1
143035,0,1,1,0,1
146042,0,1,1,0,1
146486,0,1,1,0,1
146687,0,1,1,0,1
142834,0,1,1,0,1
143587,0,1,1,0,1
144739,0,1,1,0,1
146031,0,1,1,0,1
151432,0,1,0,0,1
146430,0,1,1,0,1
144111,0,1,1,0,1
143468,0,1,1,0,1
146245,0,1,1,0,1
143346,0,1,1,0,1
143163,0,1,1,0,1
145108,0,1,1,0,1
143910,0,1,1,0,1
145761,0,1,1,0,1
144170,0,1,1,0,1
144414,0,1,1,0,1
144086,0,1,1,0,1
143117,0,1,1,0,1
144098,0,1,1,0,1
145081,0,1,1,0,1
145273,0,1,1,0,1
144429,0,1,1,0,1
143578,0,1,1,0,1
211992,0,1,1,0,1
146412,0,1,1,0,1
146011,0,1,1,0,1
142091,0,1,1,0,1
146662,0,1,1,0,1
143103,0,1,1,0,1
142802,0,1,1,0,1
146581,0,1,1,0,1
144953,0,1,1,0,1
146540,0,1,1,0,1
145109,0,1,1,0,1
145171,0,1,1,0,1
145269,0,1,1,0,1
143919,0,1,1,0,1
144359,0,1,1,0,1
142951,0,1,1,0,1
145398,0,1,1,0,1
145392,0,1,1,0,1
144051,0,1,1,0,1
142841,0,1,1,0,1
143314,0,1,1,0,1
143693,0,1,1,0,1
146268,0,1,1,0,1
144690,0,1,1,0,1
139231,0,1,1,0,1
143379,0,1,1,0,1
143903,0,1,1,0,1
142090,0,1,1,0,1
144046,0,1,1,0,1
144475,0,1,1,0,1
144522,0,1,1,0,1
144766,0,1,1,0,1
146121,0,1,1,0,1
143047,0,1,1,0,1
146698,0,1,1,0,1
145983,0,1,1,0,1
144432,0,1,1,0,1
142934,0,1,1,0,1
145047,0,1,1,0,1
146514,0,1,1,0,1
144250,0,1,1,0,1
145225,0,1,1,0,1
146089,0,1,1,0,1
142697,0,1,1,0,1
142949,0,1,1,0,1
146358,0,1,1,0,1
142930,0,1,1,0,1
145621,0,1,1,0,1
146744,0,1,1,0,1
144629,0,1,1,0,1
142833,0,1,1,0,1
144556,0,1,1,0,1
146706,0,1,1,0,1
145001,0,1,1,0,1
145846,0,1,1,0,1
144937,0,1,1,0,1
144879,0,1,1,0,1
146429,0,1,1,0,1
145638,0,1,1,0,1
143457,0,1,1,0,1
144258,0,1,1,0,1
145947,0,1,1,0,1
146686,0,1,1,0,1
142715,0,1,1,0,1
144436,0,1,1,0,1
143492,0,1,1,0,1
144889,0,1,1,0,1
145782,0,1,1,0,1
151446,0,1,0,0,1
143217,0,1,1,0,1
143613,0,1,1,0,1
143901,0,1,1,0,1
145122,0,1,1,0,1
146293,0,1,1,0,1
143722,0,1,1,0,1
144772,0,1,1,0,1
143975,0,1,1,0,1
145776,0,1,1,0,1
142905,0,1,1,0,1
151247,1,0,0,0,1
145423,0,1,1,0,1
146697,0,1,1,0,1
144306,0,1,1,0,1
143927,0,1,1,0,1
146279,0,1,1,0,1
145566,0,1,1,0,1
143432,0,1,1,0,1
146423,0,1,1,0,1
146075,0,1,1,0,1
142786,0,1,1,0,1
146344,0,1,1,0,1
143814,0,1,1,0,1
144350,0,1,1,0,1
144184,0,1,1,0,1
143072,0,1,1,0,1
144963,0,1,1,0,1
145580,0,1,1,0,1
143904,0,1,1,0,1
144385,0,1,1,0,1
142164,0,1,1,0,1
145630,0,1,1,0,1
144730,0,1,1,0,1
144278,0,1,1,0,1
142869,0,1,1,0,1
143357,0,1,1,0,1
146449,0,1,1,0,1
145871,0,1,1,0,1
144101,0,1,1,0,1
142953,0,1,1,0,1
144787,0,1,1,0,1
144524,0,1,1,0,1
142968,0,1,1,0,1
143452,0,1,1,0,1
143311,0,1,1,0,1
144351,0,1,1,0,1
143497,0,1,1,0,1
146307,0,1,1,0,1
143867,0,1,1,0,1
145183,0,1,1,0,1
145352,0,1,1,0,1
144804,0,1,1,0,1
146489,0,1,1,0,1
144604,0,1,1,0,1
145387,0,1,1,0,1
142106,0,1,1,0,1
145856,0,1,1,0,1
146746,1,0,0,0,1
142694,0,1,1,0,1
143597,0,1,1,0,1
59089,1,0,0,0,1
146099,0,1,1,0,1
145204,0,1,1,0,1
144259,0,1,1,0,1
145832,0,1,1,0,1
144152,0,1,1,0,1
144582,0,1,1,0,1
142070,0,1,1,0,1
144805,0,1,1,0,1
143322,0,1,1,0,1
144412,0,1,1,0,1
146733,0,1,1,0,1
145342,0,1,1,0,1
145898,0,1,1,0,1
143893,0,1,1,0,1
145799,0,1,1,0,1
144980,0,1,1,0,1
144387,0,1,1,0,1
145329,0,1,1,0,1
143250,0,1,1,0,1
144711,0,1,1,0,1
145544,0,1,1,0,1
143511,0,1,1,0,1
145143,0,1,1,0,1
142670,0,1,1,0,1
143478,0,1,1,0,1
145974,0,1,1,0,1
144012,0,1,1,0,1
143073,0,1,1,0,1
146634,0,1,1,0,1
142687,0,1,1,0,1
144319,0,1,1,0,1
146012,0,1,1,0,1
143368,0,1,1,0,1
146498,0,1,1,0,1
144472,0,1,1,0,1
145852,0,1,1,0,1
146070,0,1,1,0,1
145525,0,1,1,0,1
143759,0,1,1,0,1
143392,0,1,1,0,1
143943,0,1,1,0,1
142660,0,1,1,0,1
143220,0,1,1,0,1
144050,0,1,1,0,1
143423,0,1,1,0,1
146477,0,1,1,0,1
140056,0,1,0,0,1
145607,0,1,1,0,1
142933,0,1,1,0,1
146168,0,1,1,0,1
143799,0,1,1,0,1
142963,0,1,1,0,1
146536,0,1,1,0,1
145998,0,1,1,0,1
142077,0,1,1,0,1
145771,0,1,1,0,1
146005,0,1,1,0,1
145075,0,1,1,0,1
143234,0,1,1,0,1
145505,0,1,1,0,1
144176,0,1,1,0,1
143205,0,1,1,0,1
146714,0,1,1,0,1
145728,0,1,1,0,1
143621,0,1,1,0,1
143852,0,1,1,0,1
144389,0,1,1,0,1
144274,0,1,1,0,1
146210,0,1,1,0,1
200103,0,1,1,0,1
146680,0,1,1,0,1
145045,0,1,1,0,1
143837,0,1,1,0,1
142910,0,1,1,0,1
145987,0,1,1,0,1
145258,0,1,1,0,1
144922,0,1,1,0,1
144403,0,1,1,0,1
145848,0,1,1,0,1
151445,0,1,0,0,1
146362,0,1,1,0,1
142740,0,1,1,0,1
142925,0,1,1,0,1
144317,0,1,1,0,1
143292,0,1,1,0,1
143010,0,1,1,0,1
143658,0,1,1,0,1
143161,0,1,1,0,1
144909,0,1,1,0,1
145652,0,1,1,0,1
143506,0,1,1,0,1
146284,0,1,1,0,1
146647,0,1,1,0,1
143650,0,1,1,0,1
144070,0,1,1,0,1
145917,0,1,1,0,1
146209,0,1,1,0,1
144026,0,1,1,0,1
143620,0,1,1,0,1
145868,0,1,1,0,1
143665,0,1,1,0,1
143778,0,1,1,0,1
143178,0,1,1,0,1
143598,0,1,1,0,1
143737,0,1,1,0,1
144138,0,1,1,0,1
144394,0,1,1,0,1
143374,0,1,1,0,1
143991,0,1,1,0,1
146721,0,1,1,0,1
144874,0,1,1,0,1
143897,0,1,1,0,1
151284,1,0,0,0,1
142890,0,1,1,0,1
146115,0,1,1,0,1
143407,0,1,1,0,1
144895,0,1,1,0,1
142964,0,1,1,0,1
131567,1,0,1,0,1
145903,0,1,1,0,1
145769,0,1,1,0,1
144873,0,1,1,0,1
142677,0,1,1,0,1
143643,0,1,1,0,1
145461,0,1,1,0,1
145972,0,1,1,0,1
145864,0,1,1,0,1
146673,0,1,1,0,1
144158,0,1,1,0,1
144536,0,1,1,0,1
145867,0,1,1,0,1
146205,0,1,1,0,1
143558,0,1,1,0,1
142093,0,1,1,0,1
144851,0,1,1,0,1
145908,0,1,1,0,1
144434,0,1,1,0,1
146689,0,1,1,0,1
144454,0,1,1,0,1
209601,0,1,1,0,1
143900,0,1,1,0,1
151458,0,1,0,0,1
145669,0,1,1,0,1
144913,0,1,1,0,1
151450,0,1,0,0,1
145285,0,1,1,0,1
143125,0,1,1,0,1
142794,0,1,1,0,1
144615,0,1,1,0,1
145959,0,1,1,0,1
145442,0,1,1,0,1
145151,0,1,1,0,1
145156,0,1,1,0,1
146560,0,1,1,0,1
142843,0,1,1,0,1
145393,0,1,1,0,1
143563,0,1,1,0,1
144876,0,1,1,0,1
142958,0,1,1,0,1
146325,0,1,1,0,1
146716,0,1,1,0,1
145411,0,1,1,0,1
145504,0,1,1,0,1
145951,0,1,1,0,1
145636,0,1,1,0,1
142872,0,1,1,0,1
146666,0,1,1,0,1
143355,0,1,1,0,1
143150,0,1,1,0,1
143281,0,1,1,0,1
143079,0,1,1,0,1
144082,0,1,1,0,1
143583,0,1,1,0,1
145970,0,1,1,0,1
143132,0,1,1,0,1
143644,0,1,1,0,1
145265,0,1,1,0,1
142663,0,1,1,0,1
144587,0,1,1,0,1
146265,0,1,1,0,1
146416,0,1,1,0,1
146408,0,1,1,0,1
145677,0,1,1,0,1
146251,0,1,1,0,1
145093,0,1,1,0,1
146320,0,1,1,0,1
144427,0,1,1,0,1
145425,0,1,1,0,1
143253,0,1,1,0,1
143219,0,1,1,0,1
146021,0,1,1,0,1
146668,0,1,1,0,1
145026,0,1,1,0,1
151440,0,1,0,0,1
143581,0,1,1,0,1
146114,0,1,1,0,1
145321,0,1,1,0,1
146392,0,1,1,0,1
145902,0,1,1,0,1
146413,0,1,1,0,1
144771,0,1,1,0,1
143091,0,1,1,0,1
145986,0,1,1,0,1
146446,0,1,1,0,1
143532,0,1,1,0,1
143053,0,1,1,0,1
146601,0,1,1,0,1
145324,0,1,1,0,1
143633,0,1,1,0,1
146503,0,1,1,0,1
144213,0,1,1,0,1
142080,0,1,1,0,1
145775,0,1,1,0,1
145741,0,1,1,0,1
144504,0,1,1,0,1
144210,0,1,1,0,1
146120,0,1,1,0,1
145390,0,1,1,0,1
144537,0,1,1,0,1
145631,0,1,1,0,1
144487,0,1,1,0,1
144857,0,1,1,0,1
143995,0,1,1,0,1
144416,0,1,1,0,1
144654,0,1,1,0,1
145847,0,1,1,0,1
144069,0,1,1,0,1
143870,0,1,1,0,1
145186,0,1,1,0,1
142931,0,1,1,0,1
146590,0,1,1,0,1
144408,0,1,1,0,1
143348,0,1,1,0,1
143211,0,1,1,0,1
142878,0,1,1,0,1
143937,0,1,1,0,1
144297,0,1,1,0,1
146727,0,1,1,0,1
146340,0,1,1,0,1
145357,0,1,1,0,1
145236,0,1,1,0,1
144786,0,1,1,0,1
144381,0,1,1,0,1
143636,0,1,1,0,1
144835,0,1,1,0,1
132437,1,0,0,0,1
142781,0,1,1,0,1
146745,0,1,1,0,1
143826,0,1,1,0,1
145058,0,1,1,0,1
146132,0,1,1,0,1
143378,0,1,1,0,1
142946,0,1,1,0,1
144206,0,1,1,0,1
146546,0,1,1,0,1
145614,0,1,1,0,1
146444,0,1,1,0,1
145263,0,1,1,0,1
143429,0,1,1,0,1
144573,0,1,1,0,1
145815,0,1,1,0,1
200789,0,1,1,0,1
144640,0,1,1,0,1
145005,0,1,1,0,1
143984,0,1,1,0,1
146646,0,1,1,0,1
142973,0,1,1,0,1
143524,0,1,1,0,1
143908,0,1,1,0,1
142907,0,1,1,0,1
145629,0,1,1,0,1
145685,0,1,1,0,1
142785,0,1,1,0,1
146376,0,1,1,0,1
146409,0,1,1,0,1
143748,0,1,1,0,1
144688,0,1,1,0,1
142661,0,1,1,0,1
145170,0,1,1,0,1
144871,0,1,1,0,1
142994,0,1,1,0,1
145766,0,1,1,0,1
144122,0,1,1,0,1
145851,0,1,1,0,1
145576,0,1,1,0,1
146226,0,1,1,0,1
142883,0,1,1,0,1
146572,0,1,1,0,1
143729,0,1,1,0,1
144067,0,1,1,0,1
142742,0,1,1,0,1
144078,0,1,1,0,1
146717,0,1,1,0,1
145169,0,1,1,0,1
145002,0,1,1,0,1
145288,0,1,1,0,1
144777,0,1,1,0,1
142653,0,1,1,0,1
143536,0,1,1,0,1
144329,0,1,1,0,1
144225,0,1,1,0,1
143439,0,1,1,0,1
143490,0,1,1,0,1
143741,0,1,1,0,1
143591,0,1,1,0,1
143696,0,1,1,0,1
143075,0,1,1,0,1
144333,0,1,1,0,1
145906,0,1,1,0,1
142906,0,1,1,0,1
144560,0,1,1,0,1
144894,0,1,1,0,1
144421,0,1,1,0,1
140854,0,1,0,0,1
143288,0,1,1,0,1
143860,0,1,1,0,1
143115,0,1,1,0,1
152118,0,1,1,0,1
144789,0,1,1,0,1
143584,0,1,1,0,1
142936,0,1,1,0,1
144295,0,1,1,0,1
142771,0,1,1,0,1
63697,1,0,0,0,1
144227,0,1,1,0,1
143519,0,1,1,0,1
145405,0,1,1,0,1
145731,0,1,1,0,1
144997,0,1,1,0,1
145699,0,1,1,0,1
146144,0,1,1,0,1
144780,0,1,1,0,1
144485,0,1,1,0,1
144049,0,1,1,0,1
144613,0,1,1,0,1
144014,0,1,1,0,1
146485,0,1,1,0,1
151443,0,1,0,0,1
142838,0,1,1,0,1
142983,0,1,1,0,1
146618,0,1,1,0,1
143880,0,1,1,0,1
144277,0,1,1,0,1
145436,0,1,1,0,1
146068,0,1,1,0,1
145735,0,1,1,0,1
143947,0,1,1,0,1
145048,0,1,1,0,1
146133,0,1,1,0,1
145891,0,1,1,0,1
145485,0,1,1,0,1
143608,0,1,1,0,1
149475,1,0,1,0,1
146317,0,1,1,0,1
143983,0,1,1,0,1
144439,0,1,1,0,1
144538,0,1,1,0,1
144332,0,1,1,0,1
145041,0,1,1,0,1
145595,0,1,1,0,1
143136,0,1,1,0,1
145948,0,1,1,0,1
144238,0,1,1,0,1
144065,0,1,1,0,1
146143,0,1,1,0,1
143850,0,1,1,0,1
146509,0,1,1,0,1
143713,0,1,1,0,1
143974,0,1,1,0,1
145139,0,1,1,0,1
146730,0,1,1,0,1
145009,0,1,1,0,1
143954,0,1,1,0,1
145332,0,1,1,0,1
145844,0,1,1,0,1
145012,0,1,1,0,1
142806,0,1,1,0,1
145284,0,1,1,0,1
143454,0,1,1,0,1
206315,0,1,0,0,1
143381,0,1,1,0,1
143844,0,1,1,0,1
143037,0,1,1,0,1
144823,0,1,1,0,1
145520,0,1,1,0,1
144194,0,1,1,0,1
145993,0,1,1,0,1
146545,0,1,1,0,1
144321,0,1,1,0,1
63654,1,0,0,0,1
146690,0,1,1,0,1
144299,0,1,1,0,1
144708,0,1,1,0,1
142829,0,1,1,0,1
146758,1,0,0,0,1
143788,0,1,1,0,1
146032,0,1,1,0,1
146266,0,1,1,0,1
146313,0,1,1,0,1
145526,0,1,1,0,1
143018,0,1,1,0,1
144562,0,1,1,0,1
144920,0,1,1,0,1
145145,0,1,1,0,1
143518,0,1,1,0,1
142909,0,1,1,0,1
146505,0,1,1,0,1
143887,0,1,1,0,1
146067,0,1,1,0,1
146352,0,1,1,0,1
146098,0,1,1,0,1
146309,0,1,1,0,1
145180,0,1,1,0,1
144220,0,1,1,0,1
144055,0,1,1,0,1
144236,0,1,1,0,1
142810,0,1,1,0,1
146204,0,1,1,0,1
144597,0,1,1,0,1
142809,0,1,1,0,1
144840,0,1,1,0,1
146308,0,1,1,0,1
144521,0,1,1,0,1
144244,0,1,1,0,1
143194,0,1,1,0,1
145053,0,1,1,0,1
146058,0,1,1,0,1
142696,0,1,1,0,1
143710,0,1,1,0,1
146057,0,1,1,0,1
144117,0,1,1,0,1
146433,0,1,1,0,1
143761,0,1,1,0,1
146636,0,1,1,0,1
144704,0,1,1,0,1
145723,0,1,1,0,1
146196,0,1,1,0,1
143127,0,1,1,0,1
144905,0,1,1,0,1
145620,0,1,1,0,1
146360,0,1,1,0,1
146189,0,1,1,0,1
145164,0,1,1,0,1
146575,0,1,1,0,1
143765,0,1,1,0,1
142882,0,1,1,0,1
144263,0,1,1,0,1
144706,0,1,1,0,1
144528,0,1,1,0,1
143269,0,1,1,0,1
143179,0,1,1,0,1
144362,0,1,1,0,1
143123,0,1,1,0,1
144856,0,1,1,0,1
145033,0,1,1,0,1
143207,0,1,1,0,1
146526,0,1,1,0,1
150373,0,1,1,0,1
144490,0,1,1,0,1
146152,0,1,1,0,1
142895,0,1,1,0,1
144488,0,1,1,0,1
145182,0,1,1,0,1
144866,0,1,1,0,1
146566,0,1,1,0,1
146705,0,1,1,0,1
145984,0,1,1,0,1
146510,0,1,1,0,1
146607,0,1,1,0,1
146382,0,1,1,0,1
143365,0,1,1,0,1
143790,0,1,1,0,1
143656,0,1,1,0,1
142711,0,1,1,0,1
198527,0,1,1,0,1
145444,0,1,1,0,1
146272,0,1,1,0,1
144770,0,1,1,0,1
145975,0,1,1,0,1
146361,0,1,1,0,1
143758,0,1,1,0,1
145508,0,1,1,0,1
143572,0,1,1,0,1
146250,0,1,1,0,1
144998,0,1,1,0,1
142800,0,1,1,0,1
143433,0,1,1,0,1
144406,0,1,1,0,1
142652,0,1,1,0,1
142659,0,1,1,0,1
144779,0,1,1,0,1
151436,0,1,0,0,1
145949,0,1,1,0,1
145462,0,1,1,0,1
145216,0,1,1,0,1
146638,0,1,1,0,1
142913,0,1,1,0,1
145522,0,1,1,0,1
144398,0,1,1,0,1
134488,0,1,1,0,1
143723,0,1,1,0,1
143325,0,1,1,0,1
143878,0,1,1,0,1
143830,0,1,1,0,1
143199,0,1,1,0,1
145213,0,1,1,0,1
143913,0,1,1,0,1
145585,0,1,1,0,1
151425,0,1,0,0,1
143560,0,1,1,0,1
144658,0,1,1,0,1
144564,0,1,1,0,1
144656,0,1,1,0,1
143669,0,1,1,0,1
143602,0,1,1,0,1
144315,0,1,1,0,1
144453,0,1,1,0,1
143038,0,1,1,0,1
146683,0,1,1,0,1
143664,0,1,1,0,1
143896,0,1,1,0,1
146626,0,1,1,0,1
145394,0,1,1,0,1
146323,0,1,1,0,1
146377,0,1,1,0,1
146615,0,1,1,0,1
143231,0,1,1,0,1
145622,0,1,1,0,1
143036,0,1,1,0,1
144933,0,1,1,0,1
145457,0,1,1,0,1
145854,0,1,1,0,1
145879,0,1,1,0,1
144516,0,1,1,0,1
146651,0,1,1,0,1
202782,0,1,0,0,1
142777,0,1,1,0,1
146298,0,1,1,0,1
143579,0,1,1,0,1
145985,0,1,1,0,1
143855,0,1,1,0,1
144580,0,1,1,0,1
145996,0,1,1,0,1
144505,0,1,1,0,1
144747,0,1,1,0,1
142767,0,1,1,0,1
144929,0,1,1,0,1
144268,0,1,1,0,1
142746,0,1,1,0,1
145862,0,1,1,0,1
145036,0,1,1,0,1
146660,0,1,1,0,1
142782,0,1,1,0,1
131541,1,0,1,0,1
143263,0,1,1,0,1
144112,0,1,1,0,1
142828,0,1,1,0,1
145206,0,1,1,0,1
145017,0,1,1,0,1
139189,1,0,0,0,1
145658,0,1,1,0,1
143678,0,1,1,0,1
145163,0,1,1,0,1
144520,0,1,1,0,1
145494,0,1,1,0,1
146574,0,1,1,0,1
144525,0,1,1,0,1
146285,0,1,1,0,1
145161,0,1,1,0,1
143460,0,1,1,0,1
144975,0,1,1,0,1
143064,0,1,1,0,1
143616,0,1,1,0,1
146665,0,1,1,0,1
146073,0,1,1,0,1
145556,0,1,1,0,1
143600,0,1,1,0,1
146578,0,1,1,0,1
144395,0,1,1,0,1
142741,0,1,1,0,1
144273,0,1,1,0,1
145260,0,1,1,0,1
143129,0,1,1,0,1
146263,0,1,1,0,1
143401,0,1,1,0,1
145138,0,1,1,0,1
143352,0,1,1,0,1
144719,0,1,1,0,1
151437,0,1,0,0,1
146740,0,1,1,0,1
144668,0,1,1,0,1
146693,0,1,1,0,1
143236,0,1,1,0,1
143030,0,1,1,0,1
144902,0,1,1,0,1
143215,0,1,1,0,1
143907,0,1,1,0,1
146078,0,1,1,0,1
143116,0,1,1,0,1
146447,0,1,1,0,1
144947,0,1,1,0,1
143818,0,1,1,0,1
143383,0,1,1,0,1
145791,0,1,1,0,1
143883,0,1,1,0,1
142975,0,1,1,0,1
145451,0,1,1,0,1
143680,0,1,1,0,1
145819,0,1,1,0,1
144571,0,1,1,0,1
144142,0,1,1,0,1
146071,0,1,1,0,1
143495,0,1,1,0,1
143414,0,1,1,0,1
144195,0,1,1,0,1
146092,0,1,1,0,1
146252,0,1,1,0,1
144379,0,1,1,0,1
145625,0,1,1,0,1
143088,0,1,1,0,1
146383,0,1,1,0,1
144842,0,1,1,0,1
146466,0,1,1,0,1
143277,0,1,1,0,1
145362,0,1,1,0,1
144347,0,1,1,0,1
145427,0,1,1,0,1
143140,0,1,1,0,1
146225,0,1,1,0,1
146464,0,1,1,0,1
144694,0,1,1,0,1
146559,0,1,1,0,1
146176,0,1,1,0,1
146216,0,1,1,0,1
144616,0,1,1,0,1
145155,0,1,1,0,1
145702,0,1,1,0,1
144958,0,1,1,0,1
143841,0,1,1,0,1
146275,0,1,1,0,1
146387,0,1,1,0,1
143942,0,1,1,0,1
144807,0,1,1,0,1
146653,0,1,1,0,1
145205,0,1,1,0,1
145757,0,1,1,0,1
143225,0,1,1,0,1
143501,0,1,1,0,1
143968,0,1,1,0,1
145841,0,1,1,0,1
145910,0,1,1,0,1
143827,0,1,1,0,1
146349,0,1,1,0,1
143122,0,1,1,0,1
142960,0,1,1,0,1
145877,0,1,1,0,1
144449,0,1,1,0,1
142690,0,1,1,0,1
143413,0,1,1,0,1
146599,0,1,1,0,1
144599,0,1,1,0,1
142894,0,1,1,0,1
146079,0,1,1,0,1
143637,0,1,1,0,1
143724,0,1,1,0,1
140857,0,1,0,0,1
143982,0,1,1,0,1
142950,0,1,1,0,1
143604,0,1,1,0,1
146468,0,1,1,0,1
143610,0,1,1,0,1
144063,0,1,1,0,1
143645,0,1,1,0,1
146630,0,1,1,0,1
146596,0,1,1,0,1
143184,0,1,1,0,1
145510,0,1,1,0,1
144674,0,1,1,0,1
142775,0,1,1,0,1
144000,0,1,1,0,1
146171,0,1,1,0,1
142888,0,1,1,0,1
143466,0,1,1,0,1
141172,0,1,1,0,1
143360,0,1,1,0,1
146244,0,1,1,0,1
145488,0,1,1,0,1
143505,0,1,1,0,1
145066,0,1,1,0,1
144601,0,1,1,0,1
143734,0,1,1,0,1
143306,0,1,1,0,1
145884,0,1,1,0,1
146414,0,1,1,0,1
144146,0,1,1,0,1
143011,0,1,1,0,1
144361,0,1,1,0,1
142891,0,1,1,0,1
146153,0,1,1,0,1
146228,0,1,1,0,1
144986,0,1,1,0,1
143340,0,1,1,0,1
142701,0,1,1,0,1
145907,0,1,1,0,1
142712,0,1,1,0,1
144375,0,1,1,0,1
144843,0,1,1,0,1
143544,0,1,1,0,1
143176,0,1,1,0,1
151423,0,1,0,0,1
143044,0,1,1,0,1
143707,0,1,1,0,1
145655,0,1,1,0,1
143042,0,1,1,0,1
143101,0,1,1,0,1
143304,0,1,1,0,1
145076,0,1,1,0,1
143455,0,1,1,0,1
143529,0,1,1,0,1
146386,0,1,1,0,1
144312,0,1,1,0,1
146435,0,1,1,0,1
142940,0,1,1,0,1
144369,0,1,1,0,1
144992,0,1,1,0,1
145094,0,1,1,0,1
146713,0,1,1,0,1
198266,0,1,1,0,1
145035,0,1,1,0,1
142978,0,1,1,0,1
143189,0,1,1,0,1
143685,0,1,1,0,1
142089,0,1,1,0,1
144185,0,1,1,0,1
143341,0,1,1,0,1
143951,0,1,1,0,1
144061,0,1,1,0,1
144589,0,1,1,0,1
143431,0,1,1,0,1
146093,0,1,1,0,1
145123,0,1,1,0,1
146427,0,1,1,0,1
142862,0,1,1,0,1
143884,0,1,1,0,1
142698,0,1,1,0,1
144812,0,1,1,0,1
144029,0,1,1,0,1
144133,0,1,1,0,1
145020,0,1,1,0,1
145158,0,1,1,0,1
146247,0,1,1,0,1
144127,0,1,1,0,1
143212,0,1,1,0,1
142851,0,1,1,0,1
145146,0,1,1,0,1
144402,0,1,1,0,1
145294,0,1,1,0,1
146719,0,1,1,0,1
144107,0,1,1,0,1
146620,0,1,1,0,1
142083,0,1,1,0,1
142732,0,1,1,0,1
145097,0,1,1,0,1
145346,0,1,1,0,1
144989,0,1,1,0,1
142932,0,1,1,0,1
144419,0,1,1,0,1
144741,0,1,1,0,1
144916,0,1,1,0,1
145668,0,1,1,0,1
144559,0,1,1,0,1
145900,0,1,1,0,1
143246,0,1,1,0,1
142842,0,1,1,0,1
211158,0,1,1,0,1
144168,0,1,1,0,1
143458,0,1,1,0,1
144060,0,1,1,0,1
146370,0,1,1,0,1
142908,0,1,1,0,1
146004,0,1,1,0,1
143390,0,1,1,0,1
146013,0,1,1,0,1
146445,0,1,1,0,1
143298,0,1,1,0,1
142831,0,1,1,0,1
145523,0,1,1,0,1
145253,0,1,1,0,1
146173,0,1,1,0,1
144645,0,1,1,0,1
143074,0,1,1,0,1
146628,0,1,1,0,1
142844,0,1,1,0,1
146227,0,1,1,0,1
143382,0,1,1,0,1
144643,0,1,1,0,1
143892,0,1,1,0,1
143698,0,1,1,0,1
142856,0,1,1,0,1
144224,0,1,1,0,1
144409,0,1,1,0,1
146262,0,1,1,0,1
144004,0,1,1,0,1
151456,0,1,0,0,1
144128,0,1,1,0,1
145528,0,1,1,0,1
143845,0,1,1,0,1
146215,0,1,1,0,1
144720,0,1,1,0,1
145434,0,1,1,0,1
145709,0,1,1,0,1
143840,0,1,1,0,1
146217,0,1,1,0,1
143695,0,1,1,0,1
142840,0,1,1,0,1
135646,0,1,1,0,1
143419,0,1,1,0,1
144800,0,1,1,0,1
143632,0,1,1,0,1
143684,0,1,1,0,1
137771,1,0,0,0,1
146103,0,1,1,0,1
144161,0,1,1,0,1
143843,0,1,1,0,1
143521,0,1,1,0,1
143065,0,1,1,0,1
145381,0,1,1,0,1
145554,0,1,1,0,1
143996,0,1,1,0,1
210426,0,1,1,0,1
144229,0,1,1,0,1
142067,0,1,1,0,1
143375,0,1,1,0,1
145359,0,1,1,0,1
144025,0,1,1,0,1
144651,0,1,1,0,1
145589,0,1,1,0,1
143936,0,1,1,0,1
144212,0,1,1,0,1
144729,0,1,1,0,1
143071,0,1,1,0,1
143499,0,1,1,0,1
144595,0,1,1,0,1
144339,0,1,1,0,1
145727,0,1,1,0,1
144731,0,1,1,0,1
146000,0,1,1,0,1
145514,0,1,1,0,1
143100,0,1,1,0,1
146020,0,1,1,0,1
146389,0,1,1,0,1
143829,0,1,1,0,1
143629,0,1,1,0,1
144950,0,1,1,0,1
145613,0,1,1,0,1
143154,0,1,1,0,1
145419,0,1,1,0,1
146129,0,1,1,0,1
144717,0,1,1,0,1
145547,0,1,1,0,1
146029,0,1,1,0,1
146338,0,1,1,0,1
144183,0,1,1,0,1
143302,0,1,1,0,1
146637,0,1,1,0,1
145967,0,1,1,0,1
146331,0,1,1,0,1
146139,0,1,1,0,1
143964,0,1,1,0,1
144191,0,1,1,0,1
144316,0,1,1,0,1
144735,0,1,1,0,1
143048,0,1,1,0,1
146450,0,1,1,0,1
145233,0,1,1,0,1
145334,0,1,1,0,1
145609,0,1,1,0,1
145414,0,1,1,0,1
145424,0,1,1,0,1
146207,0,1,1,0,1
145004,0,1,1,0,1
145961,0,1,1,0,1
142814,0,1,1,0,1
145406,0,1,1,0,1
143301,0,1,1,0,1
144106,0,1,1,0,1
143441,0,1,1,0,1
146273,0,1,1,0,1
145439,0,1,1,0,1
143031,0,1,1,0,1
143330,0,1,1,0,1
143198,0,1,1,0,1
144145,0,1,1,0,1
142699,0,1,1,0,1
142995,0,1,1,0,1
145802,0,1,1,0,1
144570,0,1,1,0,1
142981,0,1,1,0,1
143259,0,1,1,0,1
144869,0,1,1,0,1
143004,0,1,1,0,1
145744,0,1,1,0,1
145980,0,1,1,0,1
144187,0,1,1,0,1
143619,0,1,1,0,1
142992,0,1,1,0,1
144575,0,1,1,0,1
142859,0,1,1,0,1
145955,0,1,1,0,1
143849,0,1,1,0,1
144593,0,1,1,0,1
142880,0,1,1,0,1
144768,0,1,1,0,1
145640,0,1,1,0,1
145646,0,1,1,0,1
145873,0,1,1,0,1
143479,0,1,1,0,1
143463,0,1,1,0,1
143097,0,1,1,0,1
145781,0,1,1,0,1
145874,0,1,1,0,1
151459,0,1,0,0,1
146374,0,1,1,0,1
145301,0,1,1,0,1
143385,0,1,1,0,1
146258,0,1,1,0,1
144762,0,1,1,0,1
146200,0,1,1,0,1
143095,0,1,1,0,1
143214,0,1,1,0,1
145207,0,1,1,0,1
145354,0,1,1,0,1
143640,0,1,1,0,1
143662,0,1,1,0,1
146551,0,1,1,0,1
143512,0,1,1,0,1
143443,0,1,1,0,1
145818,0,1,1,0,1
143216,0,1,1,0,1
144610,0,1,1,0,1
143932,0,1,1,0,1
142719,0,1,1,0,1
145563,0,1,1,0,1
142761,0,1,1,0,1
144376,0,1,1,0,1
145584,0,1,1,0,1
143542,0,1,1,0,1
144018,0,1,1,0,1
144254,0,1,1,0,1
146621,0,1,1,0,1
145083,0,1,1,0,1
143649,0,1,1,0,1
146354,0,1,1,0,1
145929,0,1,1,0,1
146233,0,1,1,0,1
143282,0,1,1,0,1
145255,0,1,1,0,1
144221,0,1,1,0,1
143706,0,1,1,0,1
145034,0,1,1,0,1
142816,0,1,1,0,1
145577,0,1,1,0,1
144207,0,1,1,0,1
145745,0,1,1,0,1
140859,0,1,0,0,1
144565,0,1,1,0,1
144924,0,1,1,0,1
145861,0,1,1,0,1
144167,0,1,1,0,1
144214,0,1,1,0,1
151434,0,1,0,0,1
144193,0,1,1,0,1
143113,0,1,1,0,1
63580,1,0,0,0,1
144383,0,1,1,0,1
143743,0,1,1,0,1
145549,0,1,1,0,1
143462,0,1,1,0,1
143807,0,1,1,0,1
144437,0,1,1,0,1
146568,0,1,1,0,1
143794,0,1,1,0,1
144393,0,1,1,0,1
146643,0,1,1,0,1
143186,0,1,1,0,1
144223,0,1,1,0,1
145695,0,1,1,0,1
144400,0,1,1,0,1
144368,0,1,1,0,1
146127,0,1,1,0,1
145713,0,1,1,0,1
143784,0,1,1,0,1
144438,0,1,1,0,1
143994,0,1,1,0,1
143593,0,1,1,0,1
142918,0,1,1,0,1
146305,0,1,1,0,1
146594,0,1,1,0,1
146487,0,1,1,0,1
145796,0,1,1,0,1
153332,0,1,1,0,1
142804,0,1,1,0,1
144035,0,1,1,0,1
144451,0,1,1,0,1
144157,0,1,1,0,1
144794,0,1,1,0,1
146584,0,1,1,0,1
144728,0,1,1,0,1
144291,0,1,1,0,1
144903,0,1,1,0,1
144670,0,1,1,0,1
144631,0,1,1,0,1
146188,0,1,1,0,1
143252,0,1,1,0,1
143005,0,1,1,0,1
146524,0,1,1,0,1
144056,0,1,1,0,1
146609,0,1,1,0,1
143484,0,1,1,0,1
146177,0,1,1,0,1
145173,0,1,1,0,1
143694,0,1,1,0,1
143108,0,1,1,0,1
143279,0,1,1,0,1
146045,0,1,1,0,1
144054,0,1,1,0,1
144900,0,1,1,0,1
145426,0,1,1,0,1
146525,0,1,1,0,1
146218,0,1,1,0,1
151460,0,1,0,0,1
144501,0,1,1,0,1
145536,0,1,1,0,1
143119,0,1,1,0,1
144038,0,1,1,0,1
143622,0,1,1,0,1
142682,0,1,1,0,1
144373,0,1,1,0,1
143039,0,1,1,0,1
145560,0,1,1,0,1
143168,0,1,1,0,1
143267,0,1,1,0,1
144634,0,1,1,0,1
143653,0,1,1,0,1
143565,0,1,1,0,1
146190,0,1,1,0,1
143308,0,1,1,0,1
144898,0,1,1,0,1
145934,0,1,1,0,1
143679,0,1,1,0,1
142747,0,1,1,0,1
145243,0,1,1,0,1
145657,0,1,1,0,1
145597,0,1,1,0,1
143084,0,1,1,0,1
143092,0,1,1,0,1
144150,0,1,1,0,1
142870,0,1,1,0,1
146125,0,1,1,0,1
143143,0,1,1,0,1
144282,0,1,1,0,1
146410,0,1,1,0,1
144253,0,1,1,0,1
145664,0,1,1,0,1
145654,0,1,1,0,1
142773,0,1,1,0,1
144233,0,1,1,0,1
146516,0,1,1,0,1
146738,0,1,1,0,1
143540,0,1,1,0,1
146612,0,1,1,0,1
144831,0,1,1,0,1
145608,0,1,1,0,1
143361,0,1,1,0,1
145320,0,1,1,0,1
143299,0,1,1,0,1
145793,0,1,1,0,1
58828,0,1,0,0,1
145069,0,1,1,0,1
144222,0,1,1,0,1
146160,0,1,1,0,1
144714,0,1,1,0,1
142686,0,1,1,0,1
143223,0,1,1,0,1
145328,0,1,1,0,1
146083,0,1,1,0,1
144103,0,1,1,0,1
146548,0,1,1,0,1
144519,0,1,1,0,1
145189,0,1,1,0,1
144944,0,1,1,0,1
144885,0,1,1,0,1
143922,0,1,1,0,1
143393,0,1,1,0,1
146261,0,1,1,0,1
145345,0,1,1,0,1
144007,0,1,1,0,1
145356,0,1,1,0,1
145306,0,1,1,0,1
144465,0,1,1,0,1
144318,0,1,1,0,1
145960,0,1,1,0,1
145918,0,1,1,0,1
146341,0,1,1,0,1
146008,0,1,1,0,1
144837,0,1,1,0,1
143459,0,1,1,0,1
142691,0,1,1,0,1
142921,0,1,1,0,1
143068,0,1,1,0,1
145555,0,1,1,0,1
144584,0,1,1,0,1
144017,0,1,1,0,1
144957,0,1,1,0,1
146149,0,1,1,0,1
146202,0,1,1,0,1
146523,0,1,1,0,1
142799,0,1,1,0,1
142916,0,1,1,0,1
143206,0,1,1,0,1
143946,0,1,1,0,1
145101,0,1,1,0,1
134477,0,1,1,0,1
145473,0,1,1,0,1
143131,0,1,1,0,1
146611,0,1,1,0,1
144457,0,1,1,0,1
145894,0,1,1,0,1
145250,0,1,1,0,1
144397,0,1,1,0,1
143607,0,1,1,0,1
142651,0,1,1,0,1
143786,0,1,1,0,1
144785,0,1,1,0,1
145882,0,1,1,0,1
143520,0,1,1,0,1
143766,0,1,1,0,1
142902,0,1,1,0,1
146080,0,1,1,0,1
143623,0,1,1,0,1
143961,0,1,1,0,1
145790,0,1,1,0,1
146639,0,1,1,0,1
143063,0,1,1,0,1
143461,0,1,1,0,1
143586,0,1,1,0,1
145855,0,1,1,0,1
142797,0,1,1,0,1
143712,0,1,1,0,1
144936,0,1,1,0,1
145132,0,1,1,0,1
144370,0,1,1,0,1
146169,0,1,1,0,1
146322,0,1,1,0,1
144977,0,1,1,0,1
142920,0,1,1,0,1
143256,0,1,1,0,1
142805,0,1,1,0,1
143284,0,1,1,0,1
145303,0,1,1,0,1
143046,0,1,1,0,1
143437,0,1,1,0,1
144816,0,1,1,0,1
143526,0,1,1,0,1
144914,0,1,1,0,1
143398,0,1,1,0,1
144769,0,1,1,0,1
142784,0,1,1,0,1
146178,0,1,1,0,1
146629,0,1,1,0,1
143238,0,1,1,0,1
55786,1,0,0,0,1
146461,0,1,1,0,1
144833,0,1,1,0,1
142971,0,1,1,0,1
144497,0,1,1,0,1
131482,1,0,1,0,1
151447,0,1,0,0,1
142835,0,1,1,0,1
151449,0,1,0,0,1
145282,0,1,1,0,1
145043,0,1,1,0,1
146321,0,1,1,0,1
143652,0,1,1,0,1
151435,0,1,0,0,1
146459,0,1,1,0,1
145319,0,1,1,0,1
143510,0,1,1,0,1
142977,0,1,1,0,1
145088,0,1,1,0,1
145296,0,1,1,0,1
145065,0,1,1,0,1
143380,0,1,1,0,1
145261,0,1,1,0,1
144226,0,1,1,0,1
144079,0,1,1,0,1
143418,0,1,1,0,1
142832,0,1,1,0,1
142924,0,1,1,0,1
143873,0,1,1,0,1
138211,0,1,1,0,1
145692,0,1,1,0,1
142721,0,1,1,0,1
145853,0,1,1,0,1
144854,0,1,1,0,1
143363,0,1,1,0,1
206729,0,1,1,0,1
143448,0,1,1,0,1
145124,0,1,1,0,1
142962,0,1,1,0,1
144165,0,1,1,0,1
143683,0,1,1,0,1
146822,1,0,0,0,1
144726,0,1,1,0,1
144200,0,1,1,0,1
143776,0,1,1,0,1
146185,0,1,1,0,1
145896,0,1,1,0,1
143251,0,1,1,0,1
143957,0,1,1,0,1
144665,0,1,1,0,1
143364,0,1,1,0,1
142680,0,1,1,0,1
145056,0,1,1,0,1
143976,0,1,1,0,1
142752,0,1,1,0,1
145396,0,1,1,0,1
145103,0,1,1,0,1
143651,0,1,1,0,1
144292,0,1,1,0,1
144202,0,1,1,0,1
146348,0,1,1,0,1
145458,0,1,1,0,1
146191,0,1,1,0,1
144108,0,1,1,0,1
143255,0,1,1,0,1
144177,0,1,1,0,1
209586,0,1,1,0,1
144683,0,1,1,0,1
145810,0,1,1,0,1
145338,0,1,1,0,1
59034,1,0,0,0,1
144639,0,1,1,0,1
144327,0,1,1,0,1
145073,0,1,1,0,1
145456,0,1,1,0,1
144494,0,1,1,0,1
143121,0,1,1,0,1
145524,0,1,1,0,1
144110,0,1,1,0,1
143347,0,1,1,0,1
145808,0,1,1,0,1
142998,0,1,1,0,1
143494,0,1,1,0,1
63722,1,0,0,0,1
146591,0,1,1,0,1
146670,0,1,1,0,1
143717,0,1,1,0,1
144471,0,1,1,0,1
144849,0,1,1,0,1
143451,0,1,1,0,1
144605,0,1,1,0,1
211968,0,1,1,0,1
145220,0,1,1,0,1
143989,0,1,1,0,1
145437,0,1,1,0,1
145275,0,1,1,0,1
143058,0,1,1,0,1
144269,0,1,1,0,1
144999,0,1,1,0,1
144979,0,1,1,0,1
143483,0,1,1,0,1
143268,0,1,1,0,1
142873,0,1,1,0,1
144981,0,1,1,0,1
145969,0,1,1,0,1
143025,0,1,1,0,1
143242,0,1,1,0,1
143120,0,1,1,0,1
146534,0,1,1,0,1
145089,0,1,1,0,1
144080,0,1,1,0,1
143846,0,1,1,0,1
145539,0,1,1,0,1
145564,0,1,1,0,1
146304,0,1,1,0,1
131578,1,0,0,0,1
145326,0,1,1,0,1
145803,0,1,1,0,1
143107,0,1,1,0,1
145599,0,1,1,0,1
144568,0,1,1,0,1
144143,0,1,1,0,1
142586,0,1,1,0,1
146154,0,1,1,0,1
144404,0,1,1,0,1
145279,0,1,1,0,1
145349,0,1,1,0,1
145118,0,1,1,0,1
146255,0,1,1,0,1
145807,0,1,1,0,1
143175,0,1,1,0,1
146720,0,1,1,0,1
143028,0,1,1,0,1
145070,0,1,1,0,1
144952,0,1,1,0,1
142917,0,1,1,0,1
142926,0,1,1,0,1
143303,0,1,1,0,1
145106,0,1,1,0,1
143819,0,1,1,0,1
146592,0,1,1,0,1
145227,0,1,1,0,1
145315,0,1,1,0,1
144242,0,1,1,0,1
143007,0,1,1,0,1
143422,0,1,1,0,1
145878,0,1,1,0,1
144331,0,1,1,0,1
144255,0,1,1,0,1
145215,0,1,1,0,1
146428,0,1,1,0,1
145742,0,1,1,0,1
144392,0,1,1,0,1
146488,0,1,1,0,1
144687,0,1,1,0,1
142739,0,1,1,0,1
144696,0,1,1,0,1
144891,0,1,1,0,1
145835,0,1,1,0,1
144499,0,1,1,0,1
144890,0,1,1,0,1
143467,0,1,1,0,1
146473,0,1,1,0,1
144994,0,1,1,0,1
145412,0,1,1,0,1
144034,0,1,1,0,1
145901,0,1,1,0,1
144792,0,1,1,0,1
142957,0,1,1,0,1
144991,0,1,1,0,1
151430,0,1,0,0,1
144462,0,1,1,0,1
145311,0,1,1,0,1
145845,0,1,1,0,1
144829,0,1,1,0,1
146372,0,1,1,0,1
142676,0,1,1,0,1
142877,0,1,1,0,1
145516,0,1,1,0,1
145538,0,1,1,0,1
144594,0,1,1,0,1
142099,0,1,1,0,1
145415,0,1,1,0,1
144961,0,1,1,0,1
146623,0,1,1,0,1
146219,0,1,1,0,1
143606,0,1,1,0,1
146327,0,1,1,0,1
142751,0,1,1,0,1
146436,0,1,1,0,1
144583,0,1,1,0,1
145293,0,1,1,0,1
142984,0,1,1,0,1
145267,0,1,1,0,1
145238,0,1,1,0,1
145229,0,1,1,0,1
146397,0,1,1,0,1
144685,0,1,1,0,1
143066,0,1,1,0,1
144296,0,1,1,0,1
145662,0,1,1,0,1
144326,0,1,1,0,1
145074,0,1,1,0,1
146336,0,1,1,0,1
144132,0,1,1,0,1
143688,0,1,1,0,1
144987,0,1,1,0,1
143180,0,1,1,0,1
142815,0,1,1,0,1
145230,0,1,1,0,1
143708,0,1,1,0,1
145397,0,1,1,0,1
143377,0,1,1,0,1
144241,0,1,1,0,1
145007,0,1,1,0,1
142830,0,1,1,0,1
143958,0,1,1,0,1
145304,0,1,1,0,1
143239,0,1,1,0,1
145517,0,1,1,0,1
145490,0,1,1,0,1
144884,0,1,1,0,1
142749,0,1,1,0,1
151438,0,1,0,0,1
143086,0,1,1,0,1
145600,0,1,1,0,1
144345,0,1,1,0,1
144788,0,1,1,0,1
144175,0,1,1,0,1
144272,0,1,1,0,1
143500,0,1,1,0,1
144818,0,1,1,0,1
142674,0,1,1,0,1
142915,0,1,1,0,1
144984,0,1,1,0,1
146161,0,1,1,0,1
55971,1,0,0,0,1
143617,0,1,1,0,1
142811,0,1,1,0,1
144848,0,1,1,0,1
144612,0,1,1,0,1
142706,0,1,1,0,1
146035,0,1,1,0,1
144093,0,1,1,0,1
146661,0,1,1,0,1
144531,0,1,1,0,1
143595,0,1,1,0,1
145519,0,1,1,0,1
143628,0,1,1,0,1
146813,1,0,1,0,1
143960,0,1,1,0,1
143618,0,1,1,0,1
142821,0,1,1,0,1
146339,0,1,1,0,1
145616,0,1,1,0,1
144550,0,1,1,0,1
146537,0,1,1,0,1
146604,0,1,1,0,1
146065,0,1,1,0,1
142899,0,1,1,0,1
145637,0,1,1,0,1
145704,0,1,1,0,1
146095,0,1,1,0,1
142714,0,1,1,0,1
146082,0,1,1,0,1
146040,0,1,1,0,1
145834,0,1,1,0,1
146442,0,1,1,0,1
210176,0,1,1,0,1
145801,0,1,1,0,1
145785,0,1,1,0,1
145977,0,1,1,0,1
143057,0,1,1,0,1
145281,0,1,1,0,1
144872,0,1,1,0,1
146513,0,1,1,0,1
144790,0,1,1,0,1
144105,0,1,1,0,1
146517,0,1,1,0,1
145849,0,1,1,0,1
144917,0,1,1,0,1
145286,0,1,1,0,1
143881,0,1,1,0,1
143192,0,1,1,0,1
146398,0,1,1,0,1
146148,0,1,1,0,1
144680,0,1,1,0,1
145962,0,1,1,0,1
145752,0,1,1,0,1
145722,0,1,1,0,1
144596,0,1,1,0,1
151814,0,1,1,0,1
143061,0,1,1,0,1
146332,0,1,1,0,1
144074,0,1,1,0,1
143496,0,1,1,0,1
144426,0,1,1,0,1
145623,0,1,1,0,1
142858,0,1,1,0,1
144853,0,1,1,0,1
143721,0,1,1,0,1
144104,0,1,1,0,1
145365,0,1,1,0,1
146741,0,1,1,0,1
151444,0,1,0,0,1
144509,0,1,1,0,1
144817,0,1,1,0,1
146622,0,1,1,0,1
146739,0,1,1,0,1
143224,0,1,1,0,1
143750,0,1,1,0,1
142710,0,1,1,0,1
144030,0,1,1,0,1
143764,0,1,1,0,1
145479,0,1,1,0,1
145128,0,1,1,0,1
143671,0,1,1,0,1
144441,0,1,1,0,1
145463,0,1,1,0,1
142718,0,1,1,0,1
146167,0,1,1,0,1
145726,0,1,1,0,1
145644,0,1,1,0,1
146260,0,1,1,0,1
146069,0,1,1,0,1
144293,0,1,1,0,1
145973,0,1,1,0,1
145840,0,1,1,0,1
151431,0,1,0,0,1
145367,0,1,1,0,1
145257,0,1,1,0,1
146440,0,1,1,0,1
145912,0,1,1,0,1
142935,0,1,1,0,1
144744,0,1,1,0,1
145812,0,1,1,0,1
144644,0,1,1,0,1
146500,0,1,1,0,1
151452,0,1,0,0,1
145460,0,1,1,0,1
145880,0,1,1,0,1
146077,0,1,1,0,1
146315,0,1,1,0,1
144942,0,1,1,0,1
143486,0,1,1,0,1
143376,0,1,1,0,1
145486,0,1,1,0,1
144756,0,1,1,0,1
143349,0,1,1,0,1
144468,0,1,1,0,1
146231,0,1,1,0,1
144753,0,1,1,0,1
146100,0,1,1,0,1
143087,0,1,1,0,1
145219,0,1,1,0,1
146193,0,1,1,0,1
142105,0,1,1,0,1
144016,0,1,1,0,1
143090,0,1,1,0,1
151429,0,1,0,0,1
142668,0,1,1,0,1
144092,0,1,1,0,1
145021,0,1,1,0,1
143981,0,1,1,0,1
143858,0,1,1,0,1
144198,0,1,1,0,1
142796,0,1,1,0,1
143557,0,1,1,0,1
144265,0,1,1,0,1
144302,0,1,1,0,1
144498,0,1,1,0,1
145821,0,1,1,0,1
143139,0,1,1,0,1
142966,0,1,1,0,1
142893,0,1,1,0,1
144716,0,1,1,0,1
143159,0,1,1,0,1
144838,0,1,1,0,1
144581,0,1,1,0,1
144137,0,1,1,0,1
145786,0,1,1,0,1
146350,0,1,1,0,1
143373,0,1,1,0,1
143601,0,1,1,0,1
142969,0,1,1,0,1
146437,0,1,1,0,1
143507,0,1,1,0,1
144483,0,1,1,0,1
144338,0,1,1,0,1
146278,0,1,1,0,1
143831,0,1,1,0,1
143810,0,1,1,0,1
144832,0,1,1,0,1
143611,0,1,1,0,1
145572,0,1,1,0,1
142757,0,1,1,0,1
143770,0,1,1,0,1
146373,0,1,1,0,1
142738,0,1,1,0,1
144159,0,1,1,0,1
145316,0,1,1,0,1
146061,0,1,1,0,1
146333,0,1,1,0,1
145104,0,1,1,0,1
143449,0,1,1,0,1
143233,0,1,1,0,1
145701,0,1,1,0,1
143280,0,1,1,0,1
145820,0,1,1,0,1
144455,0,1,1,0,1
145764,0,1,1,0,1
146157,0,1,1,0,1
144136,0,1,1,0,1
144130,0,1,1,0,1
143480,0,1,1,0,1
146087,0,1,1,0,1
152598,0,1,1,0,1
145399,0,1,1,0,1
63571,1,0,0,0,1
144059,0,1,1,0,1
145353,0,1,1,0,1
144205,0,1,1,0,1
146627,0,1,1,0,1
145087,0,1,1,0,1
144430,0,1,1,0,1
143998,0,1,1,0,1
144281,0,1,1,0,1
146232,0,1,1,0,1
145175,0,1,1,0,1
144646,0,1,1,0,1
144181,0,1,1,0,1
144897,0,1,1,0,1
144638,0,1,1,0,1
144401,0,1,1,0,1
144028,0,1,1,0,1
146199,0,1,1,0,1
143160,0,1,1,0,1
145688,0,1,1,0,1
143384,0,1,1,0,1
144372,0,1,1,0,1
143366,0,1,1,0,1
145006,0,1,1,0,1
145889,0,1,1,0,1
143771,0,1,1,0,1
136535,0,1,1,0,1
143262,0,1,1,0,1
146511,0,1,1,0,1
145340,0,1,1,0,1
145936,0,1,1,0,1
145245,0,1,1,0,1
144908,0,1,1,0,1
143801,0,1,1,0,1
142999,0,1,1,0,1
146573,0,1,1,0,1
144689,0,1,1,0,1
142947,0,1,1,0,1
142855,0,1,1,0,1
209481,0,1,1,0,1
144219,0,1,1,0,1
142084,0,1,1,0,1
146538,0,1,1,0,1
145749,0,1,1,0,1
142990,0,1,1,0,1
143243,0,1,1,0,1
144855,0,1,1,0,1
145375,0,1,1,0,1
143714,0,1,1,0,1
145449,0,1,1,0,1
144555,0,1,1,0,1
145172,0,1,1,0,1
144201,0,1,1,0,1
145509,0,1,1,0,1
145368,0,1,1,0,1
145814,0,1,1,0,1
144810,0,1,1,0,1
143001,0,1,1,0,1
143164,0,1,1,0,1
143040,0,1,1,0,1
146381,0,1,1,0,1
145350,0,1,1,0,1
143493,0,1,1,0,1
140863,0,1,0,0,1
143571,0,1,1,0,1
143313,0,1,1,0,1
145982,0,1,1,0,1
143475,0,1,1,0,1
143803,0,1,1,0,1
139161,0,1,0,0,1
146792,1,0,0,0,1
144087,0,1,1,0,1
145039,0,1,1,0,1
145683,0,1,1,0,1
142956,0,1,1,0,1
145014,0,1,1,0,1
146493,0,1,1,0,1
144097,0,1,1,0,1
145992,0,1,1,0,1
143111,0,1,1,0,1
145384,0,1,1,0,1
143582,0,1,1,0,1
142657,0,1,1,0,1
135674,0,1,0,0,1
142803,0,1,1,0,1
143287,0,1,1,0,1
145938,0,1,1,0,1
145445,0,1,1,0,1
142074,0,1,1,0,1
144535,0,1,1,0,1
147008,1,0,1,1,1
145095,0,1,1,0,1
143692,0,1,1,0,1
145824,0,1,1,0,1
142896,0,1,1,0,1
145751,0,1,1,0,1
144140,0,1,1,0,1
145534,0,1,1,0,1
143470,0,1,1,0,1
138441,0,1,0,0,1
145052,0,1,1,0,1
142756,0,1,1,0,1
143504,0,1,1,0,1
144218,0,1,1,0,1
144722,0,1,1,0,1
143970,0,1,1,0,1
145308,0,1,1,0,1
143876,0,1,1,0,1
146479,0,1,1,0,1
145212,0,1,1,0,1
143446,0,1,1,0,1
146165,0,1,1,0,1
146529,0,1,1,0,1
144825,0,1,1,0,1
146131,0,1,1,0,1
144298,0,1,1,0,1
142839,0,1,1,0,1
146163,0,1,1,0,1
144844,0,1,1,0,1
143148,0,1,1,0,1
145072,0,1,1,0,1
145988,0,1,1,0,1
144619,0,1,1,0,1
143335,0,1,1,0,1
145541,0,1,1,0,1
145813,0,1,1,0,1
145059,0,1,1,0,1
144285,0,1,1,0,1
145040,0,1,1,0,1
146602,0,1,1,0,1
145710,0,1,1,0,1
144934,0,1,1,0,1
131558,1,0,0,0,1
146111,0,1,1,0,1
144010,0,1,1,0,1
145748,0,1,1,0,1
144819,0,1,1,0,1
145858,0,1,1,0,1
143411,0,1,1,0,1
143045,0,1,1,0,1
140855,0,1,0,0,1
145408,0,1,1,0,1
146179,0,1,1,0,1
143615,0,1,1,0,1
143948,0,1,1,0,1
143543,0,1,1,0,1
143258,0,1,1,0,1
142819,0,1,1,0,1
145633,0,1,1,0,1
145598,0,1,1,0,1
143406,0,1,1,0,1
144864,0,1,1,0,1
144815,0,1,1,0,1
144135,0,1,1,0,1
146024,0,1,1,0,1
146724,0,1,1,0,1
146425,0,1,1,0,1
143711,0,1,1,0,1
145309,0,1,1,0,1
142812,0,1,1,0,1
143742,0,1,1,0,1
142879,0,1,1,0,1
145711,0,1,1,0,1
146619,0,1,1,0,1
146156,0,1,1,0,1
145797,0,1,1,0,1
145297,0,1,1,0,1
145283,0,1,1,0,1
146562,0,1,1,0,1
143668,0,1,1,0,1
144742,0,1,1,0,1
145783,0,1,1,0,1
146655,0,1,1,0,1
144357,0,1,1,0,1
144440,0,1,1,0,1
145698,0,1,1,0,1
144549,0,1,1,0,1
146652,0,1,1,0,1
145966,0,1,1,0,1
142783,0,1,1,0,1
143415,0,1,1,0,1
145435,0,1,1,0,1
146319,0,1,1,0,1
144797,0,1,1,0,1
144324,0,1,1,0,1
144964,0,1,1,0,1
143654,0,1,1,0,1
146483,0,1,1,0,1
144246,0,1,1,0,1
145527,0,1,1,0,1
143424,0,1,1,0,1
146084,0,1,1,0,1
144444,0,1,1,0,1
143033,0,1,1,0,1
144666,0,1,1,0,1
143471,0,1,1,0,1
146502,0,1,1,0,1
144328,0,1,1,0,1
143546,0,1,1,0,1
145455,0,1,1,0,1
144358,0,1,1,0,1
143240,0,1,1,0,1
142731,0,1,1,0,1
144260,0,1,1,0,1
144447,0,1,1,0,1
145707,0,1,1,0,1
146404,0,1,1,0,1
143465,0,1,1,0,1
144976,0,1,1,0,1
144355,0,1,1,0,1
145500,0,1,1,0,1
142938,0,1,1,0,1
153330,0,1,1,0,1
143167,0,1,1,0,1
145971,0,1,1,0,1
142671,0,1,1,0,1
145489,0,1,1,0,1
146109,0,1,1,0,1
145537,0,1,1,0,1
207317,0,1,1,0,1
142713,0,1,1,0,1
146053,0,1,1,0,1
145883,0,1,1,0,1
142207,1,0,0,0,1
143032,0,1,1,0,1
145226,0,1,1,0,1
145750,0,1,1,0,1
143333,0,1,1,0,1
143447,0,1,1,0,1
145592,0,1,1,0,1
143126,0,1,1,0,1
144861,0,1,1,0,1
143403,0,1,1,0,1
145018,0,1,1,0,1
144939,0,1,1,0,1
142903,0,1,1,0,1
145933,0,1,1,0,1
146059,0,1,1,0,1
143634,0,1,1,0,1
144591,0,1,1,0,1
142826,0,1,1,0,1
145860,0,1,1,0,1
142733,0,1,1,0,1
144003,0,1,1,0,1
146518,0,1,1,0,1
144342,0,1,1,0,1
146424,0,1,1,0,1
143950,0,1,1,0,1
143854,0,1,1,0,1
142941,0,1,1,0,1
143868,0,1,1,0,1
143731,0,1,1,0,1
143230,0,1,1,0,1
145197,0,1,1,0,1
144064,0,1,1,0,1
144888,0,1,1,0,1
145553,0,1,1,0,1
145648,0,1,1,0,1
145388,0,1,1,0,1
143785,0,1,1,0,1
143812,0,1,1,0,1
144803,0,1,1,0,1
145501,0,1,1,0,1
146554,0,1,1,0,1
146737,0,1,1,0,1
143196,0,1,1,0,1
145911,0,1,1,0,1
142774,0,1,1,0,1
142846,0,1,1,0,1
142695,0,1,1,0,1
146454,0,1,1,0,1
144588,0,1,1,0,1
144635,0,1,1,0,1
145997,0,1,1,0,1
145925,0,1,1,0,1
144907,0,1,1,0,1
144493,0,1,1,0,1
144431,0,1,1,0,1
142778,0,1,1,0,1
143757,0,1,1,0,1
144486,0,1,1,0,1
146076,0,1,1,0,1
143334,0,1,1,0,1
146175,0,1,1,0,1
145259,0,1,1,0,1
144290,0,1,1,0,1
143856,0,1,1,0,1
143485,0,1,1,0,1
144633,0,1,1,0,1
144552,0,1,1,0,1
143412,0,1,1,0,1
145134,0,1,1,0,1
146570,0,1,1,0,1
144371,0,1,1,0,1
145800,0,1,1,0,1
142779,0,1,1,0,1
143310,0,1,1,0,1
145603,0,1,1,0,1
146453,0,1,1,0,1
143049,0,1,1,0,1
146236,0,1,1,0,1
132479,0,1,1,0,1
146311,0,1,1,0,1
146496,0,1,1,0,1
145377,0,1,1,0,1
144325,0,1,1,0,1
144199,0,1,1,0,1
144558,0,1,1,0,1
145344,0,1,1,0,1
146306,0,1,1,0,1
146314,0,1,1,0,1
137795,1,0,0,0,1
145177,0,1,1,0,1
143337,0,1,1,0,1
144366,0,1,1,0,1
142822,0,1,1,0,1
146379,0,1,1,0,1
143193,0,1,1,0,1
144745,0,1,1,0,1
146579,0,1,1,0,1
143614,0,1,1,0,1
144209,0,1,1,0,1
145487,0,1,1,0,1
145491,0,1,1,0,1
142728,0,1,1,0,1
145773,0,1,1,0,1
143793,0,1,1,0,1
145061,0,1,1,0,1
143796,0,1,1,0,1
144216,0,1,1,0,1
146553,0,1,1,0,1
143177,0,1,1,0,1
142845,0,1,1,0,1
144115,0,1,1,0,1
146406,0,1,1,0,1
143885,0,1,1,0,1
144702,0,1,1,0,1
145264,0,1,1,0,1
142852,0,1,1,0,1
142673,0,1,1,0,1
145779,0,1,1,0,1
145366,0,1,1,0,1
144906,0,1,1,0,1
144657,0,1,1,0,1
145364,0,1,1,0,1
146664,0,1,1,0,1
142669,0,1,1,0,1
140860,0,1,0,0,1
144868,0,1,1,0,1
143149,0,1,1,0,1
145239,0,1,1,0,1
142642,0,1,1,0,1
143118,0,1,1,0,1
144477,0,1,1,0,1
145091,0,1,1,0,1
145806,0,1,1,0,1
144405,0,1,1,0,1
143296,0,1,1,0,1
146654,0,1,1,0,1
145403,0,1,1,0,1
144695,0,1,1,0,1
145120,0,1,1,0,1
146329,0,1,1,0,1
59049,1,0,0,0,1
144417,0,1,1,0,1
144305,0,1,1,0,1
145015,0,1,1,0,1
144511,0,1,1,0,1
145548,0,1,1,0,1
143228,0,1,1,0,1
145082,0,1,1,0,1
143464,0,1,1,0,1
144303,0,1,1,0,1
144131,0,1,1,0,1
142997,0,1,1,0,1
140853,0,1,0,0,1
145470,0,1,1,0,1
144166,0,1,1,0,1
146141,0,1,1,0,1
143315,0,1,1,0,1
142743,0,1,1,0,1
143762,0,1,1,0,1
145450,0,1,1,0,1
146110,0,1,1,0,1
144813,0,1,1,0,1
144066,0,1,1,0,1
146145,0,1,1,0,1
143768,0,1,1,0,1
144967,0,1,1,0,1
144765,0,1,1,0,1
142952,0,1,1,0,1
213903,0,1,1,0,1
144590,0,1,1,0,1
144113,0,1,1,0,1
143397,0,1,1,0,1
143534,0,1,1,0,1
145838,0,1,1,0,1
144614,0,1,1,0,1
145754,0,1,1,0,1
143527,0,1,1,0,1
144935,0,1,1,0,1
143670,0,1,1,0,1
144896,0,1,1,0,1
143389,0,1,1,0,1
146369,0,1,1,0,1
142849,0,1,1,0,1
142866,0,1,1,0,1
145339,0,1,1,0,1
146420,0,1,1,0,1
143746,0,1,1,0,1
143690,0,1,1,0,1
144463,0,1,1,0,1
146504,0,1,1,0,1
144284,0,1,1,0,1
146484,0,1,1,0,1
144270,0,1,1,0,1
146294,0,1,1,0,1
143676,0,1,1,0,1
146417,0,1,1,0,1
143221,0,1,1,0,1
145617,0,1,1,0,1
146288,0,1,1,0,1
143538,0,1,1,0,1
143367,0,1,1,0,1
143190,0,1,1,0,1
146283,0,1,1,0,1
145160,0,1,1,0,1
146478,0,1,1,0,1
144377,0,1,1,0,1
145380,0,1,1,0,1
143756,0,1,1,0,1
144684,0,1,1,0,1
144390,0,1,1,0,1
145559,0,1,1,0,1
145184,0,1,1,0,1
143689,0,1,1,0,1
145574,0,1,1,0,1
143792,0,1,1,0,1
145968,0,1,1,0,1
143344,0,1,1,0,1
143142,0,1,1,0,1
143609,0,1,1,0,1
143257,0,1,1,0,1
142861,0,1,1,0,1
142667,0,1,1,0,1
146642,0,1,1,0,1
145869,0,1,1,0,1
143400,0,1,1,0,1
146470,0,1,1,0,1
145465,0,1,1,0,1
142965,0,1,1,0,1
142801,0,1,1,0,1
143639,0,1,1,0,1
145023,0,1,1,0,1
146264,0,1,1,0,1
145187,0,1,1,0,1
146465,0,1,1,0,1
144806,0,1,1,0,1
142912,0,1,1,0,1
145433,0,1,1,0,1
144746,0,1,1,0,1
142088,0,1,1,0,1
144932,0,1,1,0,1
144053,0,1,1,0,1
146003,0,1,1,0,1
145440,0,1,1,0,1
145561,0,1,1,0,1
144752,0,1,1,0,1
143767,0,1,1,0,1
143062,0,1,1,0,1
143388,0,1,1,0,1
146208,0,1,1,0,1
146044,0,1,1,0,1
146047,0,1,1,0,1
143969,0,1,1,0,1
145954,0,1,1,0,1
144433,0,1,1,0,1
145144,0,1,1,0,1
145941,0,1,1,0,1
140862,0,1,0,0,1
142722,0,1,1,0,1
146587,0,1,1,0,1
146102,0,1,1,0,1
146396,0,1,1,0,1
143320,0,1,1,0,1
146736,0,1,1,0,1
144830,0,1,1,0,1
143345,0,1,1,0,1
146187,0,1,1,0,1
145000,0,1,1,0,1
143188,0,1,1,0,1
145121,0,1,1,0,1
143326,0,1,1,0,1
143290,0,1,1,0,1
142996,0,1,1,0,1
143054,0,1,1,0,1
145044,0,1,1,0,1
145064,0,1,1,0,1
146522,0,1,1,0,1
146364,0,1,1,0,1
144481,0,1,1,0,1
144577,0,1,1,0,1
144886,0,1,1,0,1
143128,0,1,1,0,1
144349,0,1,1,0,1
142705,0,1,1,0,1
145038,0,1,1,0,1
144845,0,1,1,0,1
143705,0,1,1,0,1
143736,0,1,1,0,1
143641,0,1,1,0,1
144650,0,1,1,0,1
145694,0,1,1,0,1
143187,0,1,1,0,1
145031,0,1,1,0,1
146463,0,1,1,0,1
142720,0,1,1,0,1
146814,1,0,0,0,1
144456,0,1,1,0,1
144754,0,1,1,0,1
146563,0,1,1,0,1
142707,0,1,1,0,1
145718,0,1,1,0,1
146274,0,1,1,0,1
143157,0,1,1,0,1
142071,0,1,1,0,1
142993,0,1,1,0,1
144677,0,1,1,0,1
144294,0,1,1,0,1
143836,0,1,1,0,1
142871,0,1,1,0,1
146049,0,1,1,0,1
145402,0,1,1,0,1
144678,0,1,1,0,1
144546,0,1,1,0,1
142989,0,1,1,0,1
145202,0,1,1,0,1
143515,0,1,1,0,1
144993,0,1,1,0,1
145774,0,1,1,0,1
144231,0,1,1,0,1
142755,0,1,1,0,1
144945,0,1,1,0,1
144188,0,1,1,0,1
144252,0,1,1,0,1
143564,0,1,1,0,1
143977,0,1,1,0,1
146039,0,1,1,0,1
145639,0,1,1,0,1
146543,0,1,1,0,1
145054,0,1,1,0,1
145149,0,1,1,0,1
145223,0,1,1,0,1
144271,0,1,1,0,1
146708,0,1,1,0,1
146164,0,1,1,0,1
144286,0,1,1,0,1
146571,0,1,1,0,1
144767,0,1,1,0,1
145107,0,1,1,0,1
146086,0,1,1,0,1
144847,0,1,1,0,1
142892,0,1,1,0,1
146448,0,1,1,0,1
145472,0,1,1,0,1
146431,0,1,1,0,1
143408,0,1,1,0,1
145443,0,1,1,0,1
144940,0,1,1,0,1
145249,0,1,1,0,1
144217,0,1,1,0,1
146685,0,1,1,0,1
142979,0,1,1,0,1
146214,0,1,1,0,1
143156,0,1,1,0,1
144121,0,1,1,0,1
146363,0,1,1,0,1
144005,0,1,1,0,1
143541,0,1,1,0,1
146648,0,1,1,0,1
143069,0,1,1,0,1
146709,0,1,1,0,1
143701,0,1,1,0,1
143630,0,1,1,0,1
146162,0,1,1,0,1
145355,0,1,1,0,1
146066,0,1,1,0,1
143590,0,1,1,0,1
145477,0,1,1,0,1
146101,0,1,1,0,1
143738,0,1,1,0,1
143857,0,1,1,0,1
146051,0,1,1,0,1
145875,0,1,1,0,1
143434,0,1,1,0,1
145866,0,1,1,0,1
146345,0,1,1,0,1
146743,0,1,1,0,1
146677,0,1,1,0,1
144836,0,1,1,0,1
143655,0,1,1,0,1
142688,0,1,1,0,1
145798,0,1,1,0,1
143952,0,1,1,0,1
145965,0,1,1,0,1
144341,0,1,1,0,1
143911,0,1,1,0,1
144363,0,1,1,0,1
143739,0,1,1,0,1
143051,0,1,1,0,1
145976,0,1,1,0,1
143041,0,1,1,0,1
144232,0,1,1,0,1
142886,0,1,1,0,1
142961,0,1,1,0,1
142817,0,1,1,0,1
145188,0,1,1,0,1
143316,0,1,1,0,1
145684,0,1,1,0,1
144691,0,1,1,0,1
145647,0,1,1,0,1
146234,0,1,1,0,1
146521,0,1,1,0,1
144669,0,1,1,0,1
144006,0,1,1,0,1
145176,0,1,1,0,1
146130,0,1,1,0,1
144448,0,1,1,0,1
154155,0,1,1,0,1
145150,0,1,1,0,1
142780,0,1,1,0,1
144576,0,1,1,0,1
143808,0,1,1,0,1
146033,0,1,1,0,1
144288,0,1,1,0,1
143832,0,1,1,0,1
143171,0,1,1,0,1
144606,0,1,1,0,1
146287,0,1,1,0,1
144348,0,1,1,0,1
145649,0,1,1,0,1
143264,0,1,1,0,1
145952,0,1,1,0,1
144153,0,1,1,0,1
145100,0,1,1,0,1
143906,0,1,1,0,1
142768,0,1,1,0,1
143208,0,1,1,0,1
145693,0,1,1,0,1
142945,0,1,1,0,1
146014,0,1,1,0,1
143798,0,1,1,0,1
143141,0,1,1,0,1
143502,0,1,1,0,1
144880,0,1,1,0,1
146438,0,1,1,0,1
143725,0,1,1,0,1
145011,0,1,1,0,1
144824,0,1,1,0,1
144649,0,1,1,0,1
146722,0,1,1,0,1
143248,0,1,1,0,1
142092,0,1,1,0,1
146028,0,1,1,0,1
142734,0,1,1,0,1
145240,0,1,1,0,1
143533,0,1,1,0,1
143158,0,1,1,0,1
143965,0,1,1,0,1
143043,0,1,1,0,1
143851,0,1,1,0,1
146657,0,1,1,0,1
146492,0,1,1,0,1
143266,0,1,1,0,1
145116,0,1,1,0,1
145110,0,1,1,0,1
144709,0,1,1,0,1
146367,0,1,1,0,1
145979,0,1,1,0,1
144982,0,1,1,0,1
145337,0,1,1,0,1
146475,0,1,1,0,1
144682,0,1,1,0,1
145295,0,1,1,0,1
143008,0,1,1,0,1
142735,0,1,1,0,1
145030,0,1,1,0,1
144314,0,1,1,0,1
144628,0,1,1,0,1
144955,0,1,1,0,1
142792,0,1,1,0,1
144330,0,1,1,0,1
143548,0,1,1,0,1
145927,0,1,1,0,1
145389,0,1,1,0,1
145850,0,1,1,0,1
145137,0,1,1,0,1
143183,0,1,1,0,1
145247,0,1,1,0,1
143861,0,1,1,0,1
144215,0,1,1,0,1
146580,0,1,1,0,1
145671,0,1,1,0,1
145358,0,1,1,0,1
146222,0,1,1,0,1
146700,0,1,1,0,1
145276,0,1,1,0,1
145546,0,1,1,0,1
133194,1,0,0,0,1
145532,0,1,1,0,1
144039,0,1,1,0,1
142980,0,1,1,0,1
145467,0,1,1,0,1
144411,0,1,1,0,1
146635,0,1,1,0,1
144310,0,1,1,0,1
139112,0,1,0,0,1
143862,0,1,1,0,1
145946,0,1,1,0,1
143749,0,1,1,0,1
143939,0,1,1,0,1
144751,0,1,1,0,1
143816,0,1,1,0,1
143265,0,1,1,0,1
143523,0,1,1,0,1
142737,0,1,1,0,1
144988,0,1,1,0,1
143260,0,1,1,0,1
145624,0,1,1,0,1
144458,0,1,1,0,1
143229,0,1,1,0,1
143151,0,1,1,0,1
145090,0,1,1,0,1
145738,0,1,1,0,1
145571,0,1,1,0,1
144870,0,1,1,0,1
145166,0,1,1,0,1
143191,0,1,1,0,1
143409,0,1,1,0,1
143596,0,1,1,0,1
145656,0,1,1,0,1
143987,0,1,1,0,1
145672,0,1,1,0,1
144553,0,1,1,0,1
143934,0,1,1,0,1
143929,0,1,1,0,1
144919,0,1,1,0,1
144928,0,1,1,0,1
144652,0,1,1,0,1
146407,0,1,1,0,1
145507,0,1,1,0,1
131568,1,0,0,0,1
145270,0,1,1,0,1
145305,0,1,1,0,1
145714,0,1,1,0,1
143112,0,1,1,0,1
145642,0,1,1,0,1
143060,0,1,1,0,1
146735,0,1,1,0,1
142723,0,1,1,0,1
144149,0,1,1,0,1
142929,0,1,1,0,1
146550,0,1,1,0,1
140861,0,1,0,0,1
145174,0,1,1,0,1
143728,0,1,1,0,1
145579,0,1,1,0,1
144821,0,1,1,0,1
146542,0,1,1,0,1
144703,0,1,1,0,1
144020,0,1,1,0,1
146452,0,1,1,0,1
143642,0,1,1,0,1
146633,0,1,1,0,1
143553,0,1,1,0,1
145705,0,1,1,0,1
146324,0,1,1,0,1
145274,0,1,1,0,1
145739,0,1,1,0,1
146281,0,1,1,0,1
146197,0,1,1,0,1
144946,0,1,1,0,1
145582,0,1,1,0,1
146582,0,1,1,0,1
144915,0,1,1,0,1
143166,0,1,1,0,1
146337,0,1,1,0,1
146055,0,1,1,0,1
144686,0,1,1,0,1
146238,0,1,1,0,1
142724,0,1,1,0,1
145632,0,1,1,0,1
142876,0,1,1,0,1
143979,0,1,1,0,1
144245,0,1,1,0,1
146434,0,1,1,0,1
143866,0,1,1,0,1
146676,0,1,1,0,1
144995,0,1,1,0,1
146248,0,1,1,0,1
145940,0,1,1,0,1
146703,0,1,1,0,1
145300,0,1,1,0,1
144517,0,1,1,0,1
143800,0,1,1,0,1
143822,0,1,1,0,1
142085,0,1,1,0,1
145126,0,1,1,0,1
144428,0,1,1,0,1
142685,0,1,1,0,1
145605,0,1,1,0,1
143174,0,1,1,0,1
142788,0,1,1,0,1
143576,0,1,1,0,1
146062,0,1,1,0,1
143104,0,1,1,0,1
146146,0,1,1,0,1
145102,0,1,1,0,1
144283,0,1,1,0,1
142927,0,1,1,0,1
145676,0,1,1,0,1
145237,0,1,1,0,1
137745,1,0,0,0,1
144466,0,1,1,0,1
144084,0,1,1,0,1
144618,0,1,1,0,1
144090,0,1,1,0,1
144178,0,1,1,0,1
142764,0,1,1,0,1
144867,0,1,1,0,1
145165,0,1,1,0,1
151454,0,1,0,0,1
142837,0,1,1,0,1
143838,0,1,1,0,1
144040,0,1,1,0,1
143918,0,1,1,0,1
144620,0,1,1,0,1
143715,0,1,1,0,1
143920,0,1,1,0,1
144860,0,1,1,0,1
151451,0,1,0,0,1
144783,0,1,1,0,1
144820,0,1,1,0,1
145050,0,1,1,0,1
145601,0,1,1,0,1
143755,0,1,1,0,1
144171,0,1,1,0,1
145823,0,1,1,0,1
146640,0,1,1,0,1
143055,0,1,1,0,1
144099,0,1,1,0,1
145119,0,1,1,0,1
144364,0,1,1,0,1
142753,0,1,1,0,1
143285,0,1,1,0,1
143232,0,1,1,0,1
145843,0,1,1,0,1
144776,0,1,1,0,1
146557,0,1,1,0,1
146391,0,1,1,0,1
145535,0,1,1,0,1
143283,0,1,1,0,1
143172,0,1,1,0,1
144343,0,1,1,0,1
145606,0,1,1,0,1
142709,0,1,1,0,1
145351,0,1,1,0,1
145924,0,1,1,0,1
143833,0,1,1,0,1
140858,0,1,0,0,1
143099,0,1,1,0,1
146289,0,1,1,0,1
145817,0,1,1,0,1
213545,0,1,1,0,1
144585,0,1,1,0,1
144289,0,1,1,0,1
144045,0,1,1,0,1
143227,0,1,1,0,1
142684,0,1,1,0,1
145956,0,1,1,0,1
144968,0,1,1,0,1
142884,0,1,1,0,1
144044,0,1,1,0,1
143317,0,1,1,0,1
143358,0,1,1,0,1
145503,0,1,1,0,1
145687,0,1,1,0,1
146122,0,1,1,0,1
146119,0,1,1,0,1
145271,0,1,1,0,1
144527,0,1,1,0,1
145418,0,1,1,0,1
143300,0,1,1,0,1
144163,0,1,1,0,1
142937,0,1,1,0,1
146699,0,1,1,0,1
145136,0,1,1,0,1
143000,0,1,1,0,1
145719,0,1,1,0,1
143647,0,1,1,0,1
142679,0,1,1,0,1
143667,0,1,1,0,1
143719,0,1,1,0,1
143491,0,1,1,0,1
145478,0,1,1,0,1
144211,0,1,1,0,1
144470,0,1,1,0,1
144072,0,1,1,0,1
144001,0,1,1,0,1
145989,0,1,1,0,1
144626,0,1,1,0,1
144048,0,1,1,0,1
144204,0,1,1,0,1
145112,0,1,1,0,1
146532,0,1,1,0,1
146211,0,1,1,0,1
143783,0,1,1,0,1
145147,0,1,1,0,1
142068,0,1,1,0,1
144733,0,1,1,0,1
145545,0,1,1,0,1
142901,0,1,1,0,1
145981,0,1,1,0,1
144478,0,1,1,0,1
143744,0,1,1,0,1
146577,0,1,1,0,1
146366,0,1,1,0,1
143537,0,1,1,0,1
151453,0,1,0,0,1
144313,0,1,1,0,1
145643,0,1,1,0,1
145681,0,1,1,0,1
143244,0,1,1,0,1
143574,0,1,1,0,1
145612,0,1,1,0,1
143697,0,1,1,0,1
145762,0,1,1,0,1
146230,0,1,1,0,1
143657,0,1,1,0,1
144543,0,1,1,0,1
146399,0,1,1,0,1
145459,0,1,1,0,1
146474,0,1,1,0,1
146318,0,1,1,0,1
143848,0,1,1,0,1
145673,0,1,1,0,1
143730,0,1,1,0,1
146520,0,1,1,0,1
146090,0,1,1,0,1
142759,0,1,1,0,1
143312,0,1,1,0,1
144827,0,1,1,0,1
144088,0,1,1,0,1
144622,0,1,1,0,1
144502,0,1,1,0,1
144189,0,1,1,0,1
144978,0,1,1,0,1
145256,0,1,1,0,1
146593,0,1,1,0,1
143917,0,1,1,0,1
143797,0,1,1,0,1
143842,0,1,1,0,1
146606,0,1,1,0,1
146644,0,1,1,0,1
144839,0,1,1,0,1
151442,0,1,0,0,1
146669,0,1,1,0,1
146656,0,1,1,0,1
144572,0,1,1,0,1
142807,0,1,1,0,1
143235,0,1,1,0,1
142885,0,1,1,0,1
143338,0,1,1,0,1
146439,0,1,1,0,1
146335,0,1,1,0,1
144959,0,1,1,0,1
144542,0,1,1,0,1
146385,0,1,1,0,1
143275,0,1,1,0,1
143923,0,1,1,0,1
144352,0,1,1,0,1
145596,0,1,1,0,1
145037,0,1,1,0,1
145792,0,1,1,0,1
145242,0,1,1,0,1
143453,0,1,1,0,1
143886,0,1,1,0,1
144422,0,1,1,0,1
145659,0,1,1,0,1
145330,0,1,1,0,1
142650,0,1,1,0,1
145224,0,1,1,0,1
146519,0,1,1,0,1
144875,0,1,1,0,1
144852,0,1,1,0,1
146180,0,1,1,0,1
145717,0,1,1,0,1
145729,0,1,1,0,1
143716,0,1,1,0,1
145916,0,1,1,0,1
145586,0,1,1,0,1
146239,0,1,1,0,1
143370,0,1,1,0,1
144203,0,1,1,0,1
142836,0,1,1,0,1
144681,0,1,1,0,1
145382,0,1,1,0,1
145573,0,1,1,0,1
144354,0,1,1,0,1
144445,0,1,1,0,1
143015,0,1,1,0,1
146237,0,1,1,0,1
142716,0,1,1,0,1
145581,0,1,1,0,1
144697,0,1,1,0,1
143327,0,1,1,0,1
144489,0,1,1,0,1
143805,0,1,1,0,1
146625,0,1,1,0,1
144561,0,1,1,0,1
142847,0,1,1,0,1
142744,0,1,1,0,1
146631,0,1,1,0,1
151251,1,0,1,0,1
143522,0,1,1,0,1
142700,0,1,1,0,1
145565,0,1,1,0,1
143195,0,1,1,0,1
143931,0,1,1,0,1
146046,0,1,1,0,1
140043,0,1,1,0,1
143993,0,1,1,0,1
145804,0,1,1,0,1
145991,0,1,1,0,1
146501,0,1,1,0,1
143372,0,1,1,0,1
146249,0,1,1,0,1
146117,0,1,1,0,1
143067,0,1,1,0,1
143369,0,1,1,0,1
145626,0,1,1,0,1
142762,0,1,1,0,1
145336,0,1,1,0,1
146072,0,1,1,0,1
145441,0,1,1,0,1
145928,0,1,1,0,1
143012,0,1,1,0,1
145452,0,1,1,0,1
145618,0,1,1,0,1
146038,0,1,1,0,1
142818,0,1,1,0,1
145431,0,1,1,0,1
145140,0,1,1,0,1
143144,0,1,1,0,1
142726,0,1,1,0,1
146421,0,1,1,0,1
143733,0,1,1,0,1
142853,0,1,1,0,1
146159,0,1,1,0,1
144760,0,1,1,0,1
145826,0,1,1,0,1
142881,0,1,1,0,1
143050,0,1,1,0,1
137782,1,0,0,0,1
143020,0,1,1,0,1
144243,0,1,1,0,1
144036,0,1,1,0,1
143508,0,1,1,0,1
143675,0,1,1,0,1
143509,0,1,1,0,1
144446,0,1,1,0,1
142889,0,1,1,0,1
143811,0,1,1,0,1
142887,0,1,1,0,1
143648,0,1,1,0,1
144737,0,1,1,0,1
145071,0,1,1,0,1
142942,0,1,1,0,1
144071,0,1,1,0,1
145429,0,1,1,0,1
143182,0,1,1,0,1
143806,0,1,1,0,1
143247,0,1,1,0,1
145422,0,1,1,0,1
144809,0,1,1,0,1
143905,0,1,1,0,1
146365,0,1,1,0,1
144700,0,1,1,0,1
145142,0,1,1,0,1
144850,0,1,1,0,1
143331,0,1,1,0,1
146499,0,1,1,0,1
146002,0,1,1,0,1
143986,0,1,1,0,1
145492,0,1,1,0,1
145013,0,1,1,0,1
146586,0,1,1,0,1
142790,0,1,1,0,1
142745,0,1,1,0,1
143747,0,1,1,0,1
146432,0,1,1,0,1
142864,0,1,1,0,1
143627,0,1,1,0,1
146001,0,1,1,0,1
146531,0,1,1,0,1
144266,0,1,1,0,1
144262,0,1,1,0,1
146395,0,1,1,0,1
144443,0,1,1,0,1
146155,0,1,1,0,1
143482,0,1,1,0,1
144901,0,1,1,0,1
145746,0,1,1,0,1
142665,0,1,1,0,1
143673,0,1,1,0,1
144186,0,1,1,0,1
146394,0,1,1,0,1
146728,0,1,1,0,1
144267,0,1,1,0,1
142658,0,1,1,0,1
143427,0,1,1,0,1
145767,0,1,1,0,1
146608,0,1,1,0,1
143720,0,1,1,0,1
146380,0,1,1,0,1
145208,0,1,1,0,1
143985,0,1,1,0,1
146506,0,1,1,0,1
144118,0,1,1,0,1
144503,0,1,1,0,1
143835,0,1,1,0,1
143561,0,1,1,0,1
145765,0,1,1,0,1
143181,0,1,1,0,1
143476,0,1,1,0,1
143094,0,1,1,0,1
146650,0,1,1,0,1
143332,0,1,1,0,1
142654,0,1,1,0,1
145114,0,1,1,0,1
143898,0,1,1,0,1
143241,0,1,1,0,1
143953,0,1,1,0,1
144796,0,1,1,0,1
146271,0,1,1,0,1
143428,0,1,1,0,1
144755,0,1,1,0,1
144972,0,1,1,0,1
143528,0,1,1,0,1
145712,0,1,1,0,1
143718,0,1,1,0,1
142867,0,1,1,0,1
144510,0,1,1,0,1
144279,0,1,1,0,1
140852,0,1,0,0,1
145562,0,1,1,0,1
143921,0,1,1,0,1
144602,0,1,1,0,1
142865,0,1,1,0,1
145482,0,1,1,0,1
146221,0,1,1,0,1
145277,0,1,1,0,1
144418,0,1,1,0,1
143222,0,1,1,0,1
143804,0,1,1,0,1
153458,0,1,1,0,1
142791,0,1,1,0,1
143869,0,1,1,0,1
145922,0,1,1,0,1
146292,0,1,1,0,1
143539,0,1,1,0,1
144692,0,1,1,0,1
145839,0,1,1,0,1
143503,0,1,1,0,1
146388,0,1,1,0,1
145789,0,1,1,0,1
145480,0,1,1,0,1
146310,0,1,1,0,1
143328,0,1,1,0,1
146106,0,1,1,0,1
146694,0,1,1,0,1
146299,0,1,1,0,1
146282,0,1,1,0,1
144637,0,1,1,0,1
143294,0,1,1,0,1
146043,0,1,1,0,1
145370,0,1,1,0,1
144474,0,1,1,0,1
143962,0,1,1,0,1
146018,0,1,1,0,1
144396,0,1,1,0,1
145307,0,1,1,0,1
144234,0,1,1,0,1
145323,0,1,1,0,1
143890,0,1,1,0,1
146213,0,1,1,0,1
142655,0,1,1,0,1
143254,0,1,1,0,1
145481,0,1,1,0,1
143863,0,1,1,0,1
212831,0,1,0,0,1
145708,0,1,1,0,1
142848,0,1,1,0,1
146182,0,1,1,0,1
144679,0,1,1,0,1
146411,0,1,1,0,1
145360,0,1,1,0,1
145763,0,1,1,0,1
144672,0,1,1,0,1
143726,0,1,1,0,1
146691,0,1,1,0,1
144356,0,1,1,0,1
145401,0,1,1,0,1
143875,0,1,1,0,1
143405,0,1,1,0,1
143682,0,1,1,0,1
144308,0,1,1,0,1
143336,0,1,1,0,1
143016,0,1,1,0,1
146303,0,1,1,0,1
146494,0,1,1,0,1
152921,0,1,1,0,1
145032,0,1,1,0,1
142681,0,1,1,0,1
144725,0,1,1,0,1
142763,0,1,1,0,1
146688,0,1,1,0,1
142850,0,1,1,0,1
144971,0,1,1,0,1
145063,0,1,1,0,1
144910,0,1,1,0,1
145635,0,1,1,0,1
146610,0,1,1,0,1
145287,0,1,1,0,1
146022,0,1,1,0,1
143089,0,1,1,0,1
145409,0,1,1,0,1
143152,0,1,1,0,1
146549,0,1,1,0,1
146290,0,1,1,0,1
143019,0,1,1,0,1
143274,0,1,1,0,1
144592,0,1,1,0,1
145557,0,1,1,0,1
143727,0,1,1,0,1
144002,0,1,1,0,1
145870,0,1,1,0,1
144496,0,1,1,0,1
143014,0,1,1,0,1
142086,0,1,1,0,1
145167,0,1,1,0,1
142808,0,1,1,0,1
143203,0,1,1,0,1
143124,0,1,1,0,1
145196,0,1,1,0,1
143356,0,1,1,0,1
144240,0,1,1,0,1
146561,0,1,1,0,1
144738,0,1,1,0,1
143631,0,1,1,0,1
145570,0,1,1,0,1
145333,0,1,1,0,1
142795,0,1,1,0,1
143821,0,1,1,0,1
142727,0,1,1,0,1
145594,0,1,1,0,1
142096,0,1,1,0,1
142692,0,1,1,0,1
144287,0,1,1,0,1
143472,0,1,1,0,1
143343,0,1,1,0,1
146378,0,1,1,0,1
143202,0,1,1,0,1
144058,0,1,1,0,1
145193,0,1,1,0,1
143882,0,1,1,0,1
144671,0,1,1,0,1
146112,0,1,1,0,1
145899,0,1,1,0,1
143751,0,1,1,0,1
144057,0,1,1,0,1
144514,0,1,1,0,1
144384,0,1,1,0,1
144256,0,1,1,0,1
146415,0,1,1,0,1
143354,0,1,1,0,1
144476,0,1,1,0,1
143580,0,1,1,0,1
143488,0,1,1,0,1
143052,0,1,1,0,1
143185,0,1,1,0,1
142769,0,1,1,0,1
145865,0,1,1,0,1
142825,0,1,1,0,1
144247,0,1,1,0,1
142789,0,1,1,0,1
146253,0,1,1,0,1
145438,0,1,1,0,1
142656,0,1,1,0,1
145721,0,1,1,0,1
143638,0,1,1,0,1
146497,0,1,1,0,1
143273,0,1,1,0,1
145469,0,1,1,0,1
144280,0,1,1,0,1
143787,0,1,1,0,1
145016,0,1,1,0,1
143752,0,1,1,0,1
146054,0,1,1,0,1
145019,0,1,1,0,1
144360,0,1,1,0,1
144479,0,1,1,0,1
144547,0,1,1,0,1
146016,0,1,1,0,1
143568,0,1,1,0,1
142787,0,1,1,0,1
145513,0,1,1,0,1
143134,0,1,1,0,1
131521,0,1,0,0,1
145055,0,1,1,0,1
143535,0,1,1,0,1
143566,0,1,1,0,1
144102,0,1,1,0,1
143105,0,1,1,0,1
142664,0,1,1,0,1
142666,0,1,1,0,1
143864,0,1,1,0,1
144798,0,1,1,0,1
144554,0,1,1,0,1
144083,0,1,1,0,1
144623,0,1,1,0,1
143780,0,1,1,0,1
145945,0,1,1,0,1
146725,0,1,1,0,1
144013,0,1,1,0,1
144235,0,1,1,0,1
145113,0,1,1,0,1
143895,0,1,1,0,1
145720,0,1,1,0,1
144563,0,1,1,0,1
59265,0,1,0,0,1
143324,0,1,1,0,1
145024,0,1,1,0,1
143700,0,1,1,0,1
143387,0,1,1,0,1
145923,0,1,1,0,1
146403,0,1,1,0,1
143847,0,1,1,0,1
146198,0,1,1,0,1
143603,0,1,1,0,1
144859,0,1,1,0,1
145568,0,1,1,0,1
146006,0,1,1,0,1
144578,0,1,1,0,1
145919,0,1,1,0,1
144962,0,1,1,0,1
143323,0,1,1,0,1
144970,0,1,1,0,1
143569,0,1,1,0,1
146184,0,1,1,0,1
146277,0,1,1,0,1
142898,0,1,1,0,1
144893,0,1,1,0,1
145241,0,1,1,0,1
146343,0,1,1,0,1
143938,0,1,1,0,1
144673,0,1,1,0,1
151462,0,1,0,0,1
145734,0,1,1,0,1
145268,0,1,1,0,1
131519,1,0,0,0,1
142827,0,1,1,0,1
142986,0,1,1,0,1
143440,0,1,1,0,1
146480,0,1,1,0,1
146460,0,1,1,0,1
144173,0,1,1,0,1
143436,0,1,1,0,1
145280,0,1,1,0,1
144335,0,1,1,0,1
146544,0,1,1,0,1
146624,0,1,1,0,1
146632,0,1,1,0,1
143006,0,1,1,0,1
145724,0,1,1,0,1
143573,0,1,1,0,1
144655,0,1,1,0,1
145278,0,1,1,0,1
142704,0,1,1,0,1
146645,0,1,1,0,1
146375,0,1,1,0,1
143933,0,1,1,0,1
144124,0,1,1,0,1
146458,0,1,1,0,1
142944,0,1,1,0,1
142770,0,1,1,0,1
145611,0,1,1,0,1
145497,0,1,1,0,1
144544,0,1,1,0,1
142678,0,1,1,0,1
146124,0,1,1,0,1
145181,0,1,1,0,1
146585,0,1,1,0,1
144008,0,1,1,0,1
144228,0,1,1,0,1
142798,0,1,1,0,1
145914,0,1,1,0,1
145678,0,1,1,0,1
146229,0,1,1,0,1
144506,0,1,1,0,1
143481,0,1,1,0,1
144460,0,1,1,0,1
143056,0,1,1,0,1
146422,0,1,1,0,1
145558,0,1,1,0,1
145421,0,1,1,0,1
145680,0,1,1,0,1
145331,0,1,1,0,1
145430,0,1,1,0,1
146138,0,1,1,0,1
145254,0,1,1,0,1
143661,0,1,1,0,1
145740,0,1,1,0,1
146723,0,1,1,0,1
144904,0,1,1,0,1
142730,0,1,1,0,1
145499,0,1,1,0,1
144624,0,1,1,0,1
145361,0,1,1,0,1
145194,0,1,1,0,1
144473,0,1,1,0,1
144301,0,1,1,0,1
145715,0,1,1,0,1
144196,0,1,1,0,1
143992,0,1,1,0,1
145939,0,1,1,0,1
144632,0,1,1,0,1
146684,0,1,1,0,1
7640,1,0,0,0,1
38380,1,0,0,0,1
24302,0,1,0,0,1
24415,1,0,0,0,1
17442,1,0,0,0,1
37937,1,0,0,0,1
51928,1,0,1,0,1
17739,1,0,0,0,1
38358,1,0,0,0,1
45071,1,0,0,0,1
23851,1,0,0,0,1
18245,1,0,0,0,1
38323,0,1,1,0,1
17776,1,0,0,0,1
38272,0,1,1,0,1
45074,1,0,0,0,1
23662,1,0,0,0,1
49904,0,1,0,0,1
44446,0,1,1,0,1
24144,0,1,1,0,1
45073,1,0,0,0,1
38379,1,0,0,0,1
38340,1,0,1,0,1
23840,1,0,0,0,1
147048,0,1,1,0,1
132591,1,0,0,0,1
63829,1,0,0,0,1
