src,dst
293,24429
4808,133865
10111,49544
6424,153725
4837,7195
3204,202782
4809,24516
4775,146762
45102,210937
139799,199524
4635,45102
25152,213605
4134,132203
1828,142111
10111,133210
4809,4826
55967,63927
8283,132203
50869,199392
199932,206499
20473,205794
4809,38195
28716,132203
45102,45796
45102,204092
17639,38345
701,9929
38082,132203
4134,57344
4637,9929
7473,133865
7713,63631
35661,209650
24429,36994
6663,55967
32590,213605
10111,57304
59105,132203
6696,209650
3214,153725
36236,133865
53667,216299
45102,49434
50869,200936
59318,132203
4538,55720
58299,199932
24115,24429
58952,132203
24429,55329
17557,133865
9505,132203
153725,199938
199392,213151
4134,4766
133865,142271
57050,212164
48646,213605
42541,212793
51184,153725
48362,55967
1031,4837
205794,210937
34854,209650
29208,55967
24429,132337
4134,12713
24429,209090
8220,24429
9304,133865
9902,24429
55967,140627
3214,213605
9929,17621
10111,138997
8966,10111
7713,137753
5580,137753
6939,133865
24429,57344
55967,212024
53062,132203
200959,216182
4847,10100
553,153725
1836,45102
4134,8888
17676,24429
24429,38001
4134,9009
21320,24429
4837,58299
1828,4809
199392,209823
57050,216299
61568,132203
35280,133865
50629,132203
4809,63956
33891,55967
4809,151326
45701,55967
48185,132203
39351,55967
7721,151673
9002,133865
7473,24429
4842,24482
23764,140633
18106,133865
134578,135391
39120,63631
24429,29049
34927,209294
4134,21412
21859,133865
4780,63631
35661,212793
8298,132203
16637,24429
38195,132203
8298,202782
139799,263152
1267,55967
6939,212793
24429,40271
6696,24429
24482,132203
3399,24429
56987,132203
25091,132203
4809,45352
12552,24429
3216,24429
3399,4134
955,24429
199938,209650
6939,24429
39642,209650
24429,271253
7497,23673
4134,6057
4134,28917
25091,202782
7195,153725
39351,199392
4837,8220
4538,23910
11039,24429
58057,209650
45352,132203
209823,212793
17433,216299
7497,7713
14537,134578
10111,59105
38008,132203
132203,142271
212164,216182
34549,55967
9505,10111
20932,132203
200959,213151
39351,200936
24482,146834
16552,133865
24429,42541
58511,142111
24429,56662
49544,137753
24429,51185
29691,153725
5580,146762
200242,205794
15802,55967
25220,209650
24429,39642
21859,24429
39249,132203
7721,204508
51185,200959
4651,142111
4229,24429
24429,28917
4775,132203
20485,146762
41327,45102
5405,55967
4538,39120
4134,35280
9002,140633
41095,45102
34927,213605
45102,58511
4134,199524
7721,17433
45102,55720
21859,140633
6461,132203
63927,132203
34927,150289
24429,45629
34549,199392
174,24429
7721,12198
174,4134
9304,142111
5713,24429
4181,132203
32590,209650
57050,200959
7721,199073
6939,216299
34019,55967
24429,57777
25394,45102
45102,212635
4637,132203
37100,45102
45102,60539
7552,24429
206499,213605
34927,199310
6453,45102
6057,45102
24429,35280
38880,133865
198150,213605
8758,55967
6696,45102
16552,24429
24429,199524
200242,210426
3204,151673
2914,134578
16552,139799
955,45102
559,45102
32590,133865
58299,202782
3214,209650
4837,22356
17660,55967
24429,25160
132203,264409
24482,211575
4837,198385
24516,142111
31027,45102
4134,4812
4538,7497
45102,53828
15958,24429
3320,4837
4538,41095
4635,55967
7720,216299
24429,62167
13237,132203
1299,132203
199392,209022
24429,34288
153725,212024
4809,132203
14840,45102
924,200936
4134,37497
20562,45102
49544,146762
4809,6939
45102,57695
4134,56987
4809,132337
20473,139317
174,142111
37721,132203
211729,212635
955,7721
48646,199932
53062,55967
24429,31510
2518,24429
35710,45102
4538,36236
6424,24429
2914,4134
10111,38880
32590,212793
3333,212793
4809,49544
47147,132203
139317,199932
45489,146762
7497,24482
50629,153725
4809,38001
12779,55967
4641,132203
139317,207529
9425,38255
32590,139799
24429,37497
34872,213605
23673,133865
55967,58511
24429,56987
132203,198249
211575,216182
4809,133210
8298,55967
7768,153725
4637,10111
45896,133865
4134,9002
24961,213605
4229,4809
3214,24429
7720,7721
50629,151673
4837,45352
24482,153725
55967,61573
56987,153725
137409,153725
32590,212164
4134,39351
50629,199392
139317,205369
132337,137753
139317,207705
7768,213605
4608,24429
13058,132203
34854,200959
25160,132203
7713,132203
24429,263152
7721,210352
5580,132203
133865,151326
4455,24429
60326,139317
199932,210937
8298,151673
3491,133865
60602,132203
9808,58453
36236,63631
34927,209650
20485,132203
24482,213605
8298,199392
25220,45102
29049,55967
50629,204211
38880,142111
1764,45102
4538,8359
553,24429
44324,151673
1299,10111
25091,151673
23673,24429
32590,216299
21412,24429
132203,213151
4837,41327
24429,39351
142271,146762
24429,210937
1031,132203
39249,153725
1103,209650
559,4837
8298,200936
25091,199392
4809,51185
63631,140627
9304,63631
9930,24429
8298,204211
9044,45102
8966,133865
29632,200936
6939,63631
4809,6057
35708,205369
3303,45102
206499,209650
34177,55967
20764,55967
44324,200936
3320,9929
3333,45102
20473,200959
44324,204211
50629,211729
24482,204211
200959,206499
55967,59105
7497,17639
24429,204092
25091,204211
47692,55967
151673,210352
10099,146834
24429,45701
132203,209823
680,132203
4134,60924
8529,45102
24429,28910
18106,63631
39120,132203
45102,52075
3491,24429
38008,200936
955,137753
3491,4134
8298,211729
6939,137753
21859,63631
213605,401835
34927,207303
2914,4809
7195,24429
8426,55967
205369,212635
4809,35280
2734,55967
7195,139799
34927,212793
44324,211729
45102,135391
25091,211729
57050,205369
216182,216299
4808,9929
17639,55967
210937,213605
35280,137753
9318,132203
8455,24429
132203,205206
204211,210352
49544,132203
4455,45102
1239,7497
132203,151326
9902,146762
24429,60924
1828,45102
24429,272403
1103,212793
7713,10111
36236,38345
5580,10111
4837,32590
4134,24482
39351,209294
4538,8966
63956,133865
1103,24429
4837,6939
45102,64049
3223,133865
45489,132203
60144,209650
8966,140633
4826,24429
58952,133865
6057,55967
10100,17621
34872,209650
200936,216182
2516,24429
4837,12779
24429,212483
2516,4134
7473,9929
37468,132203
29140,153725
140633,142271
4134,12389
207303,209823
47147,55967
32590,200959
9498,24429
207529,216299
48185,209650
9498,139799
45102,205112
39386,132203
24429,24482
47498,199392
139317,215172
3356,10111
4837,12713
7768,209650
31133,132203
14840,55967
55967,64289
3204,212164
18106,38345
206499,212164
955,146762
47498,200936
6939,146762
42473,45102
45102,60171
24482,209650
56987,209650
3223,24429
150000,211575
34288,45102
3223,4134
10111,34927
3303,4837
7721,199310
2500,10111
38195,133865
8455,45102
34927,45102
8359,38345
13058,153725
24429,35625
31510,55967
4826,142111
1836,132203
51185,132203
25160,55967
7713,55967
32590,63631
174,38345
19754,24429
41666,45102
45102,47957
10111,20485
206499,216299
52320,55967
24482,133865
209090,209650
293,132203
10111,142271
151673,213605
20485,153725
24429,58511
8888,153725
35360,153725
3491,4809
4809,7713
48185,212793
45352,133865
15547,55967
39351,199310
10111,16552
39249,209650
210426,216182
174,9929
32590,137753
4134,37721
142271,146834
57050,202782
8888,213605
4134,53828
24429,44324
48237,132203
24429,60539
24429,48646
7721,215956
200936,209823
45102,200242
7497,36236
7768,24429
52075,132203
24482,212793
56987,212793
4621,45102
4766,4809
4651,45102
1764,55967
39120,55967
45102,150000
50629,212164
55967,205112
4809,45701
39351,205794
10111,45896
14537,139799
23673,63631
45102,45489
10111,15802
24429,37721
1239,24429
34019,153725
9902,132203
42541,132203
2500,55967
209090,212793
4134,23910
17290,153725
34872,216299
63927,134578
34927,200959
42541,202782
137753,142271
7768,212164
4134,25091
6204,55967
137409,140633
4134,37105
51087,204211
24429,39386
49544,153725
32590,38345
4134,4809
55967,60171
4134,37239
24429,51184
50629,216299
134823,146834
25152,146762
24482,212164
62167,132203
53828,142111
133210,146762
7473,132203
150000,150289
38008,140633
5511,45102
4134,6461
4775,24429
209022,209294
14907,45102
4538,4837
4538,8220
7768,216299
12859,45102
3212,45102
24429,25091
3223,4809
24961,45102
24429,37105
4134,10099
37100,132203
51087,211729
4837,8529
24516,45102
6453,132203
61573,132203
7497,38345
4134,34019
6461,24429
24429,28716
50869,205369
24429,37239
6696,132203
24482,216299
12552,132203
3216,132203
4538,23764
10111,58717
137409,216299
4181,24429
955,132203
559,132203
17290,200936
137409,142111
6939,132203
24429,35266
8966,63631
701,4134
199310,209823
8529,146762
8359,45102
3491,137753
1828,55967
4134,31133
6939,202782
45701,209650
63927,140633
4809,24482
35598,45102
4837,45899
3204,205794
31027,132203
7470,24429
14537,45102
38345,45796
23673,38345
924,205794
6762,55967
24429,34019
4608,146762
200959,210937
199310,207529
45701,133865
9902,10111
36924,45102
6663,24429
4775,142111
24429,31133
51185,153725
199932,216182
4809,24429
38001,45102
1299,4134
29075,55967
34872,200959
20485,209650
8888,209650
63927,142111
45102,58057
200936,209022
38082,63631
4134,36236
4809,58511
3204,210426
45102,58299
206499,210426
45102,59238
45102,134823
5580,133865
4837,5511
199310,200242
4134,56665
9498,137753
134578,137409
45701,212793
51185,151673
7713,134578
34288,55967
16552,132203
9808,56048
45102,199938
8298,199310
2914,45102
132203,199524
24429,45430
51185,199392
58299,209294
7768,200959
4134,24961
4842,20473
3491,9929
29632,199310
58453,132203
58057,132203
12389,45102
7721,51087
4808,10100
4134,64049
955,10111
17639,142111
55967,142271
6939,10111
55967,198150
1273,45102
24429,36236
38345,49544
153725,205112
24115,55967
2914,4538
15802,133865
24429,135391
59238,132203
10111,38008
50629,205794
24429,56665
4775,4809
57050,151673
15958,132203
51185,204211
4809,17639
3223,137753
47692,153725
34019,209650
57050,199392
52025,205369
25220,132203
1267,24429
139317,199073
24429,40934
8220,55967
42541,55967
139799,198150
13058,24429
20485,212793
24429,24961
14630,55967
199932,213151
7721,139317
6663,45102
8298,205794
5580,24429
4809,53828
10111,58453
4837,7473
24429,64049
4766,9929
4181,4809
23764,55967
45102,64475
20485,24429
41327,153725
4229,10111
4809,20485
57050,204211
64475,132203
8888,24429
56662,213605
10111,63956
9044,132203
4230,45102
10111,151326
4637,4809
134823,213605
51185,211729
45796,146762
3303,132203
3204,199932
7720,10111
25091,205794
30781,45102
2516,9929
7713,140633
10111,17660
5580,140633
35625,132203
32590,132203
3333,132203
24429,213151
4621,55967
10099,24429
1031,24429
835,150289
36236,55967
32590,202782
24482,63631
49544,133865
174,10111
4809,9318
50629,210426
58299,213605
45102,150369
15802,24429
17557,55967
4134,6762
9498,146762
8529,132203
132203,140627
45102,47147
37100,153725
57050,211729
58511,146762
8888,212164
55967,58057
61573,153725
4134,47957
38195,137753
3214,132203
8298,210426
9304,55967
55967,58299
33891,45102
45489,133865
12552,55967
55967,134823
39351,45102
24429,209823
1299,4809
559,153725
34019,212793
24429,60171
3257,137753
14537,137753
680,4134
4608,132203
24482,137753
58299,199310
37497,45102
24482,210426
4455,132203
25091,210426
924,205369
132203,263152
55967,199938
63956,146762
35266,45102
4134,40065
31027,153725
199310,202782
9929,10099
3223,146762
57344,132203
35280,55967
139799,264409
24429,31500
10111,140227
1267,45102
4134,17676
8888,216299
24429,58453
18403,45102
9002,55967
14907,55967
139317,153371
24429,47957
132203,262589
553,132203
45102,198385
12859,55967
18106,55967
14840,153725
207705,211575
3212,55967
835,205794
21412,132203
199310,215172
6939,151673
2914,4837
212793,394256
132203,210937
4229,55967
999,24429
10111,58952
17433,211729
45896,132203
34854,151673
1273,4837
34549,45102
8359,55967
49544,140633
58717,146762
4134,45489
50629,199932
14840,213605
24429,60602
34854,199392
24429,36924
9808,133865
4635,24429
24429,33891
10099,45102
139317,210352
24429,25152
132203,204092
6939,204211
5713,55967
55720,55967
55967,64475
24429,207705
52320,153725
24482,38345
24516,146762
24429,200242
51185,133865
4809,35710
24429,25394
204092,209650
47498,205794
8298,199932
5405,45102
3491,132203
41051,153725
39120,142111
34854,204211
7720,151673
16552,55967
39642,55967
7195,132203
4134,29208
24429,150000
24429,45489
36994,132203
25091,199932
4230,4837
4134,39249
14537,146762
58057,153725
4538,132337
139317,211575
38001,55967
8455,132203
6939,211729
1239,9929
34927,132203
4134,14537
49544,142111
4837,35598
4608,10111
7720,200936
45102,45352
4842,9002
4134,7195
132203,272403
34854,211729
55967,264479
8283,45102
38345,39120
8758,45102
53808,209294
4809,56665
8298,205369
25220,153725
7497,7575
45102,394256
48919,55967
24429,29208
10111,132337
1764,153725
45796,132203
4134,4538
45489,142111
28910,45102
205369,216182
45102,48185
4837,9505
17660,45102
1836,4134
8888,200959
139317,209294
44324,205369
58299,209650
2914,55967
2518,55967
6424,55967
207705,213605
24429,57463
37468,142111
139799,264479
4837,20485
38880,55967
64475,153725
4842,45796
10111,38001
55967,198385
9902,133865
151673,216182
204092,212793
9498,132203
7720,211729
35708,211575
24429,198150
62167,209650
32590,55967
35625,153725
4134,4230
4837,51184
58511,132203
200242,209294
3320,4134
29049,139799
4837,30781
24429,53062
45102,52320
51185,212164
4809,9498
37100,209650
13030,45102
45701,137753
8529,153725
4837,12956
37271,132203
3462,45102
3491,10111
31500,132203
63956,132203
139317,153725
12779,45102
24429,41666
204211,216182
3223,132203
139317,401835
32590,151673
4134,9304
4842,18106
44324,139317
53808,213605
51184,55967
32590,199392
4134,58299
153725,213241
51185,216299
45102,137409
51185,142111
24429,50673
18678,24429
8298,45102
10111,20473
58299,207303
19754,132203
47957,132203
57463,213605
58299,212793
139317,213605
1828,153725
955,133865
14840,209650
553,55967
4134,42473
32590,204211
1299,9929
25091,45102
23673,55967
139317,150289
34872,202782
58717,132203
62167,212793
4641,38345
3214,199392
10111,51185
6939,134578
24429,58057
53808,199310
45102,55329
4826,10111
200242,213605
24429,59238
24429,134823
24961,132203
153725,198249
24516,132203
45896,55967
10099,137753
50629,202782
38008,45102
139317,199310
4837,31133
45102,132337
35280,134578
9929,17676
13786,24429
37100,212793
20932,45102
29049,45102
4538,35280
7497,140627
9498,10111
9002,134578
24429,199938
4809,40065
7768,132203
20473,209650
212635,213605
32590,211729
10111,45629
24429,42473
55967,140227
41666,209294
9002,146834
45102,49544
7768,202782
6453,24429
6057,24429
35598,132203
6057,139799
61573,139799
34428,45102
22356,45102
14537,132203
45102,47692
33891,146762
45701,146762
4134,21320
21859,146834
9318,63631
207303,210352
999,4837
35708,150289
49544,63631
559,24429
1239,132203
10111,35280
24482,202782
34177,45102
7195,55967
20764,45102
45102,133210
10111,199524
153371,153725
3223,10111
34288,153725
4809,45489
955,140633
12956,45102
6939,140633
18678,45102
34927,153725
3320,4809
139317,215956
4635,63631
4842,58511
14537,146834
17290,210426
8966,55967
55720,146834
199392,200242
45102,57304
4637,45102
14840,24429
29691,55967
24429,64475
20562,24429
14840,139799
4837,56665
210426,210937
35280,140633
8426,45102
207303,212635
2734,45102
36236,142111
55967,137409
4134,264479
3462,4837
4826,55967
57050,150289
7720,210352
17639,45102
60326,209650
34854,212164
60539,209650
45102,138997
64049,209650
34927,151673
24429,206356
41666,213605
64475,209650
24429,150369
34927,199392
13786,45102
24429,24516
24429,47147
4134,22356
4809,14537
15802,146762
35625,209650
3333,209650
6939,142111
133210,133865
4134,198385
146762,151326
58511,153725
51185,205794
202782,206499
1273,132203
24429,264479
34927,200936
7470,132203
15547,24429
37721,45102
34854,216299
28716,55967
34927,204211
55967,132337
1299,4538
4764,132203
293,7497
41666,199310
57695,209650
199073,199310
4134,29632
139317,207314
212164,213151
24429,37282
10111,24115
7497,18106
1239,10111
4538,7713
32590,134578
213605,215172
6663,132203
57050,205794
286,4837
24429,198385
150289,211509
41051,212164
7497,32590
10111,23673
4635,38345
200242,209650
139317,212483
34927,211729
4134,146788
55967,133210
4230,132203
57344,209650
47957,153725
1764,24429
60539,212793
64049,212793
1764,4134
30781,132203
48362,132203
57777,132203
24429,63927
58299,200959
36236,150289
64475,212793
24429,29632
17660,146762
51185,210426
29208,132203
205369,209022
45102,59105
1828,4842
4608,133865
4837,9808
4837,9929
29140,132203
7497,49544
4775,10111
207303,213605
9044,24429
31510,45102
12859,153725
17290,205369
25160,45102
7713,45102
3303,4134
4809,9304
24961,153725
3333,24429
51087,139317
45102,62167
8218,45102
38255,38272
701,4837
57050,210426
33891,132203
57695,212793
45701,132203
60171,153725
40271,132203
139317,207303
39351,132203
4637,4837
34872,151673
7768,55967
24429,37271
38195,55967
60144,199392
24429,140627
32590,140633
8529,24429
34872,199392
4538,7473
37497,132203
24429,212024
151673,206499
10111,45701
139799,271253
207705,216299
24482,55967
4134,8426
25091,55967
200242,207303
45102,48919
1267,132203
24429,45352
200242,212793
18403,132203
41095,63631
4134,6453
153371,209650
50869,209294
45102,45899
34872,204211
199310,210352
134823,137753
45352,55967
45102,56987
134578,142271
3356,45102
7768,151673
4809,61292
38008,55967
1828,24429
4134,52320
8888,132203
7768,199392
680,45102
24429,48185
35661,205794
20932,55967
51185,199932
7497,55720
35360,132203
9808,24400
24429,262589
39120,45102
8888,202782
24482,151673
34549,132203
4780,45102
6939,7497
55329,132203
7720,199310
24482,199392
10099,132203
2500,45102
4775,55967
34872,211729
4842,41095
7768,204211
28917,45102
132203,205112
53808,139317
211729,213605
15802,132203
34854,205794
4538,24482
7721,211575
200242,212164
6204,45102
4837,8455
57050,199932
4809,7575
198150,209650
24429,52320
8966,134578
24429,45796
3741,45102
1239,204211
45796,133865
8966,146834
4842,36236
6453,137753
917,209650
58511,209650
45629,146762
24429,49434
10111,24482
207529,210352
7768,211729
34019,132203
4455,142111
7721,209294
200242,216299
4134,32590
45102,48237
37468,45102
24429,52025
24429,137409
4134,6939
63927,146762
174,7497
24482,211729
58511,133865
4809,199524
8758,132203
134578,134823
34854,210426
39386,45102
134823,146762
4621,133865
1140,45102
38855,211575
45102,45701
7473,38345
999,132203
17660,132203
6663,153725
50869,199310
4134,49544
4134,18403
205369,211509
9808,56040
13237,55967
31133,45102
24429,32590
4134,47692
56665,209650
142111,262589
4635,132203
30781,153725
48362,153725
55967,56987
6762,45102
57777,153725
3214,4809
10111,58511
17639,146762
7721,153725
24429,29691
37721,55967
7721,401835
4809,63927
4837,57344
34927,212164
10099,10111
132203,200242
29140,55967
14630,24429
209294,212635
14907,209650
6939,38345
4809,18678
917,212793
58511,212793
12859,209650
4842,8359
45102,60924
24429,49544
3212,209650
23764,24429
4538,17639
4837,9304
4134,29075
13030,132203
4455,4809
4809,4812
3356,4837
7497,39120
917,24429
24429,47692
7195,142111
293,45102
680,4837
12779,132203
4621,24429
14907,133865
39351,153725
24429,133210
4651,24429
45102,212483
210937,211729
4134,4847
24516,133865
36236,139799
10111,17639
4837,15412
17557,24429
4809,140627
34854,199932
64289,132203
32590,205794
4837,9009
24429,29075
29632,132203
18041,211575
24429,57304
55967,210937
63631,132337
200242,200959
13058,55967
56665,212793
9304,24429
5580,55967
24429,38082
38195,134578
14537,133865
3223,140633
4809,23673
52025,213605
51185,202782
146762,199524
24115,45102
20485,55967
133865,134823
49434,209650
8888,55967
6939,205369
38855,213605
35360,55967
14907,212793
12859,212793
9498,142111
5511,24429
24429,55720
24482,134578
132203,198150
34549,153725
4809,262589
35280,139799
29049,132203
8220,45102
9002,24429
14907,24429
61292,132203
38855,150289
42541,45102
137409,146834
153725,199524
12859,24429
18106,24429
24429,61573
7713,146762
3212,24429
24429,212635
4837,28917
32590,210426
45629,132203
23764,45102
38001,133865
38008,134578
34428,132203
17676,45102
45102,48362
21320,45102
5405,153725
8888,151673
34549,213605
213151,213605
38008,146834
151673,204211
34872,212164
34177,132203
63956,142111
8888,199392
48646,210426
20764,132203
8359,24429
3223,142111
4837,45629
4809,45796
7720,205369
7473,45102
38880,209650
12713,132203
36236,45102
44324,210352
47692,132203
4538,4635
14537,24429
3257,4134
955,139317
12956,132203
56662,132203
210352,211575
6939,139317
17557,45102
18678,132203
835,132203
16637,45102
38195,140633
210352,212635
1239,4134
8888,204211
49434,212793
55967,212483
24482,140633
41051,205369
8758,153725
9304,45102
924,213605
8298,211575
58299,132203
8426,132203
4809,137409
24429,57695
12552,45102
3216,45102
41327,132203
63927,146834
49544,55967
6939,45102
4134,8529
41095,132203
18041,213605
24429,59105
151673,210937
4134,37468
3491,7497
17639,132203
924,150289
44324,211575
11039,45102
210426,213151
132203,134823
4809,18106
137409,211575
50869,207303
18041,150289
64049,146762
8888,211729
35280,45102
199310,207314
51184,209650
13786,132203
7721,207314
45489,55967
9002,45102
45102,59318
32590,199932
4809,32590
924,199310
132203,199938
18106,45102
25394,132203
8298,209294
40934,45102
4134,45899
38195,142111
34927,205794
45102,142271
132203,213241
37468,55967
7497,8359
6057,132203
21859,45102
25394,202782
4229,45102
24429,37468
14537,142111
44324,209294
204211,210937
45102,51184
24482,142111
2914,24429
140627,142111
7721,212483
4538,4637
6424,139799
62246,139317
1239,142111
4134,327983
1103,7497
199392,206499
12389,24429
24429,39120
33891,209650
24429,48919
57463,146762
39351,209650
12779,153725
174,45102
1273,4134
4837,146788
134578,140227
60144,213605
5713,45102
4808,4837
4764,24429
34854,202782
10111,36236
212793,216182
7552,45102
14840,132203
8298,153725
174,4538
20562,132203
33891,133865
50629,213605
10111,14907
210352,213605
34927,210426
16552,45102
39642,45102
29632,153725
210937,212164
1828,146762
4134,5511
4134,7497
24429,327983
7721,207303
45102,45896
24115,137753
35710,132203
45701,134578
1836,55967
51185,55967
25091,153725
212483,213605
2734,10111
4134,52075
4230,24429
8298,213605
4837,263152
10111,64049
31510,132203
132203,206356
132203,150369
4809,38082
4812,10100
24429,64289
8218,132203
52320,132203
34549,209650
4809,4847
8298,150289
4181,142111
44324,213605
25091,213605
210937,216299
200242,205369
137409,213605
20932,153725
4134,7552
30844,45102
207303,216182
24429,38880
39351,207303
25152,45102
132203,264479
44324,150289
4837,6453
5580,134578
15547,132203
39351,212793
24482,150289
3399,4837
3216,4837
2518,45102
24429,52075
48237,55967
6424,45102
5405,209650
4764,142111
7713,146834
5580,146834
55967,59318
38880,45102
34872,205794
153725,272403
44324,199310
34177,153725
4538,9808
32590,45102
38008,150289
4538,58453
132203,198385
3356,132203
45701,140633
139317,199518
47498,209294
45102,58717
34927,199932
22356,213605
56662,153725
150289,216182
4809,142111
1267,4134
1764,132203
45102,55818
7768,205794
3214,45102
60539,132203
64049,132203
2500,132203
24115,146762
58299,153725
41327,55967
60539,202782
4134,8359
4608,45102
132337,146762
24482,205794
34872,210426
6204,132203
45102,56665
17639,153725
8359,63631
174,4837
9002,137753
8966,24429
4764,4809
14537,63631
34927,205369
24429,205112
55720,63631
45701,142111
205794,216182
10111,17676
553,45102
17660,133865
10111,33891
25394,55967
211729,216182
58299,151673
23673,45102
37100,55967
5405,24429
21412,45102
57695,132203
49544,134578
924,207303
6453,55967
57463,132203
132203,212024
52025,216299
58299,199392
49544,146834
7768,210426
55967,264409
4621,146762
38855,216299
133865,137409
4134,34549
955,55967
559,55967
209650,210937
6939,55967
45102,213151
4809,37468
36236,146762
24429,61568
50629,209650
47147,153725
58299,200936
17557,146762
10111,45489
134578,138997
18041,24429
47498,150289
58299,204211
1140,132203
31027,55967
4809,39120
1828,132203
4134,24429
17290,210352
200242,202782
8283,24429
8298,209650
8758,24429
3491,45102
3216,146762
20562,55967
24429,34428
47498,199310
213151,216299
12198,213605
29632,209650
24429,34549
4538,14537
4837,12389
45102,209823
7195,45102
34872,199932
17660,24429
55967,58717
25091,209650
199932,200242
137409,209650
35710,55967
3491,4538
58299,211729
4842,19754
35280,146762
10111,17557
213605,215956
205794,213151
9002,146762
14907,146762
31510,153725
8966,45102
10111,57463
25160,153725
10111,14537
45102,58453
211729,213151
29691,45102
38008,209650
14537,38345
29075,132203
24429,48362
8218,153725
45102,205206
4766,45102
20932,209650
29049,209650
45102,63956
1239,38345
45102,151326
9009,24429
1103,45102
7768,199932
55967,56665
4826,45102
53062,139799
24429,29140
4777,45102
18041,216299
13030,24429
2516,45102
37282,45102
8529,10111
15547,153725
3462,24429
4809,38880
38008,133865
3462,4134
199310,216182
209022,212793
24482,199932
60602,213605
205794,209823
132203,137409
12779,24429
209650,212483
8298,207303
212483,212793
34288,132203
4842,394256
9498,45102
8298,212793
4134,9505
20473,199392
29632,212793
44324,207303
4134,20485
4134,45102
24429,35598
8298,24429
51087,213605
15958,55967
199524,213605
4809,36236
41666,132203
150289,207705
4641,7497
25091,212793
24115,132203
137409,212793
55967,213151
16552,146762
28716,45102
1828,10111
25220,55967
38082,45102
4134,51184
20473,200936
202782,213151
199392,210937
4181,4842
39120,153725
24429,34927
58453,146762
4134,9318
24482,139799
45102,50629
45430,132203
24429,39249
63927,133865
38001,146762
4134,4780
132203,132337
8220,132203
60326,153725
3223,45102
64049,153725
14630,132203
20932,212793
4134,12956
4809,64049
24429,45102
17639,209650
8298,212164
4538,15412
24429,142271
3303,55967
23764,132203
6204,153725
53667,211575
17676,132203
39120,213605
35625,55967
21320,132203
55967,209823
286,4134
10111,134823
20932,24429
132337,146834
45102,58952
25091,212164
9009,45102
4621,132203
24429,30781
17290,213605
207303,209022
3491,4837
2914,9929
17639,133865
132203,133210
4134,8218
36236,132203
8529,55967
4134,15802
24429,34177
8888,205794
6204,213605
38880,146762
4842,137409
45489,153725
3204,200959
55967,58453
17557,132203
37721,209650
8298,216299
209294,216182
3214,55967
20764,24429
32590,146762
31500,202782
55967,63956
55967,151326
4837,37468
44324,216299
4608,55967
9304,132203
57050,211575
25091,216299
4455,55967
835,24429
7768,45102
4837,6461
38195,45102
132203,271253
4842,32590
24429,45896
150289,209022
56665,132203
4766,4837
11039,132203
4842,6939
7497,9808
139317,151673
153725,216182
4842,132337
4837,10099
5511,132203
24482,45102
132203,138997
35280,132203
8426,24429
2516,4837
134823,140633
955,134578
21412,55967
1239,45102
151673,213151
9002,132203
14907,132203
8888,210426
47498,207303
12859,132203
955,146834
18106,132203
17639,24429
40934,132203
24429,264409
6939,146834
24429,58299
4842,49544
47498,212793
3212,132203
56662,212164
8966,137753
21859,132203
132203,212635
45102,50673
4229,132203
199518,210352
1239,4538
205369,209823
60171,132203
139317,204211
7713,209650
4134,4837
4134,8220
35280,146834
10111,150369
13237,24429
1299,24429
45102,57344
8218,209650
60602,209650
4134,55818
8359,132203
23673,146762
205794,209022
58299,212164
24429,213241
10111,24516
24429,35360
24429,35710
55818,132203
174,132203
204211,213151
200242,200936
4775,45102
9930,146762
3491,55967
4621,10111
5713,132203
55720,132203
4134,23764
200242,204211
45896,146762
4651,10111
7713,133865
53667,150289
835,216299
4134,4637
7721,205369
50629,200959
4837,7497
18678,142111
55967,58952
51185,213605
10111,21859
24429,58717
10111,38195
57050,153725
4635,7497
139317,211729
6461,45102
205794,206499
39642,132203
58299,216299
24429,55818
139317,204508
8455,55967
4181,45102
34927,55967
8298,200959
2734,142111
15412,45102
24429,198249
49434,132203
209294,209823
4134,327782
153725,213151
38001,132203
200242,211729
57050,213605
39351,205369
7470,45102
8888,199932
24482,200959
6939,211575
25091,200959
210352,216182
39120,209650
45102,61292
45796,55967
10111,63927
48919,132203
4134,9498
8218,212793
24429,31027
204211,207529
9002,10111
8966,146762
151673,200242
6057,142111
7713,24429
24429,327782
153725,209823
7721,199518
6204,209650
17433,153725
9498,55967
4538,140627
2914,132203
2518,132203
8218,24429
6424,132203
49544,209650
45102,51185
60602,139799
1299,45102
38880,132203
6939,209294
4809,7195
62246,210352
12198,139317
4826,146762
4777,146762
211509,211575
4837,5405
4134,209823
3257,4837
7720,211575
24429,38195
211575,213605
17433,213605
2734,4809
45489,209650
36236,153725
1239,4837
4538,23673
10111,140627
1031,139799
29140,45102
4842,35280
199310,209022
4641,45102
4134,9808
37468,209650
17433,150289
3223,55967
4635,4842
4134,58453
209650,216182
4134,9929
45102,57777
10111,45352
3356,24429
32590,146834
205112,209650
3356,4134
36236,213605
40271,45102
24429,38008
57463,133865
1140,209650
4837,61568
680,24429
6939,153725
47957,55967
17433,199310
4538,6453
51184,132203
45102,199524
137409,137753
56665,153725
7497,132337
4837,6762
39120,139799
4780,24429
4775,4837
59105,146762
20473,209294
4837,17621
6204,212793
150000,205369
58952,146762
2500,24429
35280,153725
24429,38855
49544,212793
200936,212635
9002,153725
6939,213605
38008,137753
1828,133865
41051,209294
286,137753
24429,205206
6204,24429
23673,132203
24961,55967
5580,45102
24429,63956
24516,55967
24429,151326
51087,216299
7721,215172
49544,139799
3741,24429
6939,150289
34854,213605
20485,45102
9930,132203
3741,4134
213605,216182
45489,212793
7575,142111
4837,40065
45102,63927
7720,153725
6424,10111
58299,205794
10111,45796
60326,212164
209823,213605
4637,63631
4837,17676
4837,33891
4134,50629
37468,212793
204508,213605
52025,132203
35598,55967
14537,55967
209650,213151
205112,212793
15802,45102
63927,137753
1140,212793
4538,18106
7720,213605
4134,41327
57050,209650
17639,63631
10111,52025
205206,209650
10111,137409
38195,146762
1140,24429
4809,58717
4538,32590
7720,150289
1299,4837
45102,140627
1828,4134
55967,206356
4809,4837
24429,50629
55967,150369
4538,6939
10111,18106
24482,146762
140627,146762
7721,20473
62246,213605
24429,140227
209650,209823
137409,146762
4134,57463
58299,210426
34019,45102
139317,212635
24429,25220
55967,57777
8966,132203
6762,24429
50673,132203
24429,41327
4809,23764
10111,32590
29691,132203
4538,49544
199392,216182
45352,146762
51185,212793
4766,132203
24429,58952
24429,30844
38008,146762
55967,199524
9318,45102
1103,132203
48919,153725
42541,209650
5405,132203
174,204211
4826,132203
24115,133865
30844,153725
204211,215172
1836,24429
4777,132203
2516,132203
3356,4809
51185,139799
45102,262589
132203,212483
