asn,CAIDA ASRank,APNIC eyeball estimates (CN),IHR country ranking: Total eyeball (CN),IHR country ranking: Total AS (CN),CrUX top 1M (CN)
24490,60,,,,
4134,129,1,3,1,
4837,229,3,4,2,
9808,294,2,1,6,
4808,602,5,8,17,
4847,604,22,,13,
10111,712,,,27,
4809,723,66,,,
4812,776,4,6,26,
56048,813,9,15,,
24400,887,8,14,,
17621,903,19,,,
146788,1010,,,,
24489,1018,,,,
56040,1306,13,19,20,
23724,1760,48,,,
4811,2118,63,,23,
4538,2239,29,,15,
9394,2241,,,,
9929,2370,98,,,
24429,2395,,,,
58466,2527,,,,
56046,2528,6,10,,
24138,2532,,,,
38283,2731,76,,24,
23650,3256,,,,
58879,3359,,,,
58461,3613,28,,,
7497,3630,84,,,
134774,3662,47,,,
134578,3841,,,,
56041,4083,7,13,,
24444,4084,10,16,,
136958,4085,53,,,
17623,4098,26,,,
153726,4439,,,,
134760,4705,65,,,
58542,4706,89,,,
132203,4717,,,,
138421,4721,,,,
138950,4722,,,,
17622,4734,27,,,
139080,4740,39,,,
134773,4751,,,,
58563,4783,41,,,
140726,4793,38,,,
139721,5476,,,,
24348,5712,,,,
4816,5731,99,,,
135061,5736,70,,,
136195,5737,91,,,
131574,5738,,,,
134542,5755,,,,
38019,5769,18,,,
58540,5838,62,,,
24151,6374,,,,
42962,6845,,,,
23911,7274,,,,
140895,7307,,,,
151640,7522,,,,
4842,7525,,,21,
138371,7534,,,,
134420,7554,85,,,
134756,7555,79,,,
45102,7559,,,,
17816,7565,20,,,
9812,7578,,,,
138407,7589,94,,,
139203,7590,49,,,
24413,7601,,,,
56044,7604,12,18,,
56047,7608,16,22,,
24547,7611,14,20,,
17638,7617,33,,,
140061,7627,64,,,
132525,7628,17,,,
23771,7630,,,,
137691,7640,,,,
134761,7645,,,,
10206,7646,,,,
141679,7649,,,,
17969,7651,,,,
134810,7667,25,,,
17799,7681,,,,
133774,7693,57,,,
136198,7750,,,,
137794,7755,,,,
58541,7805,87,,,
139018,7828,,,,
9814,7830,,,,
23841,7843,,,,
148981,7847,,,,
133776,7983,71,,,
10212,7994,,,,
141425,8037,,,,
133033,8120,,,,
140317,8256,,,,
55996,8512,,,,
146762,8729,,,,
9384,9355,,,,
134417,9389,,,,
140330,9513,,,,
136173,9716,,,,
151058,10093,,,,
139743,11845,,,,
152186,12121,,,,
24369,12255,,,,
24361,12255,,,,
153911,12374,,,,
37963,12382,56,,,
45090,12385,32,,,
24445,12407,11,17,,
55990,12420,,,,
140292,12434,21,,,
17429,12439,,,,
56045,12442,15,21,,
58593,12459,,,,
17962,12465,31,,,
56042,12482,23,,,
136199,12483,30,,,
58519,12487,72,,,
24139,12492,102,,,
38365,12502,,,,
55960,12507,34,,,
17968,12513,,,,
17964,12541,,,,
135629,12545,,,,
140308,12561,44,,,
137718,12590,93,,,
9308,12641,,,,
4835,12642,,,,
7641,12679,,,,
18118,12715,,,,
134762,12726,46,,,
134768,12735,36,,,
45062,12745,,,,
9389,12756,,,,
17897,12775,82,,,
63835,12784,100,,,
136200,12801,,,,
133119,12821,,,,
131285,12948,55,,,
58834,12999,,,,
23844,13007,,,,
136190,13012,37,,,
139007,13024,,,,
137266,13037,24,,,
135089,13037,,,,
134419,13046,83,,,
38341,13051,,,,
141739,13053,45,,,
136188,13058,40,,,
140647,13077,67,,,
131486,13085,,,,
140485,13091,52,,,
137702,13099,,,,
140527,13100,,,,
9306,13104,,,,
137694,13124,,,,
9811,13131,,,,
59019,13145,,,,
133775,13164,,,,
140553,13176,77,,,
134238,13176,,,,
137697,13201,43,,,
151185,13207,,,,
55992,13210,,,,
56019,13259,,,,
63646,13307,,,,
134771,13334,90,,,
24143,13399,,,,
59037,13399,,,,
133118,13455,,,,
56005,13543,,,,
137688,13626,80,,,
59078,13777,,,,
18239,13834,,,,
45083,13914,,,,
45075,13914,,,,
146838,14153,,,,
17789,14153,,,,
58851,14153,,,,
45113,14153,,,,
137539,14153,,,,
37937,14153,,,,
24137,14153,,,,
137687,14417,,,,
137695,14441,,,,
140345,14444,58,,,
141771,14463,,,,
132510,14474,,,,
9939,14497,,,,
140979,14506,,,,
138169,14521,54,,,
45061,14525,,,,
140293,14535,51,,,
63838,14555,69,,,
140319,14565,95,,,
141998,14598,59,,,
137693,14619,,,,
146817,14624,,,,
134543,14629,61,,,
134765,14671,35,,,
58539,14685,,,,
137698,14702,,,,
137689,14731,88,,,
140311,14743,68,,,
136197,14766,,,,
17775,14771,,,,
134766,14778,,,,
38027,14822,,,,
140716,14881,,,,
58543,14881,,,,
45058,14915,,,,
63648,14946,,,,
151823,14986,,,,
55967,15060,,,,
139201,15064,,,,
56282,15164,,,,
140105,15232,96,,,
133111,15236,,,,
63647,15256,,,,
134764,15289,,,,
136959,15356,103,,,
146966,15356,,,,
140309,15431,42,,,
139220,15451,,,,
23853,15482,,,,
37965,15530,,,,
132225,15552,,,,
45106,15552,,,,
24423,15557,,,,
132147,15570,,,,
58772,15613,,,,
140717,15721,,,,
59016,15721,,,,
131562,15750,,,,
138982,15756,,,,
131325,15756,,,,
137690,15805,,,,
139587,15835,,,,
136191,15876,,,,
137699,15986,,,,
134772,16028,,,,
134763,16028,60,,,
18242,16155,,,,
24422,16155,,,,
149178,16155,,,,
59077,16155,,,,
23842,16155,,,,
63590,16306,,,,
23848,16362,,,,
24430,16462,,,,
136192,16480,,,,
9807,16480,,,,
140083,16577,,,,
45110,16611,,,,
134425,16642,104,,,
149837,16642,,,,
134770,16683,,,,
9809,16706,,,,
59083,16822,,,,
17428,16929,,,,
140636,16984,97,,,
38381,17070,,,,
38364,17151,,,,
140638,17200,101,,,
55461,17250,,,,
63581,17325,,,,
140707,17345,,,,
140320,17425,78,,,
137692,17425,74,,,
45079,17457,,,,
134769,17490,73,,,
59223,17490,,,,
63718,17666,,,,
152120,17705,,,,
55994,17705,,,,
63631,17770,,,,
131516,17801,86,,,
55991,17831,,,,
137735,17878,,,,
139154,17910,,,,
24424,17910,,,,
152920,17939,,,,
17633,18057,,,,
150145,18057,75,,,
133865,18108,,,,
17739,18313,,,,
45064,18491,,,,
23662,18491,,,,
23611,18491,,,,
131536,18491,,,,
148969,18491,,,,
142404,18491,,,,
139180,18491,,,,
63539,18876,,,,
63701,18921,,,,
138538,18921,,,,
132153,18956,,,,
63540,18956,,,,
139462,19100,,,,
139887,19199,92,,,
140886,19297,,,,
147038,19403,,,,
38345,19541,,,,
18257,19646,,,,
132536,19792,,,,
146834,19836,,,,
38378,19882,,,,
138991,19919,,,,
45086,20061,,,,
59011,20061,,,,
136194,20061,,,,
134767,20061,,,,
24427,20241,,,,
9810,20318,,,,
131565,20428,,,,
142608,20677,,,,
4611,20677,,,,
59045,20755,,,,
146842,20848,,,,
59067,20926,,,,
63531,21078,,,,
151397,21483,,,,
56012,21504,,,,
56013,21529,,,,
38358,21593,,,,
59029,21593,,,,
17781,21593,,,,
59009,21593,,,,
24147,21736,,,,
139099,21736,,,,
140903,22174,,,,
151263,22174,,,,
37970,22174,,,,
38367,22174,,,,
4859,22174,,,,
132833,22174,,,,
7640,22174,,,,
134421,22174,,,,
141006,22174,,,,
37942,22786,,,,
37969,23046,,,,
63555,23119,,,,
133952,23568,,,,
139148,23801,,,,
59043,23963,,,,
45101,23963,,,,
63695,24197,,,,
55468,24584,,,,
63708,24727,,,,
63621,24727,,,,
152711,25023,,,,
18241,25121,,,,
4813,25294,,,,
38379,25633,,,,
58852,25728,,,,
135054,25904,,,,
138570,25904,,,,
131522,25904,,,,
38375,26589,,,,
63561,26714,,,,
136189,27027,,,,
38380,27027,,,,
23852,27027,,,,
63570,27027,,,,
63633,27816,,,,
63719,27816,,,,
137788,27816,,,,
58854,27816,,,,
151295,27816,,,,
59084,27816,,,,
45074,27816,,,,
132437,27816,,,,
139172,27816,,,,
38255,27816,,,,
63607,27816,,,,
63620,27816,,,,
58866,29054,,,,
137798,29173,,,,
63689,29173,,,,
131506,29395,,,,
146841,29395,,,,
24404,29395,,,,
138949,29395,,,,
140318,29395,81,,,
205418,29395,,,,
137753,29723,,,,
56006,29803,,,,
58536,29826,,,,
131495,29984,,,,
63548,30198,,,,
63593,30198,,,,
59048,30198,,,,
63603,30198,,,,
135363,30198,,,,
151270,30631,,,,
9803,30631,,,,
59064,30631,,,,
131539,30631,,,,
140484,30631,,,,
136180,31294,,,,
63959,31474,,,,
58811,31474,,,,
212371,31731,,,,
139769,31731,,,,
141025,32281,,,,
37936,32281,,,,
58518,32281,,,,
149979,32281,,,,
136237,34057,,,,
139138,34059,,,,
133219,34290,,,,
212237,34295,,,,
55966,34295,,,,
138545,35029,,,,
131578,35029,,,,
137801,35029,,,,
58862,36223,,,,
56011,36223,,,,
55982,36223,,,,
55971,36223,,,,
59012,36223,,,,
58448,36223,,,,
9405,36223,,,,
137806,36223,,,,
45071,36223,,,,
59074,36223,,,,
56000,36223,,,,
137787,36223,,,,
63629,36223,,,,
137745,36223,,,,
59049,36223,,,,
56002,36223,,,,
63617,36223,,,,
63634,36223,,,,
151300,39683,,,,
55786,39683,,,,
139177,39683,,,,
59089,39683,,,,
63614,39683,,,,
56003,39683,,,,
137715,39683,,,,
146835,39683,,,,
132019,39683,,,,
55973,39683,,,,
140329,39683,,,,
139128,39683,,,,
45057,39683,,,,
131519,39683,,,,
138029,39683,,,,
131497,39683,,,,
59057,39683,,,,
17490,39683,,,,
136955,39683,,,,
131567,39683,,,,
151296,39683,,,,
146809,39683,,,,
63704,39683,,,,
137782,39683,,,,
142111,44489,,,,
24409,44582,,,,
58850,44669,,,,
63641,44669,,,,
38057,44930,,,,
137746,44930,,,,
24141,45422,,,,
139110,45422,,,,
59073,45422,,,,
210634,46606,,,,
137571,46606,,,,
58517,46606,,,,
24376,46606,,,,
131524,46606,,,,
136766,46606,,,,
139726,46606,,,,
137764,46606,,,,
135426,48000,,,,
140633,48067,,,,
24406,48145,,,,
135432,48405,,,,
146782,48776,,,,
55956,48776,,,,
9818,48776,,,,
38834,49862,,,,
146814,49862,,,,
38564,49862,,,,
146812,49862,,,,
24149,49862,,,,
131558,49862,,,,
133475,49862,,,,
59068,49862,,,,
153725,49862,,,,
137785,49862,,,,
63580,49862,,,,
139139,49862,,,,
151302,49862,,,,
146806,49862,,,,
9805,49862,,,,
150166,49862,,,,
140486,54093,50,,,
142433,54093,,,,
24357,54093,,,,
134413,54093,,,,
146758,54093,,,,
205610,54093,,,,
146802,54093,,,,
137710,54093,,,,
23840,54093,,,,
146746,54093,,,,
154010,54093,,,,
139090,54093,,,,
63654,54093,,,,
136146,54093,,,,
139179,54093,,,,
137759,54093,,,,
139182,54093,,,,
139118,54093,,,,
139141,54093,,,,
214439,54093,,,,
63583,54093,,,,
137719,54093,,,,
136769,54093,,,,
150374,54093,,,,
135040,54093,,,,
151277,54093,,,,
139266,54093,,,,
146810,54093,,,,
151313,54093,,,,
9401,54093,,,,
142611,54093,,,,
151311,54093,,,,
63696,54093,,,,
213404,54093,,,,
137755,54093,,,,
24349,59014,,,,
209650,59078,,,,
139799,59201,,,,
139888,59473,,,,
213625,59627,,,,
199310,59627,,,,
137758,59627,,,,
209294,59627,,,,
205651,59812,,,,
7721,59812,,,,
209306,59812,,,,
44421,59812,,,,
214575,59812,,,,
210041,60658,,,,
199392,60658,,,,
63829,60658,,,,
139136,60658,,,,
7653,60658,,,,
205027,60658,,,,
209218,60658,,,,
139178,60658,,,,
146822,60658,,,,
151464,60658,,,,
7609,60658,,,,
63697,67211,,,,
211265,67211,,,,
24415,67211,,,,
63538,67211,,,,
139073,67211,,,,
146771,67211,,,,
9392,67211,,,,
151284,67211,,,,
59034,67211,,,,
131541,67211,,,,
134169,67211,,,,
153633,67211,,,,
199406,67211,,,,
139767,67211,,,,
58777,67211,,,,
38340,67211,,,,
45073,67211,,,,
213605,67211,,,,
133846,67211,,,,
18245,67211,,,,
24302,67211,,,,
133194,67211,,,,
215786,67211,,,,
149793,67211,,,,
63727,67211,,,,
23851,67211,,,,
138457,67211,,,,
133555,67211,,,,
50922,67211,,,,
214899,67211,,,,
10981,67211,,,,
203236,67211,,,,
139183,67211,,,,
17442,67211,,,,
63722,67211,,,,
147008,67211,,,,
135006,67211,,,,
212164,67211,,,,
51928,67211,,,,
146813,67211,,,,
209574,67211,,,,
58571,67211,,,,
132591,67211,,,,
211051,67211,,,,
139189,67211,,,,
137264,67211,,,,
24355,67211,,,,
141776,67211,,,,
24362,67211,,,,
24150,67211,,,,
63571,67211,,,,
146792,67211,,,,
135671,67211,,,,
137795,67211,,,,
205152,67211,,,,
150184,67211,,,,
153376,67211,,,,
139122,67211,,,,
207901,67211,,,,
17776,67211,,,,
7586,78082,,,,
137784,78112,,,,
133465,78112,,,,
211843,78112,,,,
24350,78166,,,,
149304,78166,,,,
24371,78166,,,,
63582,78166,,,,
139137,78166,,,,
9802,78166,,,,
149511,78166,,,,
63655,78166,,,,
24353,78166,,,,
138369,78166,,,,
63567,78166,,,,
138378,78166,,,,
131490,78166,,,,
24352,78166,,,,
24372,78166,,,,
24364,78166,,,,
24370,78166,,,,
210352,78166,,,,
149475,78166,,,,
59025,78166,,,,
