country_code,as_count,prefix_count,ixp_count,facility_count
AD,9,4612,0,0
AE,199,5291,2,7
AF,76,9550,1,0
AG,22,428,0,0
AI,8,2160,0,0
AL,136,3670,1,5
AM,148,1074,1,6
AO,80,1007,2,8
AP,2,46,0,0
AR,1336,30342,4,60
AS,3,89,0,0
AT,790,6920,6,51
AU,3091,73008,34,133
AW,5,632,0,0
AX,4,2338,0,0
AZ,113,1072,0,7
BA,60,802,1,1
BB,12,580,0,0
BD,1987,14739,8,22
BE,403,12499,2,33
BF,33,730,2,3
BG,758,9011,7,25
BH,27,5628,1,5
BI,9,137,1,0
BJ,21,246,1,1
BL,4,5,1,1
BM,25,2798,0,0
BN,11,883,1,3
BO,67,1484,2,2
BQ,6,40,1,1
BR,9226,120978,52,247
BS,15,868,0,1
BT,42,162,1,1
BW,39,857,0,0
BY,118,1366,1,2
BZ,39,669,0,0
CA,2526,46142,24,132
CD,60,2475,4,4
CF,4,24,0,0
CG,15,120,2,2
CH,1079,6889,14,56
CI,30,1635,1,2
CK,2,20,0,0
CL,440,8844,9,31
CM,33,578,3,7
CN,6660,109409,19,30
CO,554,13816,7,19
CR,126,5287,2,2
CU,7,71,0,0
CV,11,63,1,1
CW,40,346,1,2
CY,190,4996,2,1
CZ,725,4195,4,27
DE,3272,38558,53,274
DJ,5,73,1,1
DK,479,2467,8,28
DM,9,369,1,0
DO,221,3452,3,4
DZ,14,1151,0,0
EC,269,8041,8,8
EE,254,3083,4,7
EG,93,12112,3,6
ER,1,19,0,0
ES,1191,19914,14,53
ET,10,520,1,2
EU,405,1234,0,0
FI,398,5374,14,33
FJ,22,206,1,0
FK,2,9,0,0
FM,6,21,0,0
FO,7,30,0,0
FR,2238,16039,24,175
GA,13,218,1,3
GB,3330,35818,22,196
GD,12,126,1,0
GE,170,1046,1,4
GF,14,300,1,1
GG,12,160,0,0
GH,119,1092,3,6
GI,26,130,0,0
GL,1,28,0,0
GM,12,126,1,1
GN,19,85,1,1
GP,14,104,0,1
GQ,8,34,0,1
GR,262,2894,8,10
GS,1,1,0,0
GT,101,1699,2,3
GU,12,190,4,6
GW,2,12,0,0
GY,7,134,0,0
HK,1468,41366,16,48
HN,121,1280,2,0
HR,182,1084,1,7
HT,13,263,1,0
HU,304,1857,1,5
ID,3859,29775,70,162
IE,315,5356,6,21
IL,385,6455,3,18
IM,30,383,0,0
IN,6204,74227,38,199
IO,1,12,0,0
IQ,222,2754,2,1
IR,867,9194,1,1
IS,94,497,3,12
IT,1322,10767,21,88
JE,12,106,0,0
JM,16,430,1,0
JO,57,2174,1,4
JP,1339,13603,26,74
KE,253,3825,6,14
KG,69,544,3,2
KH,150,2942,3,7
KI,5,15,0,0
KM,3,25,0,0
KN,11,37,1,0
KP,1,4,0,0
KR,1192,34122,7,37
KW,85,2539,1,2
KY,20,296,0,0
KZ,247,5878,14,6
LA,42,389,0,1
LB,172,1541,3,1
LC,7,140,0,0
LI,29,76,2,2
LK,32,803,1,0
LR,18,107,0,0
LS,11,79,0,0
LT,224,5451,4,8
LU,146,4354,1,13
LV,328,2780,4,6
LY,33,677,0,0
MA,38,2439,2,3
MC,4,26,0,0
MD,212,1077,2,2
ME,33,151,1,0
MF,9,58,2,1
MG,11,409,1,0
MH,11,97,0,0
MK,68,512,1,5
ML,11,180,1,1
MM,170,1357,3,5
MN,74,562,2,0
MO,22,668,0,1
MP,2,120,0,2
MQ,9,193,1,1
MR,10,127,0,0
MS,1,1,0,0
MT,57,645,0,0
MU,52,1003,1,3
MV,20,288,1,1
MW,36,433,2,0
MX,764,36797,8,39
MY,408,4966,7,28
MZ,33,907,1,3
NA,22,269,1,1
NC,20,75,1,1
NE,9,118,0,0
NF,2,2,0,0
NG,286,3743,6,13
NI,34,435,0,0
NL,1665,23774,34,136
NO,415,2341,11,35
NP,212,1473,2,4
NR,5,14,0,0
NU,2,10,0,0
NZ,735,3717,10,78
OM,26,2063,2,5
PA,156,6535,2,6
PE,246,14356,13,12
PF,6,267,0,0
PG,41,264,3,0
PH,656,7777,13,19
PK,454,8470,1,9
PL,2488,9014,17,65
PM,2,41,0,0
PR,126,2343,2,9
PS,71,1317,2,3
PT,168,1137,6,11
PW,4,14,0,0
PY,114,1395,3,8
QA,28,1222,2,5
RE,7,106,1,0
RO,1131,11528,6,32
RS,201,1508,1,9
RU,5855,52185,40,80
RW,30,541,1,1
SA,203,15280,5,19
SB,11,54,0,0
SC,112,3388,0,0
SD,13,520,1,1
SE,889,6864,22,50
SG,791,16884,11,38
SI,306,2127,1,10
SK,234,1498,4,5
SL,22,92,0,2
SM,13,118,0,0
SN,22,339,1,1
SO,24,190,0,1
SR,7,493,1,0
SS,23,97,0,0
ST,2,32,0,0
SV,60,1171,0,0
SX,4,71,1,1
SY,11,527,0,0
SZ,13,114,0,0
TC,2,68,0,0
TD,18,71,1,0
TG,11,135,1,1
TH,619,18076,12,31
TJ,41,341,1,1
TK,3,15,0,0
TL,20,128,0,0
TM,8,29,0,0
TN,29,3391,1,0
TO,5,29,0,0
TR,1100,25930,5,39
TT,18,517,2,4
TV,3,7,0,0
TW,474,12752,8,15
TZ,120,1155,7,15
UA,2053,12459,24,49
UG,65,747,1,2
US,32447,376817,198,1114
UY,51,1126,0,1
UZ,125,686,1,2
VA,4,10,0,0
VC,5,50,1,0
VE,270,4165,4,5
VG,56,776,1,0
VI,13,164,0,0
VN,1045,29987,3,10
VU,14,340,1,1
WF,1,14,0,0
WS,11,69,0,0
YE,6,158,0,0
YT,3,33,0,0
ZA,854,15472,11,24
ZM,24,263,1,2
ZW,35,452,1,0
ZZ,5767,8311,0,0
