asn,category,tags
131073,ISP,Internet Service Provider (ISP)|Computer and Information Technology|
131077,Unknown,
131078,Unknown,
131079,Unknown,
131080,Unknown,
131081,Unknown,
131082,Unknown,
131083,Unknown,
131084,Unknown,
131085,Unknown,
131086,Unknown,
131106,Other,"Media, Publishing, and Broadcasting|"
131152,Unknown,
131153,Unknown,
131154,Unknown,
131155,Unknown,
131156,Unknown,
131157,Unknown,
131158,Unknown,
131159,Unknown,
131160,Eyeball,Eyeball|
131161,Unknown,
139345,ISP,Hosting and Cloud Provider|Internet Service Provider (ISP)|Computer and Information Technology|
139358,ISP,Computer and Information Technology|Internet Service Provider (ISP)|
16509,Content/CDN,"Content|Service|Retail Stores, Wholesale, and E-commerce Sites|Computer and Information Technology"
213164,Other,"Travel and Accommodation|Hotels, Motels, Inns, Other Traveler Accommodation|"
173,Other,Validating RPKI ROV|Computer and Information Technology|
139468,ISP,Internet Service Provider (ISP)|Computer and Information Technology|
139470,ISP,"Finance and Insurance|Investment, Portfolio Management, Pensions and Funds|Internet Service Provider (ISP)|Computer and Information Technology"
139472,ISP,"Service|Law, Business, and Consulting Services|Internet Service Provider (ISP)|Media, Publishing, and Broadcasting"
45674,Unknown,
45675,Unknown,
45677,Unknown,
45679,Other,Personal ASN|
45685,Unknown,
213471,Other,Personal ASN|
45686,Unknown,
45687,Unknown,
49671,Other,"Food, Grocery, Beverages|Retail Stores, Wholesale, and E-commerce Sites|"
213604,Other,Personal ASN|
24567,Other,Computer and Information Technology|Software Development|
9009,ISP,Carrier|Computer and Information Technology|Internet Service Provider (ISP)|Validating RPKI ROV
131893,Other,Validating RPKI ROV|
131894,Unknown,
131895,Academic/Edu,Academic|
131896,Unknown,
131897,Academic/Edu,Academic|
131898,Unknown,
131899,Unknown,
131900,Unknown,
131901,Unknown,
131902,Unknown,
131903,Unknown,
131904,ISP,Internet Service Provider (ISP)|Computer and Information Technology|
131905,Other,Internet Critical Infra|
131906,Unknown,
131907,Unknown,
131908,Unknown,
131909,Unknown,
131910,Unknown,
131911,Other,Not Validating RPKI ROV|
131912,Unknown,
131913,Other,Not Validating RPKI ROV|
131914,Unknown,
131915,Eyeball,Eyeball|
131916,Eyeball,Eyeball|Validating RPKI ROV|
131917,Unknown,
131918,Eyeball,Eyeball|Validating RPKI ROV|
131919,Other,Validating RPKI ROV|
131920,Other,Not Validating RPKI ROV|
131921,Other,Validating RPKI ROV|
131922,Unknown,
131923,Eyeball,Eyeball|
131924,Unknown,
131925,Other,Not Validating RPKI ROV|
131926,Eyeball,Eyeball|Not Validating RPKI ROV|
131927,Unknown,
131928,Eyeball,Eyeball|Not Validating RPKI ROV|
131929,Other,Validating RPKI ROV|
131930,Other,Tranco 10k Host|
131931,Other,Not Validating RPKI ROV|
131932,Unknown,
131933,Other,Not Validating RPKI ROV|
131934,Eyeball,Eyeball|Not Validating RPKI ROV|
131935,Unknown,
131936,Unknown,
131937,Other,Validating RPKI ROV|
131938,Unknown,
131939,Other,Not Validating RPKI ROV|
131940,Unknown,
131941,Unknown,
131942,Other,Tranco 10k Host|
131943,Other,Not Validating RPKI ROV|
131944,Other,Validating RPKI ROV|
131945,Unknown,
131946,Other,Not Validating RPKI ROV|
131947,Unknown,
131948,Unknown,
131949,Unknown,
131950,Unknown,
131951,Unknown,
131952,Unknown,
131953,Unknown,
131954,Unknown,
131955,Unknown,
131956,Unknown,
131957,Unknown,
131958,ISP,Eyeball|Home ISP|
131959,Unknown,
131960,Unknown,
131961,Unknown,
131962,Unknown,
131963,Unknown,
131964,Unknown,
131965,Content/CDN,Tranco 10k Host|Server Hosting|ToR Services|
131966,Unknown,
131967,Unknown,
131968,Unknown,
131969,Unknown,
131970,Unknown,
131971,Eyeball,Eyeball|
131972,Unknown,
131973,Unknown,
131974,Unknown,
131975,Unknown,
131976,Unknown,
131977,Unknown,
131978,Unknown,
131979,Unknown,
131980,Unknown,
131981,Unknown,
131982,Unknown,
131983,Other,Not Validating RPKI ROV|
131984,Unknown,
131985,Unknown,
131986,Unknown,
131987,Unknown,
131988,Other,Validating RPKI ROV|
131989,Unknown,
131990,Unknown,
131991,Unknown,
131992,Unknown,
945,ISP,Eyeball|Computer and Information Technology|Internet Service Provider (ISP)|Server Hosting
132024,Other,Computer and Information Technology|Software Development|
140232,ISP,"Computer and Information Technology|Internet Service Provider (ISP)|Service|Law, Business, and Consulting Services"
140233,ISP,"Law, Business, and Consulting Services|Computer and Information Technology|Service|Internet Service Provider (ISP)"
140234,ISP,"Computer and Information Technology|Service|Law, Business, and Consulting Services|Internet Service Provider (ISP)"
140235,ISP,"Computer and Information Technology|Law, Business, and Consulting Services|Service|Internet Service Provider (ISP)"
140236,ISP,"Computer and Information Technology|Service|Law, Business, and Consulting Services|Internet Service Provider (ISP)"
140237,ISP,"Law, Business, and Consulting Services|Internet Service Provider (ISP)|Computer and Information Technology|Service"
58325,Other,"Validating RPKI ROV|Service|Media, Publishing, and Broadcasting|"
9222,ISP,"Media, Publishing, and Broadcasting|Internet Service Provider (ISP)|Computer and Information Technology|"
140306,ISP,"Service|Computer and Information Technology|Internet Service Provider (ISP)|Buildings, Repair, Maintenance (Pest Control, Landscaping, Cleaning, Locksmiths, Car Washes, etc)"
132119,Other,"Finance and Insurance|Service|Banks, Credit Card Companies, Mortgage Providers|"
132120,ISP,"Online Informational Content|Software Development|Internet Service Provider (ISP)|Media, Publishing, and Broadcasting"
18130,Unknown,
18131,Unknown,
18132,Unknown,
17503,Unknown,
17504,Unknown,
17505,Unknown,
17506,ISP,Eyeball|Not Validating RPKI ROV|Business Broadband|Tranco 10k Host
17507,Unknown,
17508,Unknown,
17509,Unknown,
17510,Unknown,
17511,ISP,Eyeball|Not Validating RPKI ROV|Business Broadband|Mobile Data/Carrier
17512,Unknown,
17513,Unknown,
17514,Other,Not Validating RPKI ROV|
17515,Unknown,
17516,Unknown,
17517,Unknown,
17518,Other,Not Validating RPKI ROV|
17519,Unknown,
17520,Unknown,
17521,Unknown,
17522,Unknown,
17523,Other,Not Validating RPKI ROV|
17524,Unknown,
17525,Unknown,
17526,Unknown,
17527,Unknown,
17528,Unknown,
17529,Eyeball,Eyeball|Not Validating RPKI ROV|
17530,Eyeball,Eyeball|Not Validating RPKI ROV|
17531,Unknown,
17532,Unknown,
17533,Unknown,
17534,ISP,Eyeball|Not Validating RPKI ROV|Home ISP|
18138,Unknown,
18139,Unknown,
18140,Unknown,
9349,Unknown,
9350,Unknown,
9351,ISP,Eyeball|Not Validating RPKI ROV|Home ISP|
9352,Unknown,
9353,Other,Validating RPKI ROV|
9354,ISP,Eyeball|Not Validating RPKI ROV|Home ISP|
9355,Other,Validating RPKI ROV|
18141,Other,Not Validating RPKI ROV|
9357,Other,Not Validating RPKI ROV|
9358,Unknown,
18142,Unknown,
9356,Unknown,
9359,Unknown,
18143,Unknown,
9363,Unknown,
9360,Unknown,
9365,ISP,Eyeball|Not Validating RPKI ROV|Home ISP|
9366,Other,Validating RPKI ROV|
9367,Other,Validating RPKI ROV|
18144,ISP,Eyeball|Not Validating RPKI ROV|Home ISP|
9361,Unknown,
9370,Content/CDN,Content|Not Validating RPKI ROV|Server Hosting|ToR Services
9371,Eyeball,Eyeball|Not Validating RPKI ROV|Server Hosting|ToR Services
9372,Unknown,
18145,Unknown,
9374,Other,Not Validating RPKI ROV|
9368,Unknown,
9376,Unknown,
9369,Unknown,
9378,Eyeball,Eyeball|Not Validating RPKI ROV|
18146,Unknown,
9380,Unknown,
9373,Unknown,
9375,Unknown,
58535,Other,"Finance and Insurance|Investment, Portfolio Management, Pensions and Funds|"
9384,Other,Machinery|Manufacturing|
18147,Unknown,
9377,Unknown,
9379,Unknown,
18149,Other,Internet Critical Infra|Not Validating RPKI ROV|
18150,Eyeball,Eyeball|Not Validating RPKI ROV|
18151,Unknown,
18152,Unknown,
9409,ISP,Content|Computer and Information Technology|Internet Service Provider (ISP)|Validating RPKI ROV
1233,Enterprise,"Law, Business, and Consulting Services|Computer and Information Technology|Service|"
140501,ISP,"Finance and Insurance|Internet Service Provider (ISP)|Retail Stores, Wholesale, and E-commerce Sites|Buildings, Repair, Maintenance (Pest Control, Landscaping, Cleaning, Locksmiths, Car Washes, etc)"
9434,ISP,Hosting and Cloud Provider|Internet Service Provider (ISP)|Computer and Information Technology|
25820,ISP,Content|Hosting and Cloud Provider|Computer and Information Technology|Internet Service Provider (ISP)
9466,ISP,Validating RPKI ROV|Computer and Information Technology|Internet Service Provider (ISP)|
17661,ISP,Not Validating RPKI ROV|Internet Service Provider (ISP)|Education and Research|Computer and Information Technology
17673,Unknown,
17674,Unknown,
17675,Other,Not Validating RPKI ROV|
17676,ISP,Eyeball|Not Validating RPKI ROV|Business Broadband|Mobile Data/Carrier
17677,Unknown,
17678,Unknown,
17679,Unknown,
17680,Other,Not Validating RPKI ROV|
17681,Unknown,
17682,Eyeball,Eyeball|Not Validating RPKI ROV|
17683,Other,Not Validating RPKI ROV|
17684,Unknown,
58645,Unknown,
58646,Unknown,
58647,Unknown,
58648,Eyeball,Eyeball|
58649,Unknown,
58650,Other,Not Validating RPKI ROV|
58651,Unknown,
58652,Unknown,
58653,Unknown,
58654,Unknown,
17686,Unknown,
17687,Unknown,
17688,Unknown,
17689,Unknown,
17690,Unknown,
17691,Other,Validating RPKI ROV|
17692,Unknown,
17693,Unknown,
17694,Unknown,
17695,Unknown,
17696,Unknown,
17697,Unknown,
17698,ISP,Eyeball|Not Validating RPKI ROV|Home ISP|
17699,Unknown,
17700,Unknown,
17701,Unknown,
17702,Unknown,
17703,Unknown,
17704,Unknown,
17707,ISP,Not Validating RPKI ROV|Computer and Information Technology|Software Development|Internet Service Provider (ISP)
140642,Content/CDN,Hosting and Cloud Provicer|Hosting and Cloud Provider|Computer and Information Technology|
9591,Other,Validating RPKI ROV|
9592,Unknown,
9593,Other,Not Validating RPKI ROV|
9594,Unknown,
9595,ISP,Eyeball|Not Validating RPKI ROV|Validating RPKI ROV|Home ISP
9596,Unknown,
9597,Other,Tranco 10k Host|Not Validating RPKI ROV|
9598,Unknown,
9599,Unknown,
9600,Eyeball,Eyeball|Not Validating RPKI ROV|
9601,Eyeball,Eyeball|Not Validating RPKI ROV|
9602,Unknown,
9603,Unknown,
9604,Other,Validating RPKI ROV|
9605,ISP,Eyeball|Validating RPKI ROV|Mobile Data/Carrier|Home ISP
9606,Unknown,
9607,Content/CDN,Tranco 10k Host|Not Validating RPKI ROV|Server Hosting|
9608,Unknown,
9609,Unknown,
9610,Unknown,
140683,Other,"Service|Social Assistance (Temporary Shelters, Emergency Relief, Child Day Care, etc)|"
9611,Unknown,
9612,Unknown,
9613,Unknown,
9614,Eyeball,Eyeball|Not Validating RPKI ROV|
9615,Eyeball,Eyeball|Not Validating RPKI ROV|
9616,Unknown,
9617,ISP,Eyeball|Not Validating RPKI ROV|Home ISP|
9618,Other,Not Validating RPKI ROV|
9619,Other,Not Validating RPKI ROV|
9620,Unknown,
9621,Other,Validating RPKI ROV|
9622,Eyeball,Eyeball|Not Validating RPKI ROV|
132496,ISP,Software Development|Computer and Information Technology|Internet Service Provider (ISP)|
9625,ISP,Internet Service Provider (ISP)|Computer and Information Technology|
132504,Other,Software Development|Computer and Information Technology|
140701,ISP,Computer and Information Technology|Internet Service Provider (ISP)|
214430,Other,Personal ASN|
58784,Unknown,
58785,Academic/Edu,Academic|
58786,Unknown,
58787,Unknown,
58788,Unknown,
58789,Unknown,
58790,Unknown,
58791,Other,ToR Services|Not Validating RPKI ROV|
58792,Unknown,
58793,Unknown,
132592,Other,Computer and Information Technology|Software Development|
17905,Other,"Finance and Insurance|Investment, Portfolio Management, Pensions and Funds|"
148985,Other,Computer and Information Technology|Software Development|Service|
17930,Unknown,
17931,Eyeball,Eyeball|Not Validating RPKI ROV|ToR Services|
17932,Other,Not Validating RPKI ROV|
17933,Unknown,
17934,Unknown,
9743,Unknown,
17935,Unknown,
17936,Eyeball,Eyeball|Not Validating RPKI ROV|
17937,Unknown,
17938,Unknown,
26132,Other,Service|
17939,Eyeball,Eyeball|Not Validating RPKI ROV|
17940,Other,Not Validating RPKI ROV|
17941,Other,Not Validating RPKI ROV|
17942,Unknown,
17943,Unknown,
17944,Unknown,
17945,Unknown,
17946,Unknown,
17947,Unknown,
17948,Eyeball,Eyeball|Not Validating RPKI ROV|
17949,Unknown,
17950,Unknown,
17951,Unknown,
17952,Unknown,
17953,Unknown,
17954,Unknown,
17955,Eyeball,Eyeball|Not Validating RPKI ROV|
17956,Academic/Edu,Academic|
17957,ISP,Not Validating RPKI ROV|Home ISP|Eyeball|
17958,Eyeball,Eyeball|Not Validating RPKI ROV|
17959,Unknown,
17960,Unknown,
17961,Eyeball,Eyeball|Not Validating RPKI ROV|Business Broadband|
17977,ISP,"Phone Provider|Service|Law, Business, and Consulting Services|Internet Service Provider (ISP)"
140868,Content/CDN,Computer and Information Technology|Hosting and Cloud Provider|
9824,ISP,Eyeball|Computer and Information Technology|Internet Service Provider (ISP)|Not Validating RPKI ROV
9827,ISP,Software Development|Manufacturing|Computer and Information Technology|Internet Service Provider (ISP)
132211,Other,"Investment, Portfolio Management, Pensions and Funds|Finance and Insurance|"
132726,ISP,Internet Service Provider (ISP)|Computer and Information Technology|
18050,ISP,Computer and Information Technology|Internet Service Provider (ISP)|
18067,Unknown,
18068,Other,Not Validating RPKI ROV|
18069,Other,Not Validating RPKI ROV|
18070,Other,Not Validating RPKI ROV|
18071,Unknown,
18072,Unknown,
18073,Unknown,
18074,Other,Validating RPKI ROV|
18075,Eyeball,Eyeball|Not Validating RPKI ROV|
18076,Unknown,
18077,Eyeball,Eyeball|Not Validating RPKI ROV|
18078,Unknown,
18079,Unknown,
18080,Unknown,
18081,ISP,Eyeball|Validating RPKI ROV|Home ISP|
18082,Unknown,
18083,Unknown,
18084,ISP,Internet Service Provider (ISP)|Computer and Information Technology|
18085,Other,Validating RPKI ROV|
18086,Unknown,
18087,Unknown,
18088,Other,Not Validating RPKI ROV|
18089,Unknown,
18090,Unknown,
18091,Other,Not Validating RPKI ROV|
18092,Eyeball,Eyeball|Not Validating RPKI ROV|
18093,Unknown,
18094,Eyeball,Eyeball|Validating RPKI ROV|
18095,Unknown,
9904,ISP,Computer and Information Technology|Internet Service Provider (ISP)|
18096,Unknown,
18097,Unknown,
18098,Unknown,
214699,Unknown,
9909,ISP,Computer and Information Technology|Internet Service Provider (ISP)|
9928,ISP,Internet Service Provider (ISP)|Computer and Information Technology|
18121,Eyeball,Eyeball|Not Validating RPKI ROV|
18122,Unknown,
18123,Unknown,
18124,Unknown,
18125,Government,Government|
18126,ISP,Eyeball|Validating RPKI ROV|Home ISP|
9935,ISP,"Law, Business, and Consulting Services|Hosting and Cloud Provider|Internet Service Provider (ISP)|Computer and Information Technology"
18127,Unknown,
18128,Other,Not Validating RPKI ROV|
18129,Eyeball,Eyeball|Not Validating RPKI ROV|
59091,Academic/Edu,Academic|
59092,Unknown,
59093,Unknown,
59094,Unknown,
59095,Unknown,
59096,Unknown,
59097,Unknown,
59098,Other,Personal ASN|
59099,Unknown,
59100,Unknown,
59101,Unknown,
59102,Unknown,
59103,Other,VPN Host|Not Validating RPKI ROV|
59104,Unknown,
59105,Other,Validating RPKI ROV|
59106,Unknown,
59107,Unknown,
59108,ISP,Eyeball|Not Validating RPKI ROV|Home ISP|
59109,Unknown,
59110,ISP,Carrier|Server Hosting|VPN Host|
59111,Unknown,
59112,Unknown,
59113,Unknown,
59114,Unknown,
59115,Other,Not Validating RPKI ROV|
59116,Unknown,
18148,Academic/Edu,Academic|
59118,Unknown,
59119,Unknown,
59120,Unknown,
59121,Other,Not Validating RPKI ROV|
59122,Unknown,
59123,Other,Content|Tranco 10k Host|
59124,Other,Validating RPKI ROV|
59125,Other,Not Validating RPKI ROV|
59126,Eyeball,Eyeball|Not Validating RPKI ROV|
59127,ISP,Eyeball|Not Validating RPKI ROV|Home ISP|
59128,Eyeball,Eyeball|Validating RPKI ROV|Personal ASN|
59129,Unknown,
59130,Unknown,
214772,Unknown,
9990,Other,Validating RPKI ROV|
9991,Other,Not Validating RPKI ROV|
9992,Unknown,
9993,Other,Not Validating RPKI ROV|
9994,Unknown,
9995,Unknown,
9996,Unknown,
9997,Eyeball,Eyeball|Not Validating RPKI ROV|
9998,Other,Validating RPKI ROV|
9999,Other,Validating RPKI ROV|
10000,Eyeball,Eyeball|Not Validating RPKI ROV|
18193,ISP,Internet Service Provider (ISP)|Computer and Information Technology|
10001,Eyeball,Eyeball|Not Validating RPKI ROV|
10002,Eyeball,Eyeball|Not Validating RPKI ROV|
10003,Eyeball,Eyeball|Validating RPKI ROV|
10004,Eyeball,Eyeball|Not Validating RPKI ROV|
10005,Unknown,
10006,Other,Tranco 10k Host|Not Validating RPKI ROV|
132888,ISP,"Internet Service Provider (ISP)|Law, Business, and Consulting Services|Service|Computer and Information Technology"
10007,Unknown,
10008,Unknown,
10009,Unknown,
10010,ISP,Eyeball|Not Validating RPKI ROV|Mobile Data/Carrier|Tranco 10k Host
10011,Eyeball,Eyeball|Not Validating RPKI ROV|
10012,Unknown,
10013,ISP,Eyeball|Validating RPKI ROV|Tranco 10k Host|Home ISP
10014,Academic/Edu,Validating RPKI ROV|Academic|
10015,Other,Not Validating RPKI ROV|
10016,Unknown,
10017,Unknown,
10018,Unknown,
10019,Eyeball,Eyeball|Not Validating RPKI ROV|
10020,Unknown,
10021,Other,Validating RPKI ROV|
10026,ISP,Computer and Information Technology|Internet Service Provider (ISP)|
10033,ISP,Internet Service Provider (ISP)|Computer and Information Technology|
18258,Enterprise,"Service|Law, Business, and Consulting Services|"
18259,Unknown,
18260,Eyeball,Eyeball|Not Validating RPKI ROV|
18261,Unknown,
18262,Unknown,
18263,Other,Not Validating RPKI ROV|
18264,Other,Not Validating RPKI ROV|
18265,Unknown,
18266,Other,Not Validating RPKI ROV|
18267,Other,Not Validating RPKI ROV|
18268,Eyeball,Eyeball|Not Validating RPKI ROV|
18269,Unknown,
18270,Unknown,
18271,Other,Not Validating RPKI ROV|
18272,Unknown,
18273,Unknown,
18274,Eyeball,Eyeball|Not Validating RPKI ROV|
18275,Unknown,
51044,Other,Anycast|Real Estate (Residential and/or Commercial)|Buildings (Residential or Commercial)|Construction and Real Estate
18276,Unknown,
18277,Unknown,
18278,Eyeball,Eyeball|Not Validating RPKI ROV|
18279,Unknown,
18280,Unknown,
18281,Eyeball,Eyeball|Not Validating RPKI ROV|
18282,Eyeball,Eyeball|Not Validating RPKI ROV|
18283,Eyeball,Eyeball|Not Validating RPKI ROV|
18284,Unknown,
18285,Unknown,
18286,Unknown,
18287,Unknown,
18288,Unknown,
18289,ISP,"Service|Law, Business, and Consulting Services|Computer and Information Technology|Internet Service Provider (ISP)"
18290,Unknown,
59248,Other,Service|
10108,Other,"Investment, Portfolio Management, Pensions and Funds|Finance and Insurance|"
10124,Other,"Computer and Information Technology|Retail Stores, Wholesale, and E-commerce Sites|"
149428,ISP,Computer and Information Technology|Internet Service Provider (ISP)|
18383,Other,Software Development|Computer and Information Technology|
59349,ISP,Validating RPKI ROV|Computer and Information Technology|Internet Service Provider (ISP)|
10209,ISP,Computer and Information Technology|Internet Service Provider (ISP)|Software Development|Not Validating RPKI ROV
10233,Unknown,
149522,ISP,Computer and Information Technology|Software Development|Internet Service Provider (ISP)|
141348,Other,Manufacturing|Health Care Services|
133180,Enterprise,"Computer and Information Technology|Service|Law, Business, and Consulting Services|"
133203,ISP,"Software Development|Law, Business, and Consulting Services|Anycast|Computer and Information Technology"
18526,ISP,ToR Services|Internet Service Provider (ISP)|Computer and Information Technology|Server Hosting
133229,Other,"Retail Stores, Wholesale, and E-commerce Sites|Clothing, Fashion, Luggage|"
149632,ISP,Insurance Carriers and Agencies|Finance and Insurance|
215239,Unknown,
198924,ISP,"Internet Service Provider (ISP)|Retail Stores, Wholesale, and E-commerce Sites|Computer and Information Technology|Hosting and Cloud Provider"
199108,Other,Personal ASN|
395574,ISP,Phone Provider|Internet Service Provider (ISP)|Computer and Information Technology|
133445,ISP,"Law, Business, and Consulting Services|Service|Software Development|Computer and Information Technology"
133458,Other,"Retail Stores, Wholesale, and E-commerce Sites|"
133476,ISP,Internet Service Provider (ISP)|Computer and Information Technology|
132373,Other,Computer and Information Technology|
141757,ISP,Computer and Information Technology|Internet Service Provider (ISP)|
2497,ISP,Carrier|Validating RPKI ROV|Anycast|ToR Services
2498,Unknown,
2499,Unknown,
2500,Eyeball,Eyeball|Not Validating RPKI ROV|Internet Critical Infra|
2501,Academic/Edu,Not Validating RPKI ROV|Academic|
2502,Unknown,
2503,Unknown,
2504,Academic/Edu,Not Validating RPKI ROV|Academic|
2505,Other,Validating RPKI ROV|
2506,Other,Not Validating RPKI ROV|
2507,Unknown,
2508,Academic/Edu,Validating RPKI ROV|Academic|
2509,Unknown,
2510,ISP,"Eyeball|Computer and Information Technology|Internet Service Provider (ISP)|Retail Stores, Wholesale, and E-commerce Sites"
2511,Unknown,
2512,Other,Validating RPKI ROV|
2513,Other,Validating RPKI ROV|
2514,ISP,"Eyeball|Internet Service Provider (ISP)|Computer and Information Technology|Retail Stores, Wholesale, and E-commerce Sites"
2515,Eyeball,Eyeball|Not Validating RPKI ROV|Internet Critical Infra|
2516,ISP,Carrier|Internet Service Provider (ISP)|Computer and Information Technology|Hosting and Cloud Provider
2517,Unknown,
2518,ISP,Eyeball|Not Validating RPKI ROV|Business Broadband|ToR Services
2519,ISP,Eyeball|Computer and Network Security|Internet Service Provider (ISP)|Computer and Information Technology
2520,Unknown,
2521,Unknown,
2522,Unknown,
2523,Other,Validating RPKI ROV|
2524,Unknown,
2525,Unknown,
2526,Unknown,
2527,ISP,Eyeball|Hosting and Cloud Provider|Satellite Communication|Phone Provider
2528,Unknown,
149993,ISP,Computer and Information Technology|Internet Service Provider (ISP)|
2554,Content/CDN,"Computer and Information Technology|Education and Research|Community Groups and Nonprofits|Human Rights and Social Advocacy (Human Rights, Environment and Wildlife Conservation, Other)"
10807,Other,Computer and Information Technology|Technology Consulting Services|
199266,Other,"Personal Care and Lifestyle (Barber Shops, Nail Salons, Diet Centers, Laundry, etc)|Service|Personal ASN|"
150143,Other,"Human Rights and Social Advocacy (Human Rights, Environment and Wildlife Conservation, Other)|Community Groups and Nonprofits|"
133782,Academic/Edu,Education and Research|Validating RPKI ROV|
133795,ISP,Internet Service Provider (ISP)|Computer and Information Technology|Software Development|
60068,ISP,Carrier|Internet Service Provider (ISP)|Online Music and Video Streaming Services|Computer and Information Technology
142052,Other,Finance and Insurance|Anycast|Content|
133869,Content/CDN,"Software Development|Computer and Information Technology|Service|Law, Business, and Consulting Services"
133900,Other,Chemical and Pharmaceutical Manufacturing|Manufacturing|Construction and Real Estate|Health Care Services
150296,ISP,Computer and Information Technology|Software Development|Internet Service Provider (ISP)|
150298,Government,"Government and Public Administration|Military, Defense, National Security, and International Affairs|"
150314,ISP,Internet Service Provider (ISP)|Computer and Information Technology|
150325,Government,"Personal ASN|Government and Public Administration|Military, Defense, National Security, and International Affairs|"
215871,ISP,Software Development|Internet Service Provider (ISP)|Computer and Information Technology|
150355,Unknown,
150356,Unknown,
142165,ISP,Hosting and Cloud Provider|Internet Service Provider (ISP)|Computer and Information Technology|
150357,Unknown,
150358,Unknown,
150359,Unknown,
150360,Unknown,
150361,Unknown,
150362,Other,Personal ASN|
150363,Unknown,
150364,Unknown,
150365,Unknown,
150367,Unknown,
150368,Other,Content|Personal ASN|
150369,ISP,Carrier|
150366,Unknown,
2907,ISP,Eyeball|Computer and Information Technology|Internet Service Provider (ISP)|Not Validating RPKI ROV
199524,ISP,Content|Software Development|Internet Service Provider (ISP)|Computer and Information Technology
2915,ISP,Validating RPKI ROV|Internet Service Provider (ISP)|Computer and Information Technology|
215935,Other,Personal ASN|
216006,Other,Personal ASN|
216007,Other,Personal ASN|
60445,Other,"Retail Stores, Wholesale, and E-commerce Sites|Food, Grocery, Beverages|"
142438,Academic/Edu,Education and Research|
150685,Other,"Online Informational Content|Media, Publishing, and Broadcasting|Construction and Real Estate|"
3258,ISP,Eyeball|Technology Consulting Services|Internet Service Provider (ISP)|Computer and Information Technology
134351,ISP,ToR Services|Software Development|Internet Service Provider (ISP)|Hosting and Cloud Provider
134358,Other,Other|
142584,Enterprise,"Software Development|Law, Business, and Consulting Services|Service|Computer and Information Technology"
134396,ISP,"Computer and Information Technology|Media, Publishing, and Broadcasting|Internet Service Provider (ISP)|Service"
150810,ISP,"Computer and Information Technology|Internet Service Provider (ISP)|Law, Business, and Consulting Services|Service"
142622,ISP,Internet Service Provider (ISP)|Computer and Information Technology|
142632,Other,Software Development|Computer and Information Technology|
3391,Other,"Print Media (Newspapers, Magazines, Books)|Media, Publishing, and Broadcasting|"
134473,Other,Computer and Information Technology|
216447,Other,Personal ASN|
134530,ISP,"Computer and Information Technology|Internet Service Provider (ISP)|Service|Law, Business, and Consulting Services"
134531,ISP,"Computer and Information Technology|Internet Service Provider (ISP)|Law, Business, and Consulting Services|Service"
134532,ISP,"Service|Law, Business, and Consulting Services|Internet Service Provider (ISP)|Computer and Information Technology"
134533,ISP,"Computer and Information Technology|Internet Service Provider (ISP)|Service|Law, Business, and Consulting Services"
134534,ISP,"Law, Business, and Consulting Services|Service|Internet Service Provider (ISP)|Computer and Information Technology"
134535,ISP,"Computer and Information Technology|Internet Service Provider (ISP)|Service|Law, Business, and Consulting Services"
134536,ISP,"Computer and Information Technology|Internet Service Provider (ISP)|Service|Law, Business, and Consulting Services"
134537,Content/CDN,Hosting and Cloud Provider|Computer and Information Technology|
3488,Academic/Edu,"Validating RPKI ROV|Human Rights and Social Advocacy (Human Rights, Environment and Wildlife Conservation, Other)|Media, Publishing, and Broadcasting|Community Groups and Nonprofits"
3510,Other,Computer and Information Technology|Community Groups and Nonprofits|
151013,ISP,"Internet Service Provider (ISP)|Computer and Information Technology|Law, Business, and Consulting Services|Service"
151014,ISP,"Internet Service Provider (ISP)|Computer and Information Technology|Service|Law, Business, and Consulting Services"
151015,ISP,"Computer and Information Technology|Service|Law, Business, and Consulting Services|Internet Service Provider (ISP)"
151016,ISP,"Internet Service Provider (ISP)|Computer and Information Technology|Law, Business, and Consulting Services|Service"
151017,ISP,"Computer and Information Technology|Internet Service Provider (ISP)|Service|Law, Business, and Consulting Services"
151018,ISP,"Computer and Information Technology|Internet Service Provider (ISP)|Law, Business, and Consulting Services|Service"
151019,ISP,"Service|Law, Business, and Consulting Services|Internet Service Provider (ISP)|Computer and Information Technology"
151020,ISP,"Computer and Information Technology|Law, Business, and Consulting Services|Service|Internet Service Provider (ISP)"
151021,ISP,"Law, Business, and Consulting Services|Service|Internet Service Provider (ISP)|Computer and Information Technology"
151022,ISP,"Internet Service Provider (ISP)|Computer and Information Technology|Law, Business, and Consulting Services|Service"
151023,ISP,"Internet Service Provider (ISP)|Computer and Information Technology|Service|Law, Business, and Consulting Services"
151024,ISP,"Service|Law, Business, and Consulting Services|Computer and Information Technology|Internet Service Provider (ISP)"
151025,ISP,"Computer and Information Technology|Service|Law, Business, and Consulting Services|Internet Service Provider (ISP)"
151026,ISP,"Law, Business, and Consulting Services|Service|Computer and Information Technology|Internet Service Provider (ISP)"
151027,ISP,"Internet Service Provider (ISP)|Law, Business, and Consulting Services|Computer and Information Technology|Service"
151028,ISP,"Service|Law, Business, and Consulting Services|Internet Service Provider (ISP)|Computer and Information Technology"
151029,ISP,"Service|Law, Business, and Consulting Services|Internet Service Provider (ISP)|Computer and Information Technology"
151030,ISP,"Law, Business, and Consulting Services|Service|Computer and Information Technology|Internet Service Provider (ISP)"
151031,ISP,"Service|Law, Business, and Consulting Services|Internet Service Provider (ISP)|Computer and Information Technology"
151032,ISP,"Computer and Information Technology|Law, Business, and Consulting Services|Internet Service Provider (ISP)|Service"
151033,ISP,"Computer and Information Technology|Law, Business, and Consulting Services|Service|Internet Service Provider (ISP)"
151034,ISP,"Computer and Information Technology|Service|Law, Business, and Consulting Services|Internet Service Provider (ISP)"
151035,ISP,"Internet Service Provider (ISP)|Computer and Information Technology|Law, Business, and Consulting Services|Service"
151036,ISP,"Law, Business, and Consulting Services|Internet Service Provider (ISP)|Computer and Information Technology|Service"
151037,ISP,"Computer and Information Technology|Law, Business, and Consulting Services|Service|Internet Service Provider (ISP)"
151038,ISP,"Service|Law, Business, and Consulting Services|Computer and Information Technology|Internet Service Provider (ISP)"
151039,ISP,"Internet Service Provider (ISP)|Computer and Information Technology|Law, Business, and Consulting Services|Service"
134666,Academic/Edu,Personal ASN|Education and Research|
151065,Content/CDN,Computer and Network Security|Service|Hosting and Cloud Provider|Software Development
151067,Content/CDN,Computer and Network Security|Service|Hosting and Cloud Provider|Software Development
151068,Content/CDN,Computer and Network Security|Service|Software Development|Computer and Information Technology
151069,Content/CDN,Computer and Network Security|Software Development|Service|Computer and Information Technology
151070,Content/CDN,Service|Hosting and Cloud Provider|Software Development|Computer and Network Security
151071,Content/CDN,Hosting and Cloud Provider|Computer and Network Security|Service|Software Development
151072,Content/CDN,Service|Hosting and Cloud Provider|Software Development|Computer and Network Security
151073,Content/CDN,Service|Hosting and Cloud Provider|Computer and Network Security|Software Development
200226,ISP,Internet Service Provider (ISP)|Computer and Information Technology|Personal ASN|
151075,Content/CDN,Service|Hosting and Cloud Provider|Computer and Network Security|Software Development
151074,Content/CDN,Hosting and Cloud Provider|Computer and Network Security|Software Development|Service
11878,ISP,Content|Computer and Information Technology|Internet Service Provider (ISP)|Validating RPKI ROV
137508,Other,Computer and Information Technology|
151195,ISP,Computer and Information Technology|Internet Service Provider (ISP)|Computer and Network Security|
134827,Enterprise,"Computer and Information Technology|Service|Real Estate (Residential and/or Commercial)|Law, Business, and Consulting Services"
3775,ISP,Software Development|Internet Service Provider (ISP)|Computer and Information Technology|
152184,Other,Personal ASN|Content|
36599,ISP,VPN Host|Corporate/Enterprise|Not Validating RPKI ROV|Computer and Information Technology
151350,Other,Software Development|Computer and Information Technology|
151371,Unknown,
151372,Unknown,
151373,Unknown,
151374,Unknown,
151375,Unknown,
151376,Unknown,
151377,Unknown,
151378,Unknown,
151379,Unknown,
151380,Unknown,
151381,Unknown,
151382,Unknown,
151383,Unknown,
151384,Unknown,
151385,Unknown,
151386,Unknown,
151387,Unknown,
151388,Unknown,
151389,Unknown,
151390,Unknown,
151401,Enterprise,"Law, Business, and Consulting Services|Service|"
151420,ISP,Content|Computer and Information Technology|Internet Service Provider (ISP)|
135161,ISP,Validating RPKI ROV|Computer and Information Technology|Internet Service Provider (ISP)|
20473,ISP,Content|Hosting and Cloud Provider|Computer and Information Technology|Internet Service Provider (ISP)
45102,Eyeball,Eyeball|Computer and Information Technology|Hosting and Cloud Provider|Software Development
151602,Other,Manufacturing|Automotive and Transportation|
135304,Content/CDN,Software Development|Service|Computer and Information Technology|Hosting and Cloud Provider
4251,Other,Software Development|Computer and Information Technology|
45217,Enterprise,"Service|Law, Business, and Consulting Services|"
135372,Enterprise,"Manufacturing|Service|Law, Business, and Consulting Services|Retail Stores, Wholesale, and E-commerce Sites"
24272,Unknown,
45436,ISP,"Computer and Information Technology|Internet Service Provider (ISP)|Retail Stores, Wholesale, and E-commerce Sites|"
151954,ISP,Computer and Information Technology|Internet Service Provider (ISP)|
135573,Eyeball,"Radio and Television Providers|Media, Publishing, and Broadcasting|Eyeball|"
135607,ISP,Eyeball|Computer and Information Technology|Internet Service Provider (ISP)|Not Validating RPKI ROV
201197,Other,Personal ASN|
135674,Other,"Civil Engineering Construction (Utility Lines, Roads and Bridges)|Construction and Real Estate|"
4629,ISP,Internet Service Provider (ISP)|Computer and Information Technology|
4672,Other,Validating RPKI ROV|
4673,Other,Not Validating RPKI ROV|
4674,Unknown,
4675,Eyeball,Eyeball|Not Validating RPKI ROV|
4676,Unknown,
4677,Other,Validating RPKI ROV|
4678,Other,Not Validating RPKI ROV|
4679,Unknown,
4680,Other,Not Validating RPKI ROV|
4681,Unknown,
4683,Unknown,
4684,Unknown,
4685,ISP,Eyeball|Not Validating RPKI ROV|ToR Services|Home ISP
4686,Eyeball,Eyeball|Validating RPKI ROV|
4687,Unknown,
4688,Unknown,
4689,Unknown,
4690,Unknown,
4691,Unknown,
4692,Unknown,
4693,Other,Not Validating RPKI ROV|
4694,Content/CDN,Tranco 10k Host|Not Validating RPKI ROV|Server Hosting|
4695,Other,Not Validating RPKI ROV|
4696,Unknown,
4697,Other,Validating RPKI ROV|
4698,Unknown,
4699,Unknown,
4700,Unknown,
4701,Unknown,
4702,Unknown,
4703,Unknown,
4704,ISP,Home ISP|Eyeball|
152161,ISP,Internet Service Provider (ISP)|Computer and Information Technology|Eyeball|
4705,Unknown,
4706,Unknown,
4708,Unknown,
4709,Unknown,
4710,Unknown,
4711,Other,Not Validating RPKI ROV|
4712,Unknown,
4713,ISP,Eyeball|Validating RPKI ROV|Mobile Data/Carrier|ToR Services
45672,Unknown,
45673,Unknown,
45676,Unknown,
4716,Unknown,
45678,Unknown,
4717,Unknown,
45680,Other,Not Validating RPKI ROV|
45681,Unknown,
45682,Unknown,
45683,Unknown,
45684,Unknown,
4718,Other,Validating RPKI ROV|
4719,Unknown,
4721,ISP,Eyeball|Not Validating RPKI ROV|Home ISP|
4722,Unknown,
4723,Eyeball,Eyeball|Validating RPKI ROV|
4725,ISP,Eyeball|Not Validating RPKI ROV|Mobile Data/Carrier|Home ISP
45691,Unknown,
4727,Unknown,
4729,Unknown,
4730,Academic/Edu,Not Validating RPKI ROV|Academic|
4732,Unknown,
4733,Unknown,
45688,Unknown,
45689,Unknown,
45690,Unknown,
132827,ISP,Internet Service Provider (ISP)|Hosting and Cloud Provider|Computer and Information Technology|
4734,Unknown,
4735,Unknown,
4774,ISP,Computer and Information Technology|Internet Service Provider (ISP)|Validating RPKI ROV|
4777,Other,Validating RPKI ROV|Computer and Information Technology|Community Groups and Nonprofits|
4785,ISP,Validating RPKI ROV|Internet Service Provider (ISP)|Computer and Information Technology|
62184,Other,Travel and Accommodation|Personal ASN|
45846,ISP,Internet Service Provider (ISP)|Computer and Information Technology|
23789,Unknown,
152467,Unknown,
23792,Unknown,
136178,Other,Other|
37888,Unknown,
37889,Unknown,
37890,Unknown,
37891,Unknown,
37892,ISP,Eyeball|Home ISP|
37893,Unknown,
37894,Unknown,
37895,Unknown,
37896,Unknown,
37897,Unknown,
37898,Other,Not Validating RPKI ROV|
37899,Unknown,
37900,Unknown,
37901,Unknown,
37902,Unknown,
37903,Unknown,
37904,Unknown,
37905,Unknown,
37906,Unknown,
37907,Unknown,
37908,Other,Not Validating RPKI ROV|
37909,Unknown,
37910,Unknown,
37911,Unknown,
37912,Content/CDN,Server Hosting|Content|
37913,Unknown,
37914,Unknown,
37915,Unknown,
37916,Unknown,
37917,Academic/Edu,Academic|
37918,Unknown,
37919,Other,Not Validating RPKI ROV|
37920,Unknown,
37921,Unknown,
37922,Unknown,
37923,Unknown,
37924,Unknown,
37925,Unknown,
37926,Unknown,
37927,Unknown,
23823,Unknown,
152645,Unknown,
37981,ISP,Internet Service Provider (ISP)|Computer and Information Technology|
37982,Other,"Food, Beverage, and Tobacco|Manufacturing|"
37984,Academic/Edu,"Colleges, Universities, and Professional Schools|Education and Research|"
38023,ISP,Internet Service Provider (ISP)|Computer and Information Technology|
54415,ISP,"Computer and Information Technology|Law, Business, and Consulting Services|Internet Service Provider (ISP)|Service"
38033,Enterprise,"Media, Publishing, and Broadcasting|Law, Business, and Consulting Services|Service|"
152724,Unknown,
152728,Unknown,
137819,ISP,Software Development|Internet Service Provider (ISP)|Computer and Information Technology|
38043,Content/CDN,Computer and Information Technology|Hosting and Cloud Provider|Service|Software Development
38074,Content/CDN,ToR Services|Hosting and Cloud Provider|Computer and Information Technology|
38080,ISP,Internet Service Provider (ISP)|Computer and Information Technology|
136407,ISP,Service|Software Development|Internet Service Provider (ISP)|Computer and Information Technology
152858,Unknown,
152859,Unknown,
152860,Unknown,
152861,Unknown,
152862,Unknown,
152863,Unknown,
152864,Unknown,
152865,Unknown,
152866,Unknown,
152867,Unknown,
152868,Unknown,
152869,Unknown,
152870,Unknown,
152871,Unknown,
152872,Unknown,
152873,Unknown,
152874,Unknown,
152875,Unknown,
152876,Unknown,
152877,Unknown,
136506,Other,"Retail Stores, Wholesale, and E-commerce Sites|"
38215,Unknown,
38222,Content/CDN,Computer and Information Technology|Hosting and Cloud Provider|
152925,Unknown,
136586,ISP,"Software Development|Computer and Information Technology|Internet Service Provider (ISP)|Banks, Credit Card Companies, Mortgage Providers"
18133,Unknown,
18134,Eyeball,Eyeball|Not Validating RPKI ROV|
18135,Eyeball,Eyeball|Not Validating RPKI ROV|
18136,Eyeball,Eyeball|Not Validating RPKI ROV|
38462,Other,"Retail Stores, Wholesale, and E-commerce Sites|"
136779,Other,"Software Development|Electric Power Generation, Transmission, Distribution|Service|Computer and Information Technology"
18137,Unknown,
136796,Content/CDN,Hosting and Cloud Provider|Computer and Information Technology|
210542,ISP,Computer and Information Technology|Internet Service Provider (ISP)|
63150,ISP,Content|Internet Service Provider (ISP)|Computer and Information Technology|Server Hosting
38610,Content/CDN,Hosting and Cloud Provider|Computer and Information Technology|
38627,Unknown,
38628,ISP,Eyeball|Not Validating RPKI ROV|Home ISP|
38629,Unknown,
38630,Unknown,
38631,Other,Tranco 10k Host|
38632,Unknown,
38633,Unknown,
38634,Content/CDN,Content|Content Delivery Network|
38635,Academic/Edu,Not Validating RPKI ROV|Academic|
38636,Unknown,
38637,Unknown,
38638,Unknown,
38639,Unknown,
38640,Unknown,
38641,Other,Not Validating RPKI ROV|
38642,Unknown,
38643,Unknown,
38644,Unknown,
38645,Unknown,
38646,Unknown,
38647,Unknown,
38648,Unknown,
38649,Unknown,
38650,Unknown,
38651,Unknown,
38652,Unknown,
38653,Unknown,
38654,Unknown,
38655,Unknown,
38656,Other,Personal ASN|
153360,Unknown,
210717,Other,"Media, Publishing, and Broadcasting|"
137008,ISP,Software Development|Computer and Information Technology|Internet Service Provider (ISP)|
38715,ISP,Computer and Information Technology|Internet Service Provider (ISP)|
137072,Other,"Retail Stores, Wholesale, and E-commerce Sites|"
211252,Other,Travel and Accommodation|Food Services and Drinking Places|
38895,Other,"Retail Stores, Wholesale, and E-commerce Sites|VPN Host|"
9362,Unknown,
9364,Unknown,
63524,ISP,Computer and Information Technology|Hosting and Cloud Provider|Internet Service Provider (ISP)|
55372,Unknown,
55373,Unknown,
55374,Unknown,
55375,Unknown,
55376,Eyeball,Eyeball|
55377,Unknown,
55378,Unknown,
55379,Academic/Edu,Academic|
55380,Unknown,
55381,Eyeball,Eyeball|
55382,Other,Not Validating RPKI ROV|
55383,Unknown,
55384,Unknown,
55385,Other,Not Validating RPKI ROV|
55386,Unknown,
55387,Unknown,
55388,Unknown,
55389,Unknown,
55390,Academic/Edu,Academic|
55391,ISP,Eyeball|Not Validating RPKI ROV|Home ISP|
55392,Eyeball,Eyeball|Not Validating RPKI ROV|
55393,Unknown,
55394,Other,Content|Not Validating RPKI ROV|
55395,Unknown,
55396,Unknown,
137407,Other,Software Development|Computer and Information Technology|
137445,ISP,Computer and Information Technology|Internet Service Provider (ISP)|
55569,Enterprise,"Law, Business, and Consulting Services|Service|Retail Stores, Wholesale, and E-commerce Sites|Media, Publishing, and Broadcasting"
63770,Unknown,
63771,Unknown,
63772,Other,Not Validating RPKI ROV|
63773,Unknown,
63774,Unknown,
63775,Unknown,
63776,Unknown,
63777,Unknown,
63778,Unknown,
63779,Content/CDN,Content|Not Validating RPKI ROV|Server Hosting|
63780,Unknown,
63781,Unknown,
63782,Unknown,
63783,Unknown,
63784,Unknown,
63785,Unknown,
63786,Unknown,
63787,Unknown,
63788,Unknown,
63789,Unknown,
63790,Unknown,
63791,Unknown,
63792,Unknown,
63793,Unknown,
63794,Unknown,
63795,Other,Personal ASN|
63796,Unknown,
63797,Other,Validating RPKI ROV|
63798,Unknown,
63799,Unknown,
63800,Other,Personal ASN|
63801,Unknown,
63802,Unknown,
63803,Unknown,
63804,Unknown,
63805,Unknown,
63806,Other,ToR Services|Validating RPKI ROV|
63807,Unknown,
63808,Unknown,
63809,Unknown,
63916,ISP,Eyeball|Computer and Information Technology|Internet Service Provider (ISP)|Not Validating RPKI ROV
63917,Other,"Retail Stores, Wholesale, and E-commerce Sites|Food, Grocery, Beverages|"
55748,Enterprise,"Service|Law, Business, and Consulting Services|"
63978,Other,"Service|Investment, Portfolio Management, Pensions and Funds|Finance and Insurance|"
63997,ISP,"ToR Services|Service|Hosting and Cloud Provider|Military, Defense, National Security, and International Affairs"
55817,ISP,Internet Service Provider (ISP)|Computer and Information Technology|Hosting and Cloud Provider|
64016,ISP,"Service|Internet Service Provider (ISP)|Computer and Information Technology|Law, Business, and Consulting Services"
55873,Other,"Health Care Services|Manufacturing|Retail Stores, Wholesale, and E-commerce Sites|"
55888,Unknown,
55889,Unknown,
55890,Unknown,
55891,Other,Validating RPKI ROV|
55892,Unknown,
55893,Unknown,
55894,Unknown,
55895,Unknown,
55896,Unknown,
55897,Unknown,
55898,Other,Not Validating RPKI ROV|
55899,Unknown,
55900,ISP,Carrier|Not Validating RPKI ROV|
55901,Other,Not Validating RPKI ROV|
55902,Unknown,
55903,Unknown,
55904,Unknown,
55905,Unknown,
55906,Unknown,
55907,Unknown,
55908,Unknown,
55909,Other,Not Validating RPKI ROV|
55910,Unknown,
55911,Unknown,
55912,Unknown,
55949,Enterprise,"Law, Business, and Consulting Services|Service|Finance and Insurance|Not Validating RPKI ROV"
137912,ISP,Computer and Information Technology|Internet Service Provider (ISP)|Not Validating RPKI ROV|
56023,ISP,Software Development|Internet Service Provider (ISP)|Computer and Information Technology|
56024,Enterprise,"Service|Law, Business, and Consulting Services|"
56025,Other,"Retail Stores, Wholesale, and E-commerce Sites|Health Care Services|"
56033,Other,"Recreation, Sports, and Performing Arts|Museums, Libraries, and Entertainment|"
214675,Eyeball,Eyeball|Personal ASN|
138033,ISP,Internet Service Provider (ISP)|Computer and Information Technology|
138038,Other,Community Groups and Nonprofits|Personal ASN|
203577,Other,Personal ASN|
15169,ISP,Content|Search|Service|Computer and Information Technology
17685,Unknown,
56218,Other,Computer and Information Technology|
138181,Academic/Edu,Education and Research|Personal ASN|
56291,ISP,Software Development|Computer and Information Technology|Internet Service Provider (ISP)|Education and Research
23612,Unknown,
23613,Unknown,
23614,Unknown,
23615,Unknown,
23616,Other,Tranco 10k Host|
23617,Unknown,
23618,ISP,Eyeball|Not Validating RPKI ROV|Home ISP|
23619,Unknown,
23620,Unknown,
23621,Unknown,
23622,Unknown,
23623,Unknown,
23624,Eyeball,Eyeball|Not Validating RPKI ROV|
23625,Unknown,
23626,Unknown,
23627,Eyeball,Eyeball|Not Validating RPKI ROV|
23628,Unknown,
23629,Eyeball,Eyeball|Not Validating RPKI ROV|
23630,Unknown,
23631,Other,Not Validating RPKI ROV|
23632,Other,Not Validating RPKI ROV|
23633,Unknown,
23634,Other,Internet Critical Infra|Anycast|
23635,Unknown,
23636,Unknown,
23637,Other,Not Validating RPKI ROV|
23638,Unknown,
23639,Other,Validating RPKI ROV|
138328,Government,"Law, Business, and Consulting Services|Government and Public Administration|Service|Law Enforcement, Public Safety, and Justice"
23640,Unknown,
138330,ISP,Hosting and Cloud Provider|Internet Service Provider (ISP)|Computer and Information Technology|
23641,Unknown,
23642,Unknown,
23643,Unknown,
23661,ISP,"Computer and Information Technology|Hosting and Cloud Provider|Software Development|Law, Business, and Consulting Services"
23663,Enterprise,"Media, Publishing, and Broadcasting|Law, Business, and Consulting Services|Service|"
4707,Unknown,
138384,ISP,Eyeball|Computer and Information Technology|Phone Provider|Internet Service Provider (ISP)
4714,Unknown,
23720,ISP,Internet Service Provider (ISP)|Computer and Information Technology|
4715,Unknown,
23748,ISP,Internet Service Provider (ISP)|Computer and Information Technology|
4720,Unknown,
132825,ISP,Not Validating RPKI ROV|Internet Service Provider (ISP)|Computer and Information Technology|
23760,ISP,Internet Service Provider (ISP)|Computer and Information Technology|
23761,ISP,Internet Service Provider (ISP)|Computer and Information Technology|
4724,Unknown,
23773,Unknown,
23774,Other,Internet Critical Infra|
23775,Eyeball,Eyeball|Not Validating RPKI ROV|
23776,Other,Not Validating RPKI ROV|
23777,Eyeball,Eyeball|Not Validating RPKI ROV|
23778,Eyeball,Eyeball|Not Validating RPKI ROV|
23779,Unknown,
23780,Eyeball,Eyeball|Not Validating RPKI ROV|
23781,Academic/Edu,Validating RPKI ROV|Academic|
23782,Unknown,
23783,Eyeball,Eyeball|Not Validating RPKI ROV|
23784,Other,Validating RPKI ROV|
23785,Other,Not Validating RPKI ROV|
23786,Eyeball,Eyeball|Not Validating RPKI ROV|
4726,Unknown,
23788,Eyeball,Eyeball|
4728,Unknown,
23790,Unknown,
23791,Eyeball,Eyeball|
23787,Unknown,
23793,Unknown,
23794,Unknown,
23795,Unknown,
23796,Unknown,
23797,Unknown,
23798,Unknown,
23799,Unknown,
23800,Unknown,
23801,Unknown,
23802,Unknown,
23803,Unknown,
23804,Unknown,
23805,Other,Validating RPKI ROV|
23806,Unknown,
23807,Unknown,
23808,Eyeball,Eyeball|Validating RPKI ROV|
23809,Unknown,
23810,Unknown,
4731,Unknown,
23812,Unknown,
23813,Unknown,
23814,Unknown,
23815,Unknown,
23816,Other,Content|Tranco 10k Host|
23817,Unknown,
23818,Unknown,
23811,Unknown,
23820,Enterprise,Tranco 10k Host|Corporate/Enterprise|
23819,Unknown,
23822,Other,Not Validating RPKI ROV|
212238,ISP,Content|Internet Service Provider (ISP)|Computer and Information Technology|Validating RPKI ROV
23824,Unknown,
23821,Unknown,
23826,Other,Not Validating RPKI ROV|
138515,Other,"Service|Social Assistance (Temporary Shelters, Emergency Relief, Child Day Care, etc)|Software Development|Buildings, Repair, Maintenance (Pest Control, Landscaping, Cleaning, Locksmiths, Car Washes, etc)"
23827,Unknown,
23828,Other,Validating RPKI ROV|
23829,Eyeball,Not Validating RPKI ROV|Eyeball|
23830,Unknown,
23831,Other,Not Validating RPKI ROV|
23833,Unknown,
23825,Unknown,
23835,Unknown,
23836,Unknown,
23832,Unknown,
23834,Unknown,
24285,Unknown,
7500,Other,Internet Critical Infra|Validating RPKI ROV|Anycast|
23885,ISP,Internet Service Provider (ISP)|Education and Research|Computer and Information Technology|Manufacturing
7502,Other,Validating RPKI ROV|
7503,Other,Validating RPKI ROV|
7501,Unknown,
7505,Eyeball,Eyeball|Not Validating RPKI ROV|
7506,Eyeball,Eyeball|Not Validating RPKI ROV|Server Hosting|ToR Services
7504,Unknown,
7507,Unknown,
7509,Academic/Edu,Academic|
7508,Unknown,
7511,Eyeball,Eyeball|Validating RPKI ROV|
7512,Unknown,
7513,Other,Validating RPKI ROV|
7514,Other,Tranco 10k Host|Validating RPKI ROV|
7515,Unknown,
7516,Other,Not Validating RPKI ROV|
7517,Other,Not Validating RPKI ROV|
7510,Unknown,
7518,Unknown,
7519,Unknown,
7521,Other,Validating RPKI ROV|
7522,ISP,Eyeball|Validating RPKI ROV|Home ISP|
7523,Unknown,
7524,ISP,Eyeball|Not Validating RPKI ROV|Home ISP|
7520,Unknown,
7526,Unknown,
7527,Other,Validating RPKI ROV|
7525,Unknown,
7529,ISP,Carrier|Not Validating RPKI ROV|Server Hosting|VPN Host
7530,Other,Validating RPKI ROV|
7531,Unknown,
7528,Unknown,
7543,ISP,Internet Service Provider (ISP)|Computer and Information Technology|
23929,ISP,Computer and Information Technology|Internet Service Provider (ISP)|Eyeball|
138632,Academic/Edu,Education and Research|
138652,ISP,Computer and Information Technology|Internet Service Provider (ISP)|
23967,Enterprise,"Media, Publishing, and Broadcasting|Service|Law, Business, and Consulting Services|Music and Video Industry"
7603,ISP,Internet Service Provider (ISP)|Computer and Information Technology|
17795,Other,"Software Development|Service|Buildings, Repair, Maintenance (Pest Control, Landscaping, Cleaning, Locksmiths, Car Washes, etc)|Manufacturing"
138695,ISP,Computer and Information Technology|Internet Service Provider (ISP)|
17801,ISP,Internet Service Provider (ISP)|Computer and Information Technology|
7660,Other,Validating RPKI ROV|
7661,Unknown,
7662,Unknown,
24047,ISP,Community Groups and Nonprofits|Computer and Information Technology|Internet Service Provider (ISP)|Software Development
7663,Other,Validating RPKI ROV|
7664,Eyeball,Eyeball|Validating RPKI ROV|
7665,Other,Not Validating RPKI ROV|
7666,Unknown,
7667,Other,Not Validating RPKI ROV|
7668,Eyeball,Eyeball|Not Validating RPKI ROV|
7669,Unknown,
7670,Eyeball,Eyeball|Not Validating RPKI ROV|
7671,Eyeball,Eyeball|Validating RPKI ROV|Server Hosting|Content Delivery Network
7672,Eyeball,Eyeball|Not Validating RPKI ROV|
7673,Unknown,
7674,Other,Validating RPKI ROV|
24056,ISP,Computer and Information Technology|Internet Service Provider (ISP)|Phone Provider|Service
7676,Eyeball,Eyeball|Validating RPKI ROV|
7677,Other,Validating RPKI ROV|
7678,Other,Validating RPKI ROV|
7679,ISP,Eyeball|Not Validating RPKI ROV|Home ISP|
7675,Unknown,
7682,Other,Not Validating RPKI ROV|
7683,Unknown,
7684,Eyeball,Eyeball|Not Validating RPKI ROV|Server Hosting|ToR Services
7680,Unknown,
7686,Other,Validating RPKI ROV|
7687,Other,Not Validating RPKI ROV|
7688,Unknown,
7681,Unknown,
7690,Eyeball,Eyeball|Not Validating RPKI ROV|
7685,Unknown,
7689,Unknown,
7691,Unknown,
146959,Content/CDN,Hosting and Cloud Provider|Computer and Information Technology|
146968,Unknown,
146969,Unknown,
146970,Unknown,
146971,Unknown,
146972,Unknown,
146973,Unknown,
146974,Unknown,
146975,Unknown,
146976,Unknown,
146977,Unknown,
146978,Unknown,
146979,Academic/Edu,Academic|
146980,Unknown,
146981,Unknown,
146982,Unknown,
146983,Unknown,
146984,Unknown,
146985,Unknown,
146986,Unknown,
146987,Unknown,
24121,Content/CDN,Not Validating RPKI ROV|Hosting and Cloud Provider|Computer and Information Technology|
147035,ISP,Computer and Information Technology|Education and Research|Internet Service Provider (ISP)|
147058,Other,"Retail Stores, Wholesale, and E-commerce Sites|"
24229,ISP,Validating RPKI ROV|Computer and Information Technology|Internet Service Provider (ISP)|Community Groups and Nonprofits
138936,ISP,"Online Informational Content|Government and Public Administration|Internet Service Provider (ISP)|Military, Defense, National Security, and International Affairs"
24248,Other,Not Validating RPKI ROV|
24249,Eyeball,Eyeball|Not Validating RPKI ROV|
24250,Unknown,
24251,Other,Not Validating RPKI ROV|
24252,Other,Internet Critical Infra|
24253,Unknown,
24254,Unknown,
24255,Eyeball,Eyeball|Not Validating RPKI ROV|
24256,Unknown,
24257,Unknown,
24259,Eyeball,Eyeball|Not Validating RPKI ROV|
24260,Unknown,
24261,Academic/Edu,Academic|
24262,Other,Not Validating RPKI ROV|
24263,Unknown,
24264,Other,Not Validating RPKI ROV|
24265,Unknown,
24258,Unknown,
24266,Unknown,
24268,Academic/Edu,Academic|
24267,Unknown,
24270,Unknown,
24271,Eyeball,Eyeball|Not Validating RPKI ROV|
24269,Unknown,
24273,Unknown,
24274,Unknown,
24275,Unknown,
24276,Eyeball,Not Validating RPKI ROV|Eyeball|
24277,Eyeball,Eyeball|Not Validating RPKI ROV|
24278,Unknown,
401111,Unknown,
138968,ISP,Not Validating RPKI ROV|Internet Service Provider (ISP)|Computer and Information Technology|Hosting and Cloud Provider
24279,Other,Not Validating RPKI ROV|
24280,Unknown,
24281,Unknown,
24282,Content/CDN,Tranco 10k Host|Not Validating RPKI ROV|Validating RPKI ROV|Server Hosting
24283,Other,Not Validating RPKI ROV|
24284,Unknown,
24286,Unknown,
24287,Unknown,
24288,Unknown,
24289,Eyeball,Eyeball|Not Validating RPKI ROV|
24290,Eyeball,Not Validating RPKI ROV|Eyeball|
24291,Other,Validating RPKI ROV|
24292,Unknown,
24293,Unknown,
24295,Other,Not Validating RPKI ROV|
24296,Unknown,
24297,Other,Not Validating RPKI ROV|
138986,Other,"Retail Stores, Wholesale, and E-commerce Sites|"
24294,Unknown,
24336,Other,Computer and Information Technology|
139072,Enterprise,"Service|Real Estate (Residential and/or Commercial)|Construction and Real Estate|Law, Business, and Consulting Services"
139076,ISP,Validating RPKI ROV|Computer and Information Technology|Internet Service Provider (ISP)|
212817,Other,Content|
147295,Unknown,
147311,ISP,Computer and Information Technology|Internet Service Provider (ISP)|
24477,Content/CDN,Not Validating RPKI ROV|Hosting and Cloud Provider|Hosting and Cloud Provicer|Computer and Information Technology
24509,ISP,Internet Service Provider (ISP)|Computer and Information Technology|
24512,Other,"Buildings, Repair, Maintenance (Pest Control, Landscaping, Cleaning, Locksmiths, Car Washes, etc)|Service|Retail Stores, Wholesale, and E-commerce Sites|"
139249,Other,Machinery|Manufacturing|
139255,ISP,"Computer and Information Technology|Media, Publishing, and Broadcasting|Music and Video Industry|Phone Provider"
24572,Enterprise,"Content|Law, Business, and Consulting Services|Service|Tranco 10k Host"
